/*
 * Generated from the current Perl checkout's Unicode Character Database. Do not edit manually.
 *
 * Source: IdType.txt
 * © 2025 Unicode®, Inc.
 * Unicode and the Unicode Logo are registered trademarks of Unicode, Inc. in the U.S. and other countries.
 * For terms of use and license, see https://www.unicode.org/terms_of_use.html
 *
 * Source: DCoreProperties.txt
 * © 2025 Unicode®, Inc.
 * Unicode and the Unicode Logo are registered trademarks of Unicode, Inc. in the U.S. and other countries.
 * For terms of use and license, see https://www.unicode.org/terms_of_use.html
 *
 * Source: PropList.txt
 * © 2025 Unicode®, Inc.
 * Unicode and the Unicode Logo are registered trademarks of Unicode, Inc. in the U.S. and other countries.
 * For terms of use and license, see https://www.unicode.org/terms_of_use.html
 *
 * Source: PropValueAliases.txt
 * © 2025 Unicode®, Inc.
 * Unicode and the Unicode Logo are registered trademarks of Unicode, Inc. in the U.S. and other countries.
 * For terms of use and license, see https://www.unicode.org/terms_of_use.html
 *
 * Source: PropertyAliases.txt
 * © 2025 Unicode®, Inc.
 * Unicode and the Unicode Logo are registered trademarks of Unicode, Inc. in the U.S. and other countries.
 * For terms of use and license, see https://www.unicode.org/terms_of_use.html
 *
 * Source: Unikemet.txt
 * © 2025 Unicode®, Inc.
 * Unicode and the Unicode Logo are registered trademarks of Unicode, Inc. in the U.S. and other countries.
 * For terms of use and license, see https://www.unicode.org/terms_of_use.html
 *
 * Source: auxiliary/GraphemeBreakProperty.txt
 * © 2025 Unicode®, Inc.
 * Unicode and the Unicode Logo are registered trademarks of Unicode, Inc. in the U.S. and other countries.
 * For terms of use and license, see https://www.unicode.org/terms_of_use.html
 *
 */
package org.perlonjava.runtime.regex;

import com.ibm.icu.text.UnicodeSet;

final class PerlUnicodeResidualPropertyData {
    static final String UNICODE_VERSION = "17.0.0";
    static final String IDTYPE_TXT_SHA256 = "924ac63faa97ed73420d6ac48d08279d90968c7da0502ab701e08bfbb9683c22";
    static final String DCOREPROPERTIES_TXT_SHA256 = "24c7fed1195c482faaefd5c1e7eb821c5ee1fb6de07ecdbaa64b56a99da22c08";
    static final String PROPLIST_TXT_SHA256 = "130dcddcaadaf071008bdfce1e7743e04fdfbc910886f017d9f9ac931d8c64dd";
    static final String PROPVALUEALIASES_TXT_SHA256 = "670d2bebb48649c04fabfbf033308073dcff47946324a8033237254c048b3b01";
    static final String PROPERTYALIASES_TXT_SHA256 = "4441f573caf952ffece1d7c892e7715bd7136dfc26f96eb6f268bf1e474715fb";
    static final String UNIKEMET_TXT_SHA256 = "76a3081265e6eb673873f9c93d6f36062e82c7ed027c5c1a592accfbe48c20a5";
    static final String AUXILIARY_GRAPHEMEBREAKPROPERTY_TXT_SHA256 = "d6b51d1d2ae5c33b451b7ed994b48f1f4dc62b2272a5831e7fd418514a6bae89";

    private static final String[] GCB_VALUES = {
        "Control", "CR", "E_Base", "E_Base_GAZ", "E_Modifier", "Extend", "Glue_After_Zwj", "L", "LF", "LV", "LVT", "Prepend", "Regional_Indicator", "SpacingMark", "T", "V", "Other", "ZWJ"
    };
    private static final String[] GCB_SHORT_VALUES = {
        "CN", "CR", "EB", "EBG", "EM", "EX", "GAZ", "L", "LF", "LV", "LVT", "PP", "RI", "SM", "T", "V", "XX", "ZWJ"
    };
    private static final String[] GCB_VALUE_ALIASES = {
        "cn", "control", "cr", "eb", "ebase", "ebasegaz", "ebg", "em", "emodifier", "ex", "extend", "gaz", "glueafterzwj", "l", "lf", "lv", "lvt", "other", "pp", "prepend", "regionalindicator", "ri", "sm", "spacingmark", "t", "v", "xx", "zwj"
    };
    private static final byte[] GCB_VALUE_ALIAS_INDEX = {
        0, 0, 1, 2, 2, 3, 3, 4, 4, 5, 5, 6, 6, 7, 8, 9, 10, 16, 11, 11, 12, 12, 13, 13, 14, 15, 16, 17
    };
    private static final String[] GCB_PROPERTY_ALIASES = {
        "gcb", "graphemeclusterbreak"
    };
    private static int[] GCB_ranges_0() {
        return new int[] {
            0x0, 0x9, 0xB, 0xC, 0xE, 0x1F, 0x7F, 0x9F,
            0xAD, 0xAD, 0x61C, 0x61C, 0x180E, 0x180E, 0x200B, 0x200B,
            0x200E, 0x200F, 0x2028, 0x202E, 0x2060, 0x206F, 0xFEFF, 0xFEFF,
            0xFFF0, 0xFFFB, 0x13430, 0x1343F, 0x1BCA0, 0x1BCA3, 0x1D173, 0x1D17A,
            0xE0000, 0xE001F, 0xE0080, 0xE00FF, 0xE01F0, 0xE0FFF,
        };
    }
    private static int[] GCB_ranges_1() {
        return new int[] {
            0xD, 0xD,
        };
    }
    private static int[] GCB_ranges_2() {
        return new int[] {
        };
    }
    private static int[] GCB_ranges_3() {
        return new int[] {
        };
    }
    private static int[] GCB_ranges_4() {
        return new int[] {
        };
    }
    private static int[] GCB_ranges_5() {
        return new int[] {
            0x300, 0x36F, 0x483, 0x489, 0x591, 0x5BD, 0x5BF, 0x5BF,
            0x5C1, 0x5C2, 0x5C4, 0x5C5, 0x5C7, 0x5C7, 0x610, 0x61A,
            0x64B, 0x65F, 0x670, 0x670, 0x6D6, 0x6DC, 0x6DF, 0x6E4,
            0x6E7, 0x6E8, 0x6EA, 0x6ED, 0x711, 0x711, 0x730, 0x74A,
            0x7A6, 0x7B0, 0x7EB, 0x7F3, 0x7FD, 0x7FD, 0x816, 0x819,
            0x81B, 0x823, 0x825, 0x827, 0x829, 0x82D, 0x859, 0x85B,
            0x897, 0x89F, 0x8CA, 0x8E1, 0x8E3, 0x902, 0x93A, 0x93A,
            0x93C, 0x93C, 0x941, 0x948, 0x94D, 0x94D, 0x951, 0x957,
            0x962, 0x963, 0x981, 0x981, 0x9BC, 0x9BC, 0x9BE, 0x9BE,
            0x9C1, 0x9C4, 0x9CD, 0x9CD, 0x9D7, 0x9D7, 0x9E2, 0x9E3,
            0x9FE, 0x9FE, 0xA01, 0xA02, 0xA3C, 0xA3C, 0xA41, 0xA42,
            0xA47, 0xA48, 0xA4B, 0xA4D, 0xA51, 0xA51, 0xA70, 0xA71,
            0xA75, 0xA75, 0xA81, 0xA82, 0xABC, 0xABC, 0xAC1, 0xAC5,
            0xAC7, 0xAC8, 0xACD, 0xACD, 0xAE2, 0xAE3, 0xAFA, 0xAFF,
            0xB01, 0xB01, 0xB3C, 0xB3C, 0xB3E, 0xB3F, 0xB41, 0xB44,
            0xB4D, 0xB4D, 0xB55, 0xB57, 0xB62, 0xB63, 0xB82, 0xB82,
            0xBBE, 0xBBE, 0xBC0, 0xBC0, 0xBCD, 0xBCD, 0xBD7, 0xBD7,
            0xC00, 0xC00, 0xC04, 0xC04, 0xC3C, 0xC3C, 0xC3E, 0xC40,
            0xC46, 0xC48, 0xC4A, 0xC4D, 0xC55, 0xC56, 0xC62, 0xC63,
            0xC81, 0xC81, 0xCBC, 0xCBC, 0xCBF, 0xCC0, 0xCC2, 0xCC2,
            0xCC6, 0xCC8, 0xCCA, 0xCCD, 0xCD5, 0xCD6, 0xCE2, 0xCE3,
            0xD00, 0xD01, 0xD3B, 0xD3C, 0xD3E, 0xD3E, 0xD41, 0xD44,
            0xD4D, 0xD4D, 0xD57, 0xD57, 0xD62, 0xD63, 0xD81, 0xD81,
            0xDCA, 0xDCA, 0xDCF, 0xDCF, 0xDD2, 0xDD4, 0xDD6, 0xDD6,
            0xDDF, 0xDDF, 0xE31, 0xE31, 0xE34, 0xE3A, 0xE47, 0xE4E,
            0xEB1, 0xEB1, 0xEB4, 0xEBC, 0xEC8, 0xECE, 0xF18, 0xF19,
            0xF35, 0xF35, 0xF37, 0xF37, 0xF39, 0xF39, 0xF71, 0xF7E,
            0xF80, 0xF84, 0xF86, 0xF87, 0xF8D, 0xF97, 0xF99, 0xFBC,
            0xFC6, 0xFC6, 0x102D, 0x1030, 0x1032, 0x1037, 0x1039, 0x103A,
            0x103D, 0x103E, 0x1058, 0x1059, 0x105E, 0x1060, 0x1071, 0x1074,
            0x1082, 0x1082, 0x1085, 0x1086, 0x108D, 0x108D, 0x109D, 0x109D,
            0x135D, 0x135F, 0x1712, 0x1715, 0x1732, 0x1734, 0x1752, 0x1753,
            0x1772, 0x1773, 0x17B4, 0x17B5, 0x17B7, 0x17BD, 0x17C6, 0x17C6,
            0x17C9, 0x17D3, 0x17DD, 0x17DD, 0x180B, 0x180D, 0x180F, 0x180F,
            0x1885, 0x1886, 0x18A9, 0x18A9, 0x1920, 0x1922, 0x1927, 0x1928,
            0x1932, 0x1932, 0x1939, 0x193B, 0x1A17, 0x1A18, 0x1A1B, 0x1A1B,
            0x1A56, 0x1A56, 0x1A58, 0x1A5E, 0x1A60, 0x1A60, 0x1A62, 0x1A62,
            0x1A65, 0x1A6C, 0x1A73, 0x1A7C, 0x1A7F, 0x1A7F, 0x1AB0, 0x1ADD,
            0x1AE0, 0x1AEB, 0x1B00, 0x1B03, 0x1B34, 0x1B3D, 0x1B42, 0x1B44,
            0x1B6B, 0x1B73, 0x1B80, 0x1B81, 0x1BA2, 0x1BA5, 0x1BA8, 0x1BAD,
            0x1BE6, 0x1BE6, 0x1BE8, 0x1BE9, 0x1BED, 0x1BED, 0x1BEF, 0x1BF3,
            0x1C2C, 0x1C33, 0x1C36, 0x1C37, 0x1CD0, 0x1CD2, 0x1CD4, 0x1CE0,
            0x1CE2, 0x1CE8, 0x1CED, 0x1CED, 0x1CF4, 0x1CF4, 0x1CF8, 0x1CF9,
            0x1DC0, 0x1DFF, 0x200C, 0x200C, 0x20D0, 0x20F0, 0x2CEF, 0x2CF1,
            0x2D7F, 0x2D7F, 0x2DE0, 0x2DFF, 0x302A, 0x302F, 0x3099, 0x309A,
            0xA66F, 0xA672, 0xA674, 0xA67D, 0xA69E, 0xA69F, 0xA6F0, 0xA6F1,
            0xA802, 0xA802, 0xA806, 0xA806, 0xA80B, 0xA80B, 0xA825, 0xA826,
            0xA82C, 0xA82C, 0xA8C4, 0xA8C5, 0xA8E0, 0xA8F1, 0xA8FF, 0xA8FF,
            0xA926, 0xA92D, 0xA947, 0xA951, 0xA953, 0xA953, 0xA980, 0xA982,
            0xA9B3, 0xA9B3, 0xA9B6, 0xA9B9, 0xA9BC, 0xA9BD, 0xA9C0, 0xA9C0,
            0xA9E5, 0xA9E5, 0xAA29, 0xAA2E, 0xAA31, 0xAA32, 0xAA35, 0xAA36,
            0xAA43, 0xAA43, 0xAA4C, 0xAA4C, 0xAA7C, 0xAA7C, 0xAAB0, 0xAAB0,
            0xAAB2, 0xAAB4, 0xAAB7, 0xAAB8, 0xAABE, 0xAABF, 0xAAC1, 0xAAC1,
            0xAAEC, 0xAAED, 0xAAF6, 0xAAF6, 0xABE5, 0xABE5, 0xABE8, 0xABE8,
            0xABED, 0xABED, 0xFB1E, 0xFB1E, 0xFE00, 0xFE0F, 0xFE20, 0xFE2F,
            0xFF9E, 0xFF9F, 0x101FD, 0x101FD, 0x102E0, 0x102E0, 0x10376, 0x1037A,
            0x10A01, 0x10A03, 0x10A05, 0x10A06, 0x10A0C, 0x10A0F, 0x10A38, 0x10A3A,
            0x10A3F, 0x10A3F, 0x10AE5, 0x10AE6, 0x10D24, 0x10D27, 0x10D69, 0x10D6D,
            0x10EAB, 0x10EAC, 0x10EFA, 0x10EFF, 0x10F46, 0x10F50, 0x10F82, 0x10F85,
            0x11001, 0x11001, 0x11038, 0x11046, 0x11070, 0x11070, 0x11073, 0x11074,
            0x1107F, 0x11081, 0x110B3, 0x110B6, 0x110B9, 0x110BA, 0x110C2, 0x110C2,
            0x11100, 0x11102, 0x11127, 0x1112B, 0x1112D, 0x11134, 0x11173, 0x11173,
            0x11180, 0x11181, 0x111B6, 0x111BE, 0x111C0, 0x111C0, 0x111C9, 0x111CC,
            0x111CF, 0x111CF, 0x1122F, 0x11231, 0x11234, 0x11237, 0x1123E, 0x1123E,
            0x11241, 0x11241, 0x112DF, 0x112DF, 0x112E3, 0x112EA, 0x11300, 0x11301,
            0x1133B, 0x1133C, 0x1133E, 0x1133E, 0x11340, 0x11340, 0x1134D, 0x1134D,
            0x11357, 0x11357, 0x11366, 0x1136C, 0x11370, 0x11374, 0x113B8, 0x113B8,
            0x113BB, 0x113C0, 0x113C2, 0x113C2, 0x113C5, 0x113C5, 0x113C7, 0x113C9,
            0x113CE, 0x113D0, 0x113D2, 0x113D2, 0x113E1, 0x113E2, 0x11438, 0x1143F,
            0x11442, 0x11444, 0x11446, 0x11446, 0x1145E, 0x1145E, 0x114B0, 0x114B0,
            0x114B3, 0x114B8, 0x114BA, 0x114BA, 0x114BD, 0x114BD, 0x114BF, 0x114C0,
            0x114C2, 0x114C3, 0x115AF, 0x115AF, 0x115B2, 0x115B5, 0x115BC, 0x115BD,
            0x115BF, 0x115C0, 0x115DC, 0x115DD, 0x11633, 0x1163A, 0x1163D, 0x1163D,
            0x1163F, 0x11640, 0x116AB, 0x116AB, 0x116AD, 0x116AD, 0x116B0, 0x116B7,
            0x1171D, 0x1171D, 0x1171F, 0x1171F, 0x11722, 0x11725, 0x11727, 0x1172B,
            0x1182F, 0x11837, 0x11839, 0x1183A, 0x11930, 0x11930, 0x1193B, 0x1193E,
            0x11943, 0x11943, 0x119D4, 0x119D7, 0x119DA, 0x119DB, 0x119E0, 0x119E0,
            0x11A01, 0x11A0A, 0x11A33, 0x11A38, 0x11A3B, 0x11A3E, 0x11A47, 0x11A47,
            0x11A51, 0x11A56, 0x11A59, 0x11A5B, 0x11A8A, 0x11A96, 0x11A98, 0x11A99,
            0x11B60, 0x11B60, 0x11B62, 0x11B64, 0x11B66, 0x11B66, 0x11C30, 0x11C36,
            0x11C38, 0x11C3D, 0x11C3F, 0x11C3F, 0x11C92, 0x11CA7, 0x11CAA, 0x11CB0,
            0x11CB2, 0x11CB3, 0x11CB5, 0x11CB6, 0x11D31, 0x11D36, 0x11D3A, 0x11D3A,
            0x11D3C, 0x11D3D, 0x11D3F, 0x11D45, 0x11D47, 0x11D47, 0x11D90, 0x11D91,
            0x11D95, 0x11D95, 0x11D97, 0x11D97, 0x11EF3, 0x11EF4, 0x11F00, 0x11F01,
            0x11F36, 0x11F3A, 0x11F40, 0x11F42, 0x11F5A, 0x11F5A, 0x13440, 0x13440,
            0x13447, 0x13455, 0x1611E, 0x16129, 0x1612D, 0x1612F, 0x16AF0, 0x16AF4,
            0x16B30, 0x16B36, 0x16F4F, 0x16F4F, 0x16F8F, 0x16F92, 0x16FE4, 0x16FE4,
            0x16FF0, 0x16FF1, 0x1BC9D, 0x1BC9E, 0x1CF00, 0x1CF2D, 0x1CF30, 0x1CF46,
            0x1D165, 0x1D169, 0x1D16D, 0x1D172, 0x1D17B, 0x1D182, 0x1D185, 0x1D18B,
            0x1D1AA, 0x1D1AD, 0x1D242, 0x1D244, 0x1DA00, 0x1DA36, 0x1DA3B, 0x1DA6C,
            0x1DA75, 0x1DA75, 0x1DA84, 0x1DA84, 0x1DA9B, 0x1DA9F, 0x1DAA1, 0x1DAAF,
            0x1E000, 0x1E006, 0x1E008, 0x1E018, 0x1E01B, 0x1E021, 0x1E023, 0x1E024,
            0x1E026, 0x1E02A, 0x1E08F, 0x1E08F, 0x1E130, 0x1E136, 0x1E2AE, 0x1E2AE,
            0x1E2EC, 0x1E2EF, 0x1E4EC, 0x1E4EF, 0x1E5EE, 0x1E5EF, 0x1E6E3, 0x1E6E3,
            0x1E6E6, 0x1E6E6, 0x1E6EE, 0x1E6EF, 0x1E6F5, 0x1E6F5, 0x1E8D0, 0x1E8D6,
            0x1E944, 0x1E94A, 0x1F3FB, 0x1F3FF, 0xE0020, 0xE007F, 0xE0100, 0xE01EF,
        };
    }
    private static int[] GCB_ranges_6() {
        return new int[] {
        };
    }
    private static int[] GCB_ranges_7() {
        return new int[] {
            0x1100, 0x115F, 0xA960, 0xA97C,
        };
    }
    private static int[] GCB_ranges_8() {
        return new int[] {
            0xA, 0xA,
        };
    }
    private static int[] GCB_ranges_9() {
        return new int[] {
            0xAC00, 0xAC00, 0xAC1C, 0xAC1C, 0xAC38, 0xAC38, 0xAC54, 0xAC54,
            0xAC70, 0xAC70, 0xAC8C, 0xAC8C, 0xACA8, 0xACA8, 0xACC4, 0xACC4,
            0xACE0, 0xACE0, 0xACFC, 0xACFC, 0xAD18, 0xAD18, 0xAD34, 0xAD34,
            0xAD50, 0xAD50, 0xAD6C, 0xAD6C, 0xAD88, 0xAD88, 0xADA4, 0xADA4,
            0xADC0, 0xADC0, 0xADDC, 0xADDC, 0xADF8, 0xADF8, 0xAE14, 0xAE14,
            0xAE30, 0xAE30, 0xAE4C, 0xAE4C, 0xAE68, 0xAE68, 0xAE84, 0xAE84,
            0xAEA0, 0xAEA0, 0xAEBC, 0xAEBC, 0xAED8, 0xAED8, 0xAEF4, 0xAEF4,
            0xAF10, 0xAF10, 0xAF2C, 0xAF2C, 0xAF48, 0xAF48, 0xAF64, 0xAF64,
            0xAF80, 0xAF80, 0xAF9C, 0xAF9C, 0xAFB8, 0xAFB8, 0xAFD4, 0xAFD4,
            0xAFF0, 0xAFF0, 0xB00C, 0xB00C, 0xB028, 0xB028, 0xB044, 0xB044,
            0xB060, 0xB060, 0xB07C, 0xB07C, 0xB098, 0xB098, 0xB0B4, 0xB0B4,
            0xB0D0, 0xB0D0, 0xB0EC, 0xB0EC, 0xB108, 0xB108, 0xB124, 0xB124,
            0xB140, 0xB140, 0xB15C, 0xB15C, 0xB178, 0xB178, 0xB194, 0xB194,
            0xB1B0, 0xB1B0, 0xB1CC, 0xB1CC, 0xB1E8, 0xB1E8, 0xB204, 0xB204,
            0xB220, 0xB220, 0xB23C, 0xB23C, 0xB258, 0xB258, 0xB274, 0xB274,
            0xB290, 0xB290, 0xB2AC, 0xB2AC, 0xB2C8, 0xB2C8, 0xB2E4, 0xB2E4,
            0xB300, 0xB300, 0xB31C, 0xB31C, 0xB338, 0xB338, 0xB354, 0xB354,
            0xB370, 0xB370, 0xB38C, 0xB38C, 0xB3A8, 0xB3A8, 0xB3C4, 0xB3C4,
            0xB3E0, 0xB3E0, 0xB3FC, 0xB3FC, 0xB418, 0xB418, 0xB434, 0xB434,
            0xB450, 0xB450, 0xB46C, 0xB46C, 0xB488, 0xB488, 0xB4A4, 0xB4A4,
            0xB4C0, 0xB4C0, 0xB4DC, 0xB4DC, 0xB4F8, 0xB4F8, 0xB514, 0xB514,
            0xB530, 0xB530, 0xB54C, 0xB54C, 0xB568, 0xB568, 0xB584, 0xB584,
            0xB5A0, 0xB5A0, 0xB5BC, 0xB5BC, 0xB5D8, 0xB5D8, 0xB5F4, 0xB5F4,
            0xB610, 0xB610, 0xB62C, 0xB62C, 0xB648, 0xB648, 0xB664, 0xB664,
            0xB680, 0xB680, 0xB69C, 0xB69C, 0xB6B8, 0xB6B8, 0xB6D4, 0xB6D4,
            0xB6F0, 0xB6F0, 0xB70C, 0xB70C, 0xB728, 0xB728, 0xB744, 0xB744,
            0xB760, 0xB760, 0xB77C, 0xB77C, 0xB798, 0xB798, 0xB7B4, 0xB7B4,
            0xB7D0, 0xB7D0, 0xB7EC, 0xB7EC, 0xB808, 0xB808, 0xB824, 0xB824,
            0xB840, 0xB840, 0xB85C, 0xB85C, 0xB878, 0xB878, 0xB894, 0xB894,
            0xB8B0, 0xB8B0, 0xB8CC, 0xB8CC, 0xB8E8, 0xB8E8, 0xB904, 0xB904,
            0xB920, 0xB920, 0xB93C, 0xB93C, 0xB958, 0xB958, 0xB974, 0xB974,
            0xB990, 0xB990, 0xB9AC, 0xB9AC, 0xB9C8, 0xB9C8, 0xB9E4, 0xB9E4,
            0xBA00, 0xBA00, 0xBA1C, 0xBA1C, 0xBA38, 0xBA38, 0xBA54, 0xBA54,
            0xBA70, 0xBA70, 0xBA8C, 0xBA8C, 0xBAA8, 0xBAA8, 0xBAC4, 0xBAC4,
            0xBAE0, 0xBAE0, 0xBAFC, 0xBAFC, 0xBB18, 0xBB18, 0xBB34, 0xBB34,
            0xBB50, 0xBB50, 0xBB6C, 0xBB6C, 0xBB88, 0xBB88, 0xBBA4, 0xBBA4,
            0xBBC0, 0xBBC0, 0xBBDC, 0xBBDC, 0xBBF8, 0xBBF8, 0xBC14, 0xBC14,
            0xBC30, 0xBC30, 0xBC4C, 0xBC4C, 0xBC68, 0xBC68, 0xBC84, 0xBC84,
            0xBCA0, 0xBCA0, 0xBCBC, 0xBCBC, 0xBCD8, 0xBCD8, 0xBCF4, 0xBCF4,
            0xBD10, 0xBD10, 0xBD2C, 0xBD2C, 0xBD48, 0xBD48, 0xBD64, 0xBD64,
            0xBD80, 0xBD80, 0xBD9C, 0xBD9C, 0xBDB8, 0xBDB8, 0xBDD4, 0xBDD4,
            0xBDF0, 0xBDF0, 0xBE0C, 0xBE0C, 0xBE28, 0xBE28, 0xBE44, 0xBE44,
            0xBE60, 0xBE60, 0xBE7C, 0xBE7C, 0xBE98, 0xBE98, 0xBEB4, 0xBEB4,
            0xBED0, 0xBED0, 0xBEEC, 0xBEEC, 0xBF08, 0xBF08, 0xBF24, 0xBF24,
            0xBF40, 0xBF40, 0xBF5C, 0xBF5C, 0xBF78, 0xBF78, 0xBF94, 0xBF94,
            0xBFB0, 0xBFB0, 0xBFCC, 0xBFCC, 0xBFE8, 0xBFE8, 0xC004, 0xC004,
            0xC020, 0xC020, 0xC03C, 0xC03C, 0xC058, 0xC058, 0xC074, 0xC074,
            0xC090, 0xC090, 0xC0AC, 0xC0AC, 0xC0C8, 0xC0C8, 0xC0E4, 0xC0E4,
            0xC100, 0xC100, 0xC11C, 0xC11C, 0xC138, 0xC138, 0xC154, 0xC154,
            0xC170, 0xC170, 0xC18C, 0xC18C, 0xC1A8, 0xC1A8, 0xC1C4, 0xC1C4,
            0xC1E0, 0xC1E0, 0xC1FC, 0xC1FC, 0xC218, 0xC218, 0xC234, 0xC234,
            0xC250, 0xC250, 0xC26C, 0xC26C, 0xC288, 0xC288, 0xC2A4, 0xC2A4,
            0xC2C0, 0xC2C0, 0xC2DC, 0xC2DC, 0xC2F8, 0xC2F8, 0xC314, 0xC314,
            0xC330, 0xC330, 0xC34C, 0xC34C, 0xC368, 0xC368, 0xC384, 0xC384,
            0xC3A0, 0xC3A0, 0xC3BC, 0xC3BC, 0xC3D8, 0xC3D8, 0xC3F4, 0xC3F4,
            0xC410, 0xC410, 0xC42C, 0xC42C, 0xC448, 0xC448, 0xC464, 0xC464,
            0xC480, 0xC480, 0xC49C, 0xC49C, 0xC4B8, 0xC4B8, 0xC4D4, 0xC4D4,
            0xC4F0, 0xC4F0, 0xC50C, 0xC50C, 0xC528, 0xC528, 0xC544, 0xC544,
            0xC560, 0xC560, 0xC57C, 0xC57C, 0xC598, 0xC598, 0xC5B4, 0xC5B4,
            0xC5D0, 0xC5D0, 0xC5EC, 0xC5EC, 0xC608, 0xC608, 0xC624, 0xC624,
            0xC640, 0xC640, 0xC65C, 0xC65C, 0xC678, 0xC678, 0xC694, 0xC694,
            0xC6B0, 0xC6B0, 0xC6CC, 0xC6CC, 0xC6E8, 0xC6E8, 0xC704, 0xC704,
            0xC720, 0xC720, 0xC73C, 0xC73C, 0xC758, 0xC758, 0xC774, 0xC774,
            0xC790, 0xC790, 0xC7AC, 0xC7AC, 0xC7C8, 0xC7C8, 0xC7E4, 0xC7E4,
            0xC800, 0xC800, 0xC81C, 0xC81C, 0xC838, 0xC838, 0xC854, 0xC854,
            0xC870, 0xC870, 0xC88C, 0xC88C, 0xC8A8, 0xC8A8, 0xC8C4, 0xC8C4,
            0xC8E0, 0xC8E0, 0xC8FC, 0xC8FC, 0xC918, 0xC918, 0xC934, 0xC934,
            0xC950, 0xC950, 0xC96C, 0xC96C, 0xC988, 0xC988, 0xC9A4, 0xC9A4,
            0xC9C0, 0xC9C0, 0xC9DC, 0xC9DC, 0xC9F8, 0xC9F8, 0xCA14, 0xCA14,
            0xCA30, 0xCA30, 0xCA4C, 0xCA4C, 0xCA68, 0xCA68, 0xCA84, 0xCA84,
            0xCAA0, 0xCAA0, 0xCABC, 0xCABC, 0xCAD8, 0xCAD8, 0xCAF4, 0xCAF4,
            0xCB10, 0xCB10, 0xCB2C, 0xCB2C, 0xCB48, 0xCB48, 0xCB64, 0xCB64,
            0xCB80, 0xCB80, 0xCB9C, 0xCB9C, 0xCBB8, 0xCBB8, 0xCBD4, 0xCBD4,
            0xCBF0, 0xCBF0, 0xCC0C, 0xCC0C, 0xCC28, 0xCC28, 0xCC44, 0xCC44,
            0xCC60, 0xCC60, 0xCC7C, 0xCC7C, 0xCC98, 0xCC98, 0xCCB4, 0xCCB4,
            0xCCD0, 0xCCD0, 0xCCEC, 0xCCEC, 0xCD08, 0xCD08, 0xCD24, 0xCD24,
            0xCD40, 0xCD40, 0xCD5C, 0xCD5C, 0xCD78, 0xCD78, 0xCD94, 0xCD94,
            0xCDB0, 0xCDB0, 0xCDCC, 0xCDCC, 0xCDE8, 0xCDE8, 0xCE04, 0xCE04,
            0xCE20, 0xCE20, 0xCE3C, 0xCE3C, 0xCE58, 0xCE58, 0xCE74, 0xCE74,
            0xCE90, 0xCE90, 0xCEAC, 0xCEAC, 0xCEC8, 0xCEC8, 0xCEE4, 0xCEE4,
            0xCF00, 0xCF00, 0xCF1C, 0xCF1C, 0xCF38, 0xCF38, 0xCF54, 0xCF54,
            0xCF70, 0xCF70, 0xCF8C, 0xCF8C, 0xCFA8, 0xCFA8, 0xCFC4, 0xCFC4,
            0xCFE0, 0xCFE0, 0xCFFC, 0xCFFC, 0xD018, 0xD018, 0xD034, 0xD034,
            0xD050, 0xD050, 0xD06C, 0xD06C, 0xD088, 0xD088, 0xD0A4, 0xD0A4,
            0xD0C0, 0xD0C0, 0xD0DC, 0xD0DC, 0xD0F8, 0xD0F8, 0xD114, 0xD114,
            0xD130, 0xD130, 0xD14C, 0xD14C, 0xD168, 0xD168, 0xD184, 0xD184,
            0xD1A0, 0xD1A0, 0xD1BC, 0xD1BC, 0xD1D8, 0xD1D8, 0xD1F4, 0xD1F4,
            0xD210, 0xD210, 0xD22C, 0xD22C, 0xD248, 0xD248, 0xD264, 0xD264,
            0xD280, 0xD280, 0xD29C, 0xD29C, 0xD2B8, 0xD2B8, 0xD2D4, 0xD2D4,
            0xD2F0, 0xD2F0, 0xD30C, 0xD30C, 0xD328, 0xD328, 0xD344, 0xD344,
            0xD360, 0xD360, 0xD37C, 0xD37C, 0xD398, 0xD398, 0xD3B4, 0xD3B4,
            0xD3D0, 0xD3D0, 0xD3EC, 0xD3EC, 0xD408, 0xD408, 0xD424, 0xD424,
            0xD440, 0xD440, 0xD45C, 0xD45C, 0xD478, 0xD478, 0xD494, 0xD494,
            0xD4B0, 0xD4B0, 0xD4CC, 0xD4CC, 0xD4E8, 0xD4E8, 0xD504, 0xD504,
            0xD520, 0xD520, 0xD53C, 0xD53C, 0xD558, 0xD558, 0xD574, 0xD574,
            0xD590, 0xD590, 0xD5AC, 0xD5AC, 0xD5C8, 0xD5C8, 0xD5E4, 0xD5E4,
            0xD600, 0xD600, 0xD61C, 0xD61C, 0xD638, 0xD638, 0xD654, 0xD654,
            0xD670, 0xD670, 0xD68C, 0xD68C, 0xD6A8, 0xD6A8, 0xD6C4, 0xD6C4,
            0xD6E0, 0xD6E0, 0xD6FC, 0xD6FC, 0xD718, 0xD718, 0xD734, 0xD734,
            0xD750, 0xD750, 0xD76C, 0xD76C, 0xD788, 0xD788,
        };
    }
    private static int[] GCB_ranges_10() {
        return new int[] {
            0xAC01, 0xAC1B, 0xAC1D, 0xAC37, 0xAC39, 0xAC53, 0xAC55, 0xAC6F,
            0xAC71, 0xAC8B, 0xAC8D, 0xACA7, 0xACA9, 0xACC3, 0xACC5, 0xACDF,
            0xACE1, 0xACFB, 0xACFD, 0xAD17, 0xAD19, 0xAD33, 0xAD35, 0xAD4F,
            0xAD51, 0xAD6B, 0xAD6D, 0xAD87, 0xAD89, 0xADA3, 0xADA5, 0xADBF,
            0xADC1, 0xADDB, 0xADDD, 0xADF7, 0xADF9, 0xAE13, 0xAE15, 0xAE2F,
            0xAE31, 0xAE4B, 0xAE4D, 0xAE67, 0xAE69, 0xAE83, 0xAE85, 0xAE9F,
            0xAEA1, 0xAEBB, 0xAEBD, 0xAED7, 0xAED9, 0xAEF3, 0xAEF5, 0xAF0F,
            0xAF11, 0xAF2B, 0xAF2D, 0xAF47, 0xAF49, 0xAF63, 0xAF65, 0xAF7F,
            0xAF81, 0xAF9B, 0xAF9D, 0xAFB7, 0xAFB9, 0xAFD3, 0xAFD5, 0xAFEF,
            0xAFF1, 0xB00B, 0xB00D, 0xB027, 0xB029, 0xB043, 0xB045, 0xB05F,
            0xB061, 0xB07B, 0xB07D, 0xB097, 0xB099, 0xB0B3, 0xB0B5, 0xB0CF,
            0xB0D1, 0xB0EB, 0xB0ED, 0xB107, 0xB109, 0xB123, 0xB125, 0xB13F,
            0xB141, 0xB15B, 0xB15D, 0xB177, 0xB179, 0xB193, 0xB195, 0xB1AF,
            0xB1B1, 0xB1CB, 0xB1CD, 0xB1E7, 0xB1E9, 0xB203, 0xB205, 0xB21F,
            0xB221, 0xB23B, 0xB23D, 0xB257, 0xB259, 0xB273, 0xB275, 0xB28F,
            0xB291, 0xB2AB, 0xB2AD, 0xB2C7, 0xB2C9, 0xB2E3, 0xB2E5, 0xB2FF,
            0xB301, 0xB31B, 0xB31D, 0xB337, 0xB339, 0xB353, 0xB355, 0xB36F,
            0xB371, 0xB38B, 0xB38D, 0xB3A7, 0xB3A9, 0xB3C3, 0xB3C5, 0xB3DF,
            0xB3E1, 0xB3FB, 0xB3FD, 0xB417, 0xB419, 0xB433, 0xB435, 0xB44F,
            0xB451, 0xB46B, 0xB46D, 0xB487, 0xB489, 0xB4A3, 0xB4A5, 0xB4BF,
            0xB4C1, 0xB4DB, 0xB4DD, 0xB4F7, 0xB4F9, 0xB513, 0xB515, 0xB52F,
            0xB531, 0xB54B, 0xB54D, 0xB567, 0xB569, 0xB583, 0xB585, 0xB59F,
            0xB5A1, 0xB5BB, 0xB5BD, 0xB5D7, 0xB5D9, 0xB5F3, 0xB5F5, 0xB60F,
            0xB611, 0xB62B, 0xB62D, 0xB647, 0xB649, 0xB663, 0xB665, 0xB67F,
            0xB681, 0xB69B, 0xB69D, 0xB6B7, 0xB6B9, 0xB6D3, 0xB6D5, 0xB6EF,
            0xB6F1, 0xB70B, 0xB70D, 0xB727, 0xB729, 0xB743, 0xB745, 0xB75F,
            0xB761, 0xB77B, 0xB77D, 0xB797, 0xB799, 0xB7B3, 0xB7B5, 0xB7CF,
            0xB7D1, 0xB7EB, 0xB7ED, 0xB807, 0xB809, 0xB823, 0xB825, 0xB83F,
            0xB841, 0xB85B, 0xB85D, 0xB877, 0xB879, 0xB893, 0xB895, 0xB8AF,
            0xB8B1, 0xB8CB, 0xB8CD, 0xB8E7, 0xB8E9, 0xB903, 0xB905, 0xB91F,
            0xB921, 0xB93B, 0xB93D, 0xB957, 0xB959, 0xB973, 0xB975, 0xB98F,
            0xB991, 0xB9AB, 0xB9AD, 0xB9C7, 0xB9C9, 0xB9E3, 0xB9E5, 0xB9FF,
            0xBA01, 0xBA1B, 0xBA1D, 0xBA37, 0xBA39, 0xBA53, 0xBA55, 0xBA6F,
            0xBA71, 0xBA8B, 0xBA8D, 0xBAA7, 0xBAA9, 0xBAC3, 0xBAC5, 0xBADF,
            0xBAE1, 0xBAFB, 0xBAFD, 0xBB17, 0xBB19, 0xBB33, 0xBB35, 0xBB4F,
            0xBB51, 0xBB6B, 0xBB6D, 0xBB87, 0xBB89, 0xBBA3, 0xBBA5, 0xBBBF,
            0xBBC1, 0xBBDB, 0xBBDD, 0xBBF7, 0xBBF9, 0xBC13, 0xBC15, 0xBC2F,
            0xBC31, 0xBC4B, 0xBC4D, 0xBC67, 0xBC69, 0xBC83, 0xBC85, 0xBC9F,
            0xBCA1, 0xBCBB, 0xBCBD, 0xBCD7, 0xBCD9, 0xBCF3, 0xBCF5, 0xBD0F,
            0xBD11, 0xBD2B, 0xBD2D, 0xBD47, 0xBD49, 0xBD63, 0xBD65, 0xBD7F,
            0xBD81, 0xBD9B, 0xBD9D, 0xBDB7, 0xBDB9, 0xBDD3, 0xBDD5, 0xBDEF,
            0xBDF1, 0xBE0B, 0xBE0D, 0xBE27, 0xBE29, 0xBE43, 0xBE45, 0xBE5F,
            0xBE61, 0xBE7B, 0xBE7D, 0xBE97, 0xBE99, 0xBEB3, 0xBEB5, 0xBECF,
            0xBED1, 0xBEEB, 0xBEED, 0xBF07, 0xBF09, 0xBF23, 0xBF25, 0xBF3F,
            0xBF41, 0xBF5B, 0xBF5D, 0xBF77, 0xBF79, 0xBF93, 0xBF95, 0xBFAF,
            0xBFB1, 0xBFCB, 0xBFCD, 0xBFE7, 0xBFE9, 0xC003, 0xC005, 0xC01F,
            0xC021, 0xC03B, 0xC03D, 0xC057, 0xC059, 0xC073, 0xC075, 0xC08F,
            0xC091, 0xC0AB, 0xC0AD, 0xC0C7, 0xC0C9, 0xC0E3, 0xC0E5, 0xC0FF,
            0xC101, 0xC11B, 0xC11D, 0xC137, 0xC139, 0xC153, 0xC155, 0xC16F,
            0xC171, 0xC18B, 0xC18D, 0xC1A7, 0xC1A9, 0xC1C3, 0xC1C5, 0xC1DF,
            0xC1E1, 0xC1FB, 0xC1FD, 0xC217, 0xC219, 0xC233, 0xC235, 0xC24F,
            0xC251, 0xC26B, 0xC26D, 0xC287, 0xC289, 0xC2A3, 0xC2A5, 0xC2BF,
            0xC2C1, 0xC2DB, 0xC2DD, 0xC2F7, 0xC2F9, 0xC313, 0xC315, 0xC32F,
            0xC331, 0xC34B, 0xC34D, 0xC367, 0xC369, 0xC383, 0xC385, 0xC39F,
            0xC3A1, 0xC3BB, 0xC3BD, 0xC3D7, 0xC3D9, 0xC3F3, 0xC3F5, 0xC40F,
            0xC411, 0xC42B, 0xC42D, 0xC447, 0xC449, 0xC463, 0xC465, 0xC47F,
            0xC481, 0xC49B, 0xC49D, 0xC4B7, 0xC4B9, 0xC4D3, 0xC4D5, 0xC4EF,
            0xC4F1, 0xC50B, 0xC50D, 0xC527, 0xC529, 0xC543, 0xC545, 0xC55F,
            0xC561, 0xC57B, 0xC57D, 0xC597, 0xC599, 0xC5B3, 0xC5B5, 0xC5CF,
            0xC5D1, 0xC5EB, 0xC5ED, 0xC607, 0xC609, 0xC623, 0xC625, 0xC63F,
            0xC641, 0xC65B, 0xC65D, 0xC677, 0xC679, 0xC693, 0xC695, 0xC6AF,
            0xC6B1, 0xC6CB, 0xC6CD, 0xC6E7, 0xC6E9, 0xC703, 0xC705, 0xC71F,
            0xC721, 0xC73B, 0xC73D, 0xC757, 0xC759, 0xC773, 0xC775, 0xC78F,
            0xC791, 0xC7AB, 0xC7AD, 0xC7C7, 0xC7C9, 0xC7E3, 0xC7E5, 0xC7FF,
            0xC801, 0xC81B, 0xC81D, 0xC837, 0xC839, 0xC853, 0xC855, 0xC86F,
            0xC871, 0xC88B, 0xC88D, 0xC8A7, 0xC8A9, 0xC8C3, 0xC8C5, 0xC8DF,
            0xC8E1, 0xC8FB, 0xC8FD, 0xC917, 0xC919, 0xC933, 0xC935, 0xC94F,
            0xC951, 0xC96B, 0xC96D, 0xC987, 0xC989, 0xC9A3, 0xC9A5, 0xC9BF,
            0xC9C1, 0xC9DB, 0xC9DD, 0xC9F7, 0xC9F9, 0xCA13, 0xCA15, 0xCA2F,
            0xCA31, 0xCA4B, 0xCA4D, 0xCA67, 0xCA69, 0xCA83, 0xCA85, 0xCA9F,
            0xCAA1, 0xCABB, 0xCABD, 0xCAD7, 0xCAD9, 0xCAF3, 0xCAF5, 0xCB0F,
            0xCB11, 0xCB2B, 0xCB2D, 0xCB47, 0xCB49, 0xCB63, 0xCB65, 0xCB7F,
            0xCB81, 0xCB9B, 0xCB9D, 0xCBB7, 0xCBB9, 0xCBD3, 0xCBD5, 0xCBEF,
            0xCBF1, 0xCC0B, 0xCC0D, 0xCC27, 0xCC29, 0xCC43, 0xCC45, 0xCC5F,
            0xCC61, 0xCC7B, 0xCC7D, 0xCC97, 0xCC99, 0xCCB3, 0xCCB5, 0xCCCF,
            0xCCD1, 0xCCEB, 0xCCED, 0xCD07, 0xCD09, 0xCD23, 0xCD25, 0xCD3F,
            0xCD41, 0xCD5B, 0xCD5D, 0xCD77, 0xCD79, 0xCD93, 0xCD95, 0xCDAF,
            0xCDB1, 0xCDCB, 0xCDCD, 0xCDE7, 0xCDE9, 0xCE03, 0xCE05, 0xCE1F,
            0xCE21, 0xCE3B, 0xCE3D, 0xCE57, 0xCE59, 0xCE73, 0xCE75, 0xCE8F,
            0xCE91, 0xCEAB, 0xCEAD, 0xCEC7, 0xCEC9, 0xCEE3, 0xCEE5, 0xCEFF,
            0xCF01, 0xCF1B, 0xCF1D, 0xCF37, 0xCF39, 0xCF53, 0xCF55, 0xCF6F,
            0xCF71, 0xCF8B, 0xCF8D, 0xCFA7, 0xCFA9, 0xCFC3, 0xCFC5, 0xCFDF,
            0xCFE1, 0xCFFB, 0xCFFD, 0xD017, 0xD019, 0xD033, 0xD035, 0xD04F,
            0xD051, 0xD06B, 0xD06D, 0xD087, 0xD089, 0xD0A3, 0xD0A5, 0xD0BF,
            0xD0C1, 0xD0DB, 0xD0DD, 0xD0F7, 0xD0F9, 0xD113, 0xD115, 0xD12F,
            0xD131, 0xD14B, 0xD14D, 0xD167, 0xD169, 0xD183, 0xD185, 0xD19F,
            0xD1A1, 0xD1BB, 0xD1BD, 0xD1D7, 0xD1D9, 0xD1F3, 0xD1F5, 0xD20F,
            0xD211, 0xD22B, 0xD22D, 0xD247, 0xD249, 0xD263, 0xD265, 0xD27F,
            0xD281, 0xD29B, 0xD29D, 0xD2B7, 0xD2B9, 0xD2D3, 0xD2D5, 0xD2EF,
            0xD2F1, 0xD30B, 0xD30D, 0xD327, 0xD329, 0xD343, 0xD345, 0xD35F,
            0xD361, 0xD37B, 0xD37D, 0xD397, 0xD399, 0xD3B3, 0xD3B5, 0xD3CF,
            0xD3D1, 0xD3EB, 0xD3ED, 0xD407, 0xD409, 0xD423, 0xD425, 0xD43F,
            0xD441, 0xD45B, 0xD45D, 0xD477, 0xD479, 0xD493, 0xD495, 0xD4AF,
            0xD4B1, 0xD4CB, 0xD4CD, 0xD4E7, 0xD4E9, 0xD503, 0xD505, 0xD51F,
            0xD521, 0xD53B, 0xD53D, 0xD557, 0xD559, 0xD573, 0xD575, 0xD58F,
            0xD591, 0xD5AB, 0xD5AD, 0xD5C7, 0xD5C9, 0xD5E3, 0xD5E5, 0xD5FF,
            0xD601, 0xD61B, 0xD61D, 0xD637, 0xD639, 0xD653, 0xD655, 0xD66F,
            0xD671, 0xD68B, 0xD68D, 0xD6A7, 0xD6A9, 0xD6C3, 0xD6C5, 0xD6DF,
            0xD6E1, 0xD6FB, 0xD6FD, 0xD717, 0xD719, 0xD733, 0xD735, 0xD74F,
            0xD751, 0xD76B, 0xD76D, 0xD787, 0xD789, 0xD7A3,
        };
    }
    private static int[] GCB_ranges_11() {
        return new int[] {
            0x600, 0x605, 0x6DD, 0x6DD, 0x70F, 0x70F, 0x890, 0x891,
            0x8E2, 0x8E2, 0xD4E, 0xD4E, 0x110BD, 0x110BD, 0x110CD, 0x110CD,
            0x111C2, 0x111C3, 0x113D1, 0x113D1, 0x1193F, 0x1193F, 0x11941, 0x11941,
            0x11A84, 0x11A89, 0x11D46, 0x11D46, 0x11F02, 0x11F02,
        };
    }
    private static int[] GCB_ranges_12() {
        return new int[] {
            0x1F1E6, 0x1F1FF,
        };
    }
    private static int[] GCB_ranges_13() {
        return new int[] {
            0x903, 0x903, 0x93B, 0x93B, 0x93E, 0x940, 0x949, 0x94C,
            0x94E, 0x94F, 0x982, 0x983, 0x9BF, 0x9C0, 0x9C7, 0x9C8,
            0x9CB, 0x9CC, 0xA03, 0xA03, 0xA3E, 0xA40, 0xA83, 0xA83,
            0xABE, 0xAC0, 0xAC9, 0xAC9, 0xACB, 0xACC, 0xB02, 0xB03,
            0xB40, 0xB40, 0xB47, 0xB48, 0xB4B, 0xB4C, 0xBBF, 0xBBF,
            0xBC1, 0xBC2, 0xBC6, 0xBC8, 0xBCA, 0xBCC, 0xC01, 0xC03,
            0xC41, 0xC44, 0xC82, 0xC83, 0xCBE, 0xCBE, 0xCC1, 0xCC1,
            0xCC3, 0xCC4, 0xCF3, 0xCF3, 0xD02, 0xD03, 0xD3F, 0xD40,
            0xD46, 0xD48, 0xD4A, 0xD4C, 0xD82, 0xD83, 0xDD0, 0xDD1,
            0xDD8, 0xDDE, 0xDF2, 0xDF3, 0xE33, 0xE33, 0xEB3, 0xEB3,
            0xF3E, 0xF3F, 0xF7F, 0xF7F, 0x1031, 0x1031, 0x103B, 0x103C,
            0x1056, 0x1057, 0x1084, 0x1084, 0x17B6, 0x17B6, 0x17BE, 0x17C5,
            0x17C7, 0x17C8, 0x1923, 0x1926, 0x1929, 0x192B, 0x1930, 0x1931,
            0x1933, 0x1938, 0x1A19, 0x1A1A, 0x1A55, 0x1A55, 0x1A57, 0x1A57,
            0x1A6D, 0x1A72, 0x1B04, 0x1B04, 0x1B3E, 0x1B41, 0x1B82, 0x1B82,
            0x1BA1, 0x1BA1, 0x1BA6, 0x1BA7, 0x1BE7, 0x1BE7, 0x1BEA, 0x1BEC,
            0x1BEE, 0x1BEE, 0x1C24, 0x1C2B, 0x1C34, 0x1C35, 0x1CE1, 0x1CE1,
            0x1CF7, 0x1CF7, 0xA823, 0xA824, 0xA827, 0xA827, 0xA880, 0xA881,
            0xA8B4, 0xA8C3, 0xA952, 0xA952, 0xA983, 0xA983, 0xA9B4, 0xA9B5,
            0xA9BA, 0xA9BB, 0xA9BE, 0xA9BF, 0xAA2F, 0xAA30, 0xAA33, 0xAA34,
            0xAA4D, 0xAA4D, 0xAAEB, 0xAAEB, 0xAAEE, 0xAAEF, 0xAAF5, 0xAAF5,
            0xABE3, 0xABE4, 0xABE6, 0xABE7, 0xABE9, 0xABEA, 0xABEC, 0xABEC,
            0x11000, 0x11000, 0x11002, 0x11002, 0x11082, 0x11082, 0x110B0, 0x110B2,
            0x110B7, 0x110B8, 0x1112C, 0x1112C, 0x11145, 0x11146, 0x11182, 0x11182,
            0x111B3, 0x111B5, 0x111BF, 0x111BF, 0x111CE, 0x111CE, 0x1122C, 0x1122E,
            0x11232, 0x11233, 0x112E0, 0x112E2, 0x11302, 0x11303, 0x1133F, 0x1133F,
            0x11341, 0x11344, 0x11347, 0x11348, 0x1134B, 0x1134C, 0x11362, 0x11363,
            0x113B9, 0x113BA, 0x113CA, 0x113CA, 0x113CC, 0x113CD, 0x11435, 0x11437,
            0x11440, 0x11441, 0x11445, 0x11445, 0x114B1, 0x114B2, 0x114B9, 0x114B9,
            0x114BB, 0x114BC, 0x114BE, 0x114BE, 0x114C1, 0x114C1, 0x115B0, 0x115B1,
            0x115B8, 0x115BB, 0x115BE, 0x115BE, 0x11630, 0x11632, 0x1163B, 0x1163C,
            0x1163E, 0x1163E, 0x116AC, 0x116AC, 0x116AE, 0x116AF, 0x1171E, 0x1171E,
            0x11726, 0x11726, 0x1182C, 0x1182E, 0x11838, 0x11838, 0x11931, 0x11935,
            0x11937, 0x11938, 0x11940, 0x11940, 0x11942, 0x11942, 0x119D1, 0x119D3,
            0x119DC, 0x119DF, 0x119E4, 0x119E4, 0x11A39, 0x11A39, 0x11A57, 0x11A58,
            0x11A97, 0x11A97, 0x11B61, 0x11B61, 0x11B65, 0x11B65, 0x11B67, 0x11B67,
            0x11C2F, 0x11C2F, 0x11C3E, 0x11C3E, 0x11CA9, 0x11CA9, 0x11CB1, 0x11CB1,
            0x11CB4, 0x11CB4, 0x11D8A, 0x11D8E, 0x11D93, 0x11D94, 0x11D96, 0x11D96,
            0x11EF5, 0x11EF6, 0x11F03, 0x11F03, 0x11F34, 0x11F35, 0x11F3E, 0x11F3F,
            0x1612A, 0x1612C, 0x16F51, 0x16F87,
        };
    }
    private static int[] GCB_ranges_14() {
        return new int[] {
            0x11A8, 0x11FF, 0xD7CB, 0xD7FB,
        };
    }
    private static int[] GCB_ranges_15() {
        return new int[] {
            0x1160, 0x11A7, 0xD7B0, 0xD7C6, 0x16D63, 0x16D63, 0x16D67, 0x16D6A,
        };
    }
    private static int[] GCB_ranges_16() {
        return new int[] {
            0x20, 0x7E, 0xA0, 0xAC, 0xAE, 0x2FF, 0x370, 0x482,
            0x48A, 0x590, 0x5BE, 0x5BE, 0x5C0, 0x5C0, 0x5C3, 0x5C3,
            0x5C6, 0x5C6, 0x5C8, 0x5FF, 0x606, 0x60F, 0x61B, 0x61B,
            0x61D, 0x64A, 0x660, 0x66F, 0x671, 0x6D5, 0x6DE, 0x6DE,
            0x6E5, 0x6E6, 0x6E9, 0x6E9, 0x6EE, 0x70E, 0x710, 0x710,
            0x712, 0x72F, 0x74B, 0x7A5, 0x7B1, 0x7EA, 0x7F4, 0x7FC,
            0x7FE, 0x815, 0x81A, 0x81A, 0x824, 0x824, 0x828, 0x828,
            0x82E, 0x858, 0x85C, 0x88F, 0x892, 0x896, 0x8A0, 0x8C9,
            0x904, 0x939, 0x93D, 0x93D, 0x950, 0x950, 0x958, 0x961,
            0x964, 0x980, 0x984, 0x9BB, 0x9BD, 0x9BD, 0x9C5, 0x9C6,
            0x9C9, 0x9CA, 0x9CE, 0x9D6, 0x9D8, 0x9E1, 0x9E4, 0x9FD,
            0x9FF, 0xA00, 0xA04, 0xA3B, 0xA3D, 0xA3D, 0xA43, 0xA46,
            0xA49, 0xA4A, 0xA4E, 0xA50, 0xA52, 0xA6F, 0xA72, 0xA74,
            0xA76, 0xA80, 0xA84, 0xABB, 0xABD, 0xABD, 0xAC6, 0xAC6,
            0xACA, 0xACA, 0xACE, 0xAE1, 0xAE4, 0xAF9, 0xB00, 0xB00,
            0xB04, 0xB3B, 0xB3D, 0xB3D, 0xB45, 0xB46, 0xB49, 0xB4A,
            0xB4E, 0xB54, 0xB58, 0xB61, 0xB64, 0xB81, 0xB83, 0xBBD,
            0xBC3, 0xBC5, 0xBC9, 0xBC9, 0xBCE, 0xBD6, 0xBD8, 0xBFF,
            0xC05, 0xC3B, 0xC3D, 0xC3D, 0xC45, 0xC45, 0xC49, 0xC49,
            0xC4E, 0xC54, 0xC57, 0xC61, 0xC64, 0xC80, 0xC84, 0xCBB,
            0xCBD, 0xCBD, 0xCC5, 0xCC5, 0xCC9, 0xCC9, 0xCCE, 0xCD4,
            0xCD7, 0xCE1, 0xCE4, 0xCF2, 0xCF4, 0xCFF, 0xD04, 0xD3A,
            0xD3D, 0xD3D, 0xD45, 0xD45, 0xD49, 0xD49, 0xD4F, 0xD56,
            0xD58, 0xD61, 0xD64, 0xD80, 0xD84, 0xDC9, 0xDCB, 0xDCE,
            0xDD5, 0xDD5, 0xDD7, 0xDD7, 0xDE0, 0xDF1, 0xDF4, 0xE30,
            0xE32, 0xE32, 0xE3B, 0xE46, 0xE4F, 0xEB0, 0xEB2, 0xEB2,
            0xEBD, 0xEC7, 0xECF, 0xF17, 0xF1A, 0xF34, 0xF36, 0xF36,
            0xF38, 0xF38, 0xF3A, 0xF3D, 0xF40, 0xF70, 0xF85, 0xF85,
            0xF88, 0xF8C, 0xF98, 0xF98, 0xFBD, 0xFC5, 0xFC7, 0x102C,
            0x1038, 0x1038, 0x103F, 0x1055, 0x105A, 0x105D, 0x1061, 0x1070,
            0x1075, 0x1081, 0x1083, 0x1083, 0x1087, 0x108C, 0x108E, 0x109C,
            0x109E, 0x10FF, 0x1200, 0x135C, 0x1360, 0x1711, 0x1716, 0x1731,
            0x1735, 0x1751, 0x1754, 0x1771, 0x1774, 0x17B3, 0x17D4, 0x17DC,
            0x17DE, 0x180A, 0x1810, 0x1884, 0x1887, 0x18A8, 0x18AA, 0x191F,
            0x192C, 0x192F, 0x193C, 0x1A16, 0x1A1C, 0x1A54, 0x1A5F, 0x1A5F,
            0x1A61, 0x1A61, 0x1A63, 0x1A64, 0x1A7D, 0x1A7E, 0x1A80, 0x1AAF,
            0x1ADE, 0x1ADF, 0x1AEC, 0x1AFF, 0x1B05, 0x1B33, 0x1B45, 0x1B6A,
            0x1B74, 0x1B7F, 0x1B83, 0x1BA0, 0x1BAE, 0x1BE5, 0x1BF4, 0x1C23,
            0x1C38, 0x1CCF, 0x1CD3, 0x1CD3, 0x1CE9, 0x1CEC, 0x1CEE, 0x1CF3,
            0x1CF5, 0x1CF6, 0x1CFA, 0x1DBF, 0x1E00, 0x200A, 0x2010, 0x2027,
            0x202F, 0x205F, 0x2070, 0x20CF, 0x20F1, 0x2CEE, 0x2CF2, 0x2D7E,
            0x2D80, 0x2DDF, 0x2E00, 0x3029, 0x3030, 0x3098, 0x309B, 0xA66E,
            0xA673, 0xA673, 0xA67E, 0xA69D, 0xA6A0, 0xA6EF, 0xA6F2, 0xA801,
            0xA803, 0xA805, 0xA807, 0xA80A, 0xA80C, 0xA822, 0xA828, 0xA82B,
            0xA82D, 0xA87F, 0xA882, 0xA8B3, 0xA8C6, 0xA8DF, 0xA8F2, 0xA8FE,
            0xA900, 0xA925, 0xA92E, 0xA946, 0xA954, 0xA95F, 0xA97D, 0xA97F,
            0xA984, 0xA9B2, 0xA9C1, 0xA9E4, 0xA9E6, 0xAA28, 0xAA37, 0xAA42,
            0xAA44, 0xAA4B, 0xAA4E, 0xAA7B, 0xAA7D, 0xAAAF, 0xAAB1, 0xAAB1,
            0xAAB5, 0xAAB6, 0xAAB9, 0xAABD, 0xAAC0, 0xAAC0, 0xAAC2, 0xAAEA,
            0xAAF0, 0xAAF4, 0xAAF7, 0xABE2, 0xABEB, 0xABEB, 0xABEE, 0xABFF,
            0xD7A4, 0xD7AF, 0xD7C7, 0xD7CA, 0xD7FC, 0xFB1D, 0xFB1F, 0xFDFF,
            0xFE10, 0xFE1F, 0xFE30, 0xFEFE, 0xFF00, 0xFF9D, 0xFFA0, 0xFFEF,
            0xFFFC, 0x101FC, 0x101FE, 0x102DF, 0x102E1, 0x10375, 0x1037B, 0x10A00,
            0x10A04, 0x10A04, 0x10A07, 0x10A0B, 0x10A10, 0x10A37, 0x10A3B, 0x10A3E,
            0x10A40, 0x10AE4, 0x10AE7, 0x10D23, 0x10D28, 0x10D68, 0x10D6E, 0x10EAA,
            0x10EAD, 0x10EF9, 0x10F00, 0x10F45, 0x10F51, 0x10F81, 0x10F86, 0x10FFF,
            0x11003, 0x11037, 0x11047, 0x1106F, 0x11071, 0x11072, 0x11075, 0x1107E,
            0x11083, 0x110AF, 0x110BB, 0x110BC, 0x110BE, 0x110C1, 0x110C3, 0x110CC,
            0x110CE, 0x110FF, 0x11103, 0x11126, 0x11135, 0x11144, 0x11147, 0x11172,
            0x11174, 0x1117F, 0x11183, 0x111B2, 0x111C1, 0x111C1, 0x111C4, 0x111C8,
            0x111CD, 0x111CD, 0x111D0, 0x1122B, 0x11238, 0x1123D, 0x1123F, 0x11240,
            0x11242, 0x112DE, 0x112EB, 0x112FF, 0x11304, 0x1133A, 0x1133D, 0x1133D,
            0x11345, 0x11346, 0x11349, 0x1134A, 0x1134E, 0x11356, 0x11358, 0x11361,
            0x11364, 0x11365, 0x1136D, 0x1136F, 0x11375, 0x113B7, 0x113C1, 0x113C1,
            0x113C3, 0x113C4, 0x113C6, 0x113C6, 0x113CB, 0x113CB, 0x113D3, 0x113E0,
            0x113E3, 0x11434, 0x11447, 0x1145D, 0x1145F, 0x114AF, 0x114C4, 0x115AE,
            0x115B6, 0x115B7, 0x115C1, 0x115DB, 0x115DE, 0x1162F, 0x11641, 0x116AA,
            0x116B8, 0x1171C, 0x11720, 0x11721, 0x1172C, 0x1182B, 0x1183B, 0x1192F,
            0x11936, 0x11936, 0x11939, 0x1193A, 0x11944, 0x119D0, 0x119D8, 0x119D9,
            0x119E1, 0x119E3, 0x119E5, 0x11A00, 0x11A0B, 0x11A32, 0x11A3A, 0x11A3A,
            0x11A3F, 0x11A46, 0x11A48, 0x11A50, 0x11A5C, 0x11A83, 0x11A9A, 0x11B5F,
            0x11B68, 0x11C2E, 0x11C37, 0x11C37, 0x11C40, 0x11C91, 0x11CA8, 0x11CA8,
            0x11CB7, 0x11D30, 0x11D37, 0x11D39, 0x11D3B, 0x11D3B, 0x11D3E, 0x11D3E,
            0x11D48, 0x11D89, 0x11D8F, 0x11D8F, 0x11D92, 0x11D92, 0x11D98, 0x11EF2,
            0x11EF7, 0x11EFF, 0x11F04, 0x11F33, 0x11F3B, 0x11F3D, 0x11F43, 0x11F59,
            0x11F5B, 0x1342F, 0x13441, 0x13446, 0x13456, 0x1611D, 0x16130, 0x16AEF,
            0x16AF5, 0x16B2F, 0x16B37, 0x16D62, 0x16D64, 0x16D66, 0x16D6B, 0x16F4E,
            0x16F50, 0x16F50, 0x16F88, 0x16F8E, 0x16F93, 0x16FE3, 0x16FE5, 0x16FEF,
            0x16FF2, 0x1BC9C, 0x1BC9F, 0x1BC9F, 0x1BCA4, 0x1CEFF, 0x1CF2E, 0x1CF2F,
            0x1CF47, 0x1D164, 0x1D16A, 0x1D16C, 0x1D183, 0x1D184, 0x1D18C, 0x1D1A9,
            0x1D1AE, 0x1D241, 0x1D245, 0x1D9FF, 0x1DA37, 0x1DA3A, 0x1DA6D, 0x1DA74,
            0x1DA76, 0x1DA83, 0x1DA85, 0x1DA9A, 0x1DAA0, 0x1DAA0, 0x1DAB0, 0x1DFFF,
            0x1E007, 0x1E007, 0x1E019, 0x1E01A, 0x1E022, 0x1E022, 0x1E025, 0x1E025,
            0x1E02B, 0x1E08E, 0x1E090, 0x1E12F, 0x1E137, 0x1E2AD, 0x1E2AF, 0x1E2EB,
            0x1E2F0, 0x1E4EB, 0x1E4F0, 0x1E5ED, 0x1E5F0, 0x1E6E2, 0x1E6E4, 0x1E6E5,
            0x1E6E7, 0x1E6ED, 0x1E6F0, 0x1E6F4, 0x1E6F6, 0x1E8CF, 0x1E8D7, 0x1E943,
            0x1E94B, 0x1F1E5, 0x1F200, 0x1F3FA, 0x1F400, 0xDFFFF, 0xE1000, 0x10FFFF,
        };
    }
    private static int[] GCB_ranges_17() {
        return new int[] {
            0x200D, 0x200D,
        };
    }
    private static final int[][] GCB_RANGES = {
        GCB_ranges_0(), GCB_ranges_1(), GCB_ranges_2(), GCB_ranges_3(), GCB_ranges_4(), GCB_ranges_5(), GCB_ranges_6(), GCB_ranges_7(), GCB_ranges_8(), GCB_ranges_9(), GCB_ranges_10(), GCB_ranges_11(), GCB_ranges_12(), GCB_ranges_13(), GCB_ranges_14(), GCB_ranges_15(), GCB_ranges_16(), GCB_ranges_17()
    };
    private static final Property GCB = new Property(
            GCB_VALUES, GCB_SHORT_VALUES,
            GCB_VALUE_ALIASES, GCB_VALUE_ALIAS_INDEX,
            GCB_PROPERTY_ALIASES, GCB_RANGES);

    private static final String[] InCB_VALUES = {
        "Consonant", "Extend", "Linker", "None"
    };
    private static final String[] InCB_SHORT_VALUES = {
        "Consonant", "Extend", "Linker", "None"
    };
    private static final String[] InCB_VALUE_ALIASES = {
        "consonant", "extend", "linker", "none"
    };
    private static final byte[] InCB_VALUE_ALIAS_INDEX = {
        0, 1, 2, 3
    };
    private static final String[] InCB_PROPERTY_ALIASES = {
        "incb", "indicconjunctbreak"
    };
    private static int[] InCB_ranges_0() {
        return new int[] {
            0x915, 0x939, 0x958, 0x95F, 0x978, 0x97F, 0x995, 0x9A8,
            0x9AA, 0x9B0, 0x9B2, 0x9B2, 0x9B6, 0x9B9, 0x9DC, 0x9DD,
            0x9DF, 0x9DF, 0x9F0, 0x9F1, 0xA95, 0xAA8, 0xAAA, 0xAB0,
            0xAB2, 0xAB3, 0xAB5, 0xAB9, 0xAF9, 0xAF9, 0xB15, 0xB28,
            0xB2A, 0xB30, 0xB32, 0xB33, 0xB35, 0xB39, 0xB5C, 0xB5D,
            0xB5F, 0xB5F, 0xB71, 0xB71, 0xC15, 0xC28, 0xC2A, 0xC39,
            0xC58, 0xC5A, 0xD15, 0xD3A, 0x1000, 0x102A, 0x103F, 0x103F,
            0x1050, 0x1055, 0x105A, 0x105D, 0x1061, 0x1061, 0x1065, 0x1066,
            0x106E, 0x1070, 0x1075, 0x1081, 0x108E, 0x108E, 0x1780, 0x17B3,
            0x1A20, 0x1A54, 0x1B0B, 0x1B0C, 0x1B13, 0x1B33, 0x1B45, 0x1B4C,
            0x1B83, 0x1BA0, 0x1BAE, 0x1BAF, 0x1BBB, 0x1BBD, 0xA989, 0xA98B,
            0xA98F, 0xA9B2, 0xA9E0, 0xA9E4, 0xA9E7, 0xA9EF, 0xA9FA, 0xA9FE,
            0xAA60, 0xAA6F, 0xAA71, 0xAA73, 0xAA7A, 0xAA7A, 0xAA7E, 0xAA7F,
            0xAAE0, 0xAAEA, 0xABC0, 0xABDA, 0x10A00, 0x10A00, 0x10A10, 0x10A13,
            0x10A15, 0x10A17, 0x10A19, 0x10A35, 0x11103, 0x11126, 0x11144, 0x11144,
            0x11147, 0x11147, 0x11380, 0x11389, 0x1138B, 0x1138B, 0x1138E, 0x1138E,
            0x11390, 0x113B5, 0x11900, 0x11906, 0x11909, 0x11909, 0x1190C, 0x11913,
            0x11915, 0x11916, 0x11918, 0x1192F, 0x11A00, 0x11A00, 0x11A0B, 0x11A32,
            0x11A50, 0x11A50, 0x11A5C, 0x11A83, 0x11F04, 0x11F10, 0x11F12, 0x11F33,
        };
    }
    private static int[] InCB_ranges_1() {
        return new int[] {
            0x300, 0x36F, 0x483, 0x489, 0x591, 0x5BD, 0x5BF, 0x5BF,
            0x5C1, 0x5C2, 0x5C4, 0x5C5, 0x5C7, 0x5C7, 0x610, 0x61A,
            0x64B, 0x65F, 0x670, 0x670, 0x6D6, 0x6DC, 0x6DF, 0x6E4,
            0x6E7, 0x6E8, 0x6EA, 0x6ED, 0x711, 0x711, 0x730, 0x74A,
            0x7A6, 0x7B0, 0x7EB, 0x7F3, 0x7FD, 0x7FD, 0x816, 0x819,
            0x81B, 0x823, 0x825, 0x827, 0x829, 0x82D, 0x859, 0x85B,
            0x897, 0x89F, 0x8CA, 0x8E1, 0x8E3, 0x902, 0x93A, 0x93A,
            0x93C, 0x93C, 0x941, 0x948, 0x951, 0x957, 0x962, 0x963,
            0x981, 0x981, 0x9BC, 0x9BC, 0x9BE, 0x9BE, 0x9C1, 0x9C4,
            0x9D7, 0x9D7, 0x9E2, 0x9E3, 0x9FE, 0x9FE, 0xA01, 0xA02,
            0xA3C, 0xA3C, 0xA41, 0xA42, 0xA47, 0xA48, 0xA4B, 0xA4D,
            0xA51, 0xA51, 0xA70, 0xA71, 0xA75, 0xA75, 0xA81, 0xA82,
            0xABC, 0xABC, 0xAC1, 0xAC5, 0xAC7, 0xAC8, 0xAE2, 0xAE3,
            0xAFA, 0xAFF, 0xB01, 0xB01, 0xB3C, 0xB3C, 0xB3E, 0xB3F,
            0xB41, 0xB44, 0xB55, 0xB57, 0xB62, 0xB63, 0xB82, 0xB82,
            0xBBE, 0xBBE, 0xBC0, 0xBC0, 0xBCD, 0xBCD, 0xBD7, 0xBD7,
            0xC00, 0xC00, 0xC04, 0xC04, 0xC3C, 0xC3C, 0xC3E, 0xC40,
            0xC46, 0xC48, 0xC4A, 0xC4C, 0xC55, 0xC56, 0xC62, 0xC63,
            0xC81, 0xC81, 0xCBC, 0xCBC, 0xCBF, 0xCC0, 0xCC2, 0xCC2,
            0xCC6, 0xCC8, 0xCCA, 0xCCD, 0xCD5, 0xCD6, 0xCE2, 0xCE3,
            0xD00, 0xD01, 0xD3B, 0xD3C, 0xD3E, 0xD3E, 0xD41, 0xD44,
            0xD57, 0xD57, 0xD62, 0xD63, 0xD81, 0xD81, 0xDCA, 0xDCA,
            0xDCF, 0xDCF, 0xDD2, 0xDD4, 0xDD6, 0xDD6, 0xDDF, 0xDDF,
            0xE31, 0xE31, 0xE34, 0xE3A, 0xE47, 0xE4E, 0xEB1, 0xEB1,
            0xEB4, 0xEBC, 0xEC8, 0xECE, 0xF18, 0xF19, 0xF35, 0xF35,
            0xF37, 0xF37, 0xF39, 0xF39, 0xF71, 0xF7E, 0xF80, 0xF84,
            0xF86, 0xF87, 0xF8D, 0xF97, 0xF99, 0xFBC, 0xFC6, 0xFC6,
            0x102D, 0x1030, 0x1032, 0x1037, 0x103A, 0x103A, 0x103D, 0x103E,
            0x1058, 0x1059, 0x105E, 0x1060, 0x1071, 0x1074, 0x1082, 0x1082,
            0x1085, 0x1086, 0x108D, 0x108D, 0x109D, 0x109D, 0x135D, 0x135F,
            0x1712, 0x1715, 0x1732, 0x1734, 0x1752, 0x1753, 0x1772, 0x1773,
            0x17B4, 0x17B5, 0x17B7, 0x17BD, 0x17C6, 0x17C6, 0x17C9, 0x17D1,
            0x17D3, 0x17D3, 0x17DD, 0x17DD, 0x180B, 0x180D, 0x180F, 0x180F,
            0x1885, 0x1886, 0x18A9, 0x18A9, 0x1920, 0x1922, 0x1927, 0x1928,
            0x1932, 0x1932, 0x1939, 0x193B, 0x1A17, 0x1A18, 0x1A1B, 0x1A1B,
            0x1A56, 0x1A56, 0x1A58, 0x1A5E, 0x1A62, 0x1A62, 0x1A65, 0x1A6C,
            0x1A73, 0x1A7C, 0x1A7F, 0x1A7F, 0x1AB0, 0x1ADD, 0x1AE0, 0x1AEB,
            0x1B00, 0x1B03, 0x1B34, 0x1B3D, 0x1B42, 0x1B43, 0x1B6B, 0x1B73,
            0x1B80, 0x1B81, 0x1BA2, 0x1BA5, 0x1BA8, 0x1BAA, 0x1BAC, 0x1BAD,
            0x1BE6, 0x1BE6, 0x1BE8, 0x1BE9, 0x1BED, 0x1BED, 0x1BEF, 0x1BF3,
            0x1C2C, 0x1C33, 0x1C36, 0x1C37, 0x1CD0, 0x1CD2, 0x1CD4, 0x1CE0,
            0x1CE2, 0x1CE8, 0x1CED, 0x1CED, 0x1CF4, 0x1CF4, 0x1CF8, 0x1CF9,
            0x1DC0, 0x1DFF, 0x200D, 0x200D, 0x20D0, 0x20F0, 0x2CEF, 0x2CF1,
            0x2D7F, 0x2D7F, 0x2DE0, 0x2DFF, 0x302A, 0x302F, 0x3099, 0x309A,
            0xA66F, 0xA672, 0xA674, 0xA67D, 0xA69E, 0xA69F, 0xA6F0, 0xA6F1,
            0xA802, 0xA802, 0xA806, 0xA806, 0xA80B, 0xA80B, 0xA825, 0xA826,
            0xA82C, 0xA82C, 0xA8C4, 0xA8C5, 0xA8E0, 0xA8F1, 0xA8FF, 0xA8FF,
            0xA926, 0xA92D, 0xA947, 0xA951, 0xA953, 0xA953, 0xA980, 0xA982,
            0xA9B3, 0xA9B3, 0xA9B6, 0xA9B9, 0xA9BC, 0xA9BD, 0xA9E5, 0xA9E5,
            0xAA29, 0xAA2E, 0xAA31, 0xAA32, 0xAA35, 0xAA36, 0xAA43, 0xAA43,
            0xAA4C, 0xAA4C, 0xAA7C, 0xAA7C, 0xAAB0, 0xAAB0, 0xAAB2, 0xAAB4,
            0xAAB7, 0xAAB8, 0xAABE, 0xAABF, 0xAAC1, 0xAAC1, 0xAAEC, 0xAAED,
            0xABE5, 0xABE5, 0xABE8, 0xABE8, 0xABED, 0xABED, 0xFB1E, 0xFB1E,
            0xFE00, 0xFE0F, 0xFE20, 0xFE2F, 0xFF9E, 0xFF9F, 0x101FD, 0x101FD,
            0x102E0, 0x102E0, 0x10376, 0x1037A, 0x10A01, 0x10A03, 0x10A05, 0x10A06,
            0x10A0C, 0x10A0F, 0x10A38, 0x10A3A, 0x10AE5, 0x10AE6, 0x10D24, 0x10D27,
            0x10D69, 0x10D6D, 0x10EAB, 0x10EAC, 0x10EFA, 0x10EFF, 0x10F46, 0x10F50,
            0x10F82, 0x10F85, 0x11001, 0x11001, 0x11038, 0x11046, 0x11070, 0x11070,
            0x11073, 0x11074, 0x1107F, 0x11081, 0x110B3, 0x110B6, 0x110B9, 0x110BA,
            0x110C2, 0x110C2, 0x11100, 0x11102, 0x11127, 0x1112B, 0x1112D, 0x11132,
            0x11134, 0x11134, 0x11173, 0x11173, 0x11180, 0x11181, 0x111B6, 0x111BE,
            0x111C0, 0x111C0, 0x111C9, 0x111CC, 0x111CF, 0x111CF, 0x1122F, 0x11231,
            0x11234, 0x11237, 0x1123E, 0x1123E, 0x11241, 0x11241, 0x112DF, 0x112DF,
            0x112E3, 0x112EA, 0x11300, 0x11301, 0x1133B, 0x1133C, 0x1133E, 0x1133E,
            0x11340, 0x11340, 0x1134D, 0x1134D, 0x11357, 0x11357, 0x11366, 0x1136C,
            0x11370, 0x11374, 0x113B8, 0x113B8, 0x113BB, 0x113C0, 0x113C2, 0x113C2,
            0x113C5, 0x113C5, 0x113C7, 0x113C9, 0x113CE, 0x113CF, 0x113D2, 0x113D2,
            0x113E1, 0x113E2, 0x11438, 0x1143F, 0x11442, 0x11444, 0x11446, 0x11446,
            0x1145E, 0x1145E, 0x114B0, 0x114B0, 0x114B3, 0x114B8, 0x114BA, 0x114BA,
            0x114BD, 0x114BD, 0x114BF, 0x114C0, 0x114C2, 0x114C3, 0x115AF, 0x115AF,
            0x115B2, 0x115B5, 0x115BC, 0x115BD, 0x115BF, 0x115C0, 0x115DC, 0x115DD,
            0x11633, 0x1163A, 0x1163D, 0x1163D, 0x1163F, 0x11640, 0x116AB, 0x116AB,
            0x116AD, 0x116AD, 0x116B0, 0x116B7, 0x1171D, 0x1171D, 0x1171F, 0x1171F,
            0x11722, 0x11725, 0x11727, 0x1172B, 0x1182F, 0x11837, 0x11839, 0x1183A,
            0x11930, 0x11930, 0x1193B, 0x1193D, 0x11943, 0x11943, 0x119D4, 0x119D7,
            0x119DA, 0x119DB, 0x119E0, 0x119E0, 0x11A01, 0x11A0A, 0x11A33, 0x11A38,
            0x11A3B, 0x11A3E, 0x11A51, 0x11A56, 0x11A59, 0x11A5B, 0x11A8A, 0x11A96,
            0x11A98, 0x11A98, 0x11B60, 0x11B60, 0x11B62, 0x11B64, 0x11B66, 0x11B66,
            0x11C30, 0x11C36, 0x11C38, 0x11C3D, 0x11C3F, 0x11C3F, 0x11C92, 0x11CA7,
            0x11CAA, 0x11CB0, 0x11CB2, 0x11CB3, 0x11CB5, 0x11CB6, 0x11D31, 0x11D36,
            0x11D3A, 0x11D3A, 0x11D3C, 0x11D3D, 0x11D3F, 0x11D45, 0x11D47, 0x11D47,
            0x11D90, 0x11D91, 0x11D95, 0x11D95, 0x11D97, 0x11D97, 0x11EF3, 0x11EF4,
            0x11F00, 0x11F01, 0x11F36, 0x11F3A, 0x11F40, 0x11F41, 0x11F5A, 0x11F5A,
            0x13440, 0x13440, 0x13447, 0x13455, 0x1611E, 0x16129, 0x1612D, 0x1612F,
            0x16AF0, 0x16AF4, 0x16B30, 0x16B36, 0x16F4F, 0x16F4F, 0x16F8F, 0x16F92,
            0x16FE4, 0x16FE4, 0x16FF0, 0x16FF1, 0x1BC9D, 0x1BC9E, 0x1CF00, 0x1CF2D,
            0x1CF30, 0x1CF46, 0x1D165, 0x1D169, 0x1D16D, 0x1D172, 0x1D17B, 0x1D182,
            0x1D185, 0x1D18B, 0x1D1AA, 0x1D1AD, 0x1D242, 0x1D244, 0x1DA00, 0x1DA36,
            0x1DA3B, 0x1DA6C, 0x1DA75, 0x1DA75, 0x1DA84, 0x1DA84, 0x1DA9B, 0x1DA9F,
            0x1DAA1, 0x1DAAF, 0x1E000, 0x1E006, 0x1E008, 0x1E018, 0x1E01B, 0x1E021,
            0x1E023, 0x1E024, 0x1E026, 0x1E02A, 0x1E08F, 0x1E08F, 0x1E130, 0x1E136,
            0x1E2AE, 0x1E2AE, 0x1E2EC, 0x1E2EF, 0x1E4EC, 0x1E4EF, 0x1E5EE, 0x1E5EF,
            0x1E6E3, 0x1E6E3, 0x1E6E6, 0x1E6E6, 0x1E6EE, 0x1E6EF, 0x1E6F5, 0x1E6F5,
            0x1E8D0, 0x1E8D6, 0x1E944, 0x1E94A, 0x1F3FB, 0x1F3FF, 0xE0020, 0xE007F,
            0xE0100, 0xE01EF,
        };
    }
    private static int[] InCB_ranges_2() {
        return new int[] {
            0x94D, 0x94D, 0x9CD, 0x9CD, 0xACD, 0xACD, 0xB4D, 0xB4D,
            0xC4D, 0xC4D, 0xD4D, 0xD4D, 0x1039, 0x1039, 0x17D2, 0x17D2,
            0x1A60, 0x1A60, 0x1B44, 0x1B44, 0x1BAB, 0x1BAB, 0xA9C0, 0xA9C0,
            0xAAF6, 0xAAF6, 0x10A3F, 0x10A3F, 0x11133, 0x11133, 0x113D0, 0x113D0,
            0x1193E, 0x1193E, 0x11A47, 0x11A47, 0x11A99, 0x11A99, 0x11F42, 0x11F42,
        };
    }
    private static int[] InCB_ranges_3() {
        return new int[] {
            0x0, 0x2FF, 0x370, 0x482, 0x48A, 0x590, 0x5BE, 0x5BE,
            0x5C0, 0x5C0, 0x5C3, 0x5C3, 0x5C6, 0x5C6, 0x5C8, 0x60F,
            0x61B, 0x64A, 0x660, 0x66F, 0x671, 0x6D5, 0x6DD, 0x6DE,
            0x6E5, 0x6E6, 0x6E9, 0x6E9, 0x6EE, 0x710, 0x712, 0x72F,
            0x74B, 0x7A5, 0x7B1, 0x7EA, 0x7F4, 0x7FC, 0x7FE, 0x815,
            0x81A, 0x81A, 0x824, 0x824, 0x828, 0x828, 0x82E, 0x858,
            0x85C, 0x896, 0x8A0, 0x8C9, 0x8E2, 0x8E2, 0x903, 0x914,
            0x93B, 0x93B, 0x93D, 0x940, 0x949, 0x94C, 0x94E, 0x950,
            0x960, 0x961, 0x964, 0x977, 0x980, 0x980, 0x982, 0x994,
            0x9A9, 0x9A9, 0x9B1, 0x9B1, 0x9B3, 0x9B5, 0x9BA, 0x9BB,
            0x9BD, 0x9BD, 0x9BF, 0x9C0, 0x9C5, 0x9CC, 0x9CE, 0x9D6,
            0x9D8, 0x9DB, 0x9DE, 0x9DE, 0x9E0, 0x9E1, 0x9E4, 0x9EF,
            0x9F2, 0x9FD, 0x9FF, 0xA00, 0xA03, 0xA3B, 0xA3D, 0xA40,
            0xA43, 0xA46, 0xA49, 0xA4A, 0xA4E, 0xA50, 0xA52, 0xA6F,
            0xA72, 0xA74, 0xA76, 0xA80, 0xA83, 0xA94, 0xAA9, 0xAA9,
            0xAB1, 0xAB1, 0xAB4, 0xAB4, 0xABA, 0xABB, 0xABD, 0xAC0,
            0xAC6, 0xAC6, 0xAC9, 0xACC, 0xACE, 0xAE1, 0xAE4, 0xAF8,
            0xB00, 0xB00, 0xB02, 0xB14, 0xB29, 0xB29, 0xB31, 0xB31,
            0xB34, 0xB34, 0xB3A, 0xB3B, 0xB3D, 0xB3D, 0xB40, 0xB40,
            0xB45, 0xB4C, 0xB4E, 0xB54, 0xB58, 0xB5B, 0xB5E, 0xB5E,
            0xB60, 0xB61, 0xB64, 0xB70, 0xB72, 0xB81, 0xB83, 0xBBD,
            0xBBF, 0xBBF, 0xBC1, 0xBCC, 0xBCE, 0xBD6, 0xBD8, 0xBFF,
            0xC01, 0xC03, 0xC05, 0xC14, 0xC29, 0xC29, 0xC3A, 0xC3B,
            0xC3D, 0xC3D, 0xC41, 0xC45, 0xC49, 0xC49, 0xC4E, 0xC54,
            0xC57, 0xC57, 0xC5B, 0xC61, 0xC64, 0xC80, 0xC82, 0xCBB,
            0xCBD, 0xCBE, 0xCC1, 0xCC1, 0xCC3, 0xCC5, 0xCC9, 0xCC9,
            0xCCE, 0xCD4, 0xCD7, 0xCE1, 0xCE4, 0xCFF, 0xD02, 0xD14,
            0xD3D, 0xD3D, 0xD3F, 0xD40, 0xD45, 0xD4C, 0xD4E, 0xD56,
            0xD58, 0xD61, 0xD64, 0xD80, 0xD82, 0xDC9, 0xDCB, 0xDCE,
            0xDD0, 0xDD1, 0xDD5, 0xDD5, 0xDD7, 0xDDE, 0xDE0, 0xE30,
            0xE32, 0xE33, 0xE3B, 0xE46, 0xE4F, 0xEB0, 0xEB2, 0xEB3,
            0xEBD, 0xEC7, 0xECF, 0xF17, 0xF1A, 0xF34, 0xF36, 0xF36,
            0xF38, 0xF38, 0xF3A, 0xF70, 0xF7F, 0xF7F, 0xF85, 0xF85,
            0xF88, 0xF8C, 0xF98, 0xF98, 0xFBD, 0xFC5, 0xFC7, 0xFFF,
            0x102B, 0x102C, 0x1031, 0x1031, 0x1038, 0x1038, 0x103B, 0x103C,
            0x1040, 0x104F, 0x1056, 0x1057, 0x1062, 0x1064, 0x1067, 0x106D,
            0x1083, 0x1084, 0x1087, 0x108C, 0x108F, 0x109C, 0x109E, 0x135C,
            0x1360, 0x1711, 0x1716, 0x1731, 0x1735, 0x1751, 0x1754, 0x1771,
            0x1774, 0x177F, 0x17B6, 0x17B6, 0x17BE, 0x17C5, 0x17C7, 0x17C8,
            0x17D4, 0x17DC, 0x17DE, 0x180A, 0x180E, 0x180E, 0x1810, 0x1884,
            0x1887, 0x18A8, 0x18AA, 0x191F, 0x1923, 0x1926, 0x1929, 0x1931,
            0x1933, 0x1938, 0x193C, 0x1A16, 0x1A19, 0x1A1A, 0x1A1C, 0x1A1F,
            0x1A55, 0x1A55, 0x1A57, 0x1A57, 0x1A5F, 0x1A5F, 0x1A61, 0x1A61,
            0x1A63, 0x1A64, 0x1A6D, 0x1A72, 0x1A7D, 0x1A7E, 0x1A80, 0x1AAF,
            0x1ADE, 0x1ADF, 0x1AEC, 0x1AFF, 0x1B04, 0x1B0A, 0x1B0D, 0x1B12,
            0x1B3E, 0x1B41, 0x1B4D, 0x1B6A, 0x1B74, 0x1B7F, 0x1B82, 0x1B82,
            0x1BA1, 0x1BA1, 0x1BA6, 0x1BA7, 0x1BB0, 0x1BBA, 0x1BBE, 0x1BE5,
            0x1BE7, 0x1BE7, 0x1BEA, 0x1BEC, 0x1BEE, 0x1BEE, 0x1BF4, 0x1C2B,
            0x1C34, 0x1C35, 0x1C38, 0x1CCF, 0x1CD3, 0x1CD3, 0x1CE1, 0x1CE1,
            0x1CE9, 0x1CEC, 0x1CEE, 0x1CF3, 0x1CF5, 0x1CF7, 0x1CFA, 0x1DBF,
            0x1E00, 0x200C, 0x200E, 0x20CF, 0x20F1, 0x2CEE, 0x2CF2, 0x2D7E,
            0x2D80, 0x2DDF, 0x2E00, 0x3029, 0x3030, 0x3098, 0x309B, 0xA66E,
            0xA673, 0xA673, 0xA67E, 0xA69D, 0xA6A0, 0xA6EF, 0xA6F2, 0xA801,
            0xA803, 0xA805, 0xA807, 0xA80A, 0xA80C, 0xA824, 0xA827, 0xA82B,
            0xA82D, 0xA8C3, 0xA8C6, 0xA8DF, 0xA8F2, 0xA8FE, 0xA900, 0xA925,
            0xA92E, 0xA946, 0xA952, 0xA952, 0xA954, 0xA97F, 0xA983, 0xA988,
            0xA98C, 0xA98E, 0xA9B4, 0xA9B5, 0xA9BA, 0xA9BB, 0xA9BE, 0xA9BF,
            0xA9C1, 0xA9DF, 0xA9E6, 0xA9E6, 0xA9F0, 0xA9F9, 0xA9FF, 0xAA28,
            0xAA2F, 0xAA30, 0xAA33, 0xAA34, 0xAA37, 0xAA42, 0xAA44, 0xAA4B,
            0xAA4D, 0xAA5F, 0xAA70, 0xAA70, 0xAA74, 0xAA79, 0xAA7B, 0xAA7B,
            0xAA7D, 0xAA7D, 0xAA80, 0xAAAF, 0xAAB1, 0xAAB1, 0xAAB5, 0xAAB6,
            0xAAB9, 0xAABD, 0xAAC0, 0xAAC0, 0xAAC2, 0xAADF, 0xAAEB, 0xAAEB,
            0xAAEE, 0xAAF5, 0xAAF7, 0xABBF, 0xABDB, 0xABE4, 0xABE6, 0xABE7,
            0xABE9, 0xABEC, 0xABEE, 0xFB1D, 0xFB1F, 0xFDFF, 0xFE10, 0xFE1F,
            0xFE30, 0xFF9D, 0xFFA0, 0x101FC, 0x101FE, 0x102DF, 0x102E1, 0x10375,
            0x1037B, 0x109FF, 0x10A04, 0x10A04, 0x10A07, 0x10A0B, 0x10A14, 0x10A14,
            0x10A18, 0x10A18, 0x10A36, 0x10A37, 0x10A3B, 0x10A3E, 0x10A40, 0x10AE4,
            0x10AE7, 0x10D23, 0x10D28, 0x10D68, 0x10D6E, 0x10EAA, 0x10EAD, 0x10EF9,
            0x10F00, 0x10F45, 0x10F51, 0x10F81, 0x10F86, 0x11000, 0x11002, 0x11037,
            0x11047, 0x1106F, 0x11071, 0x11072, 0x11075, 0x1107E, 0x11082, 0x110B2,
            0x110B7, 0x110B8, 0x110BB, 0x110C1, 0x110C3, 0x110FF, 0x1112C, 0x1112C,
            0x11135, 0x11143, 0x11145, 0x11146, 0x11148, 0x11172, 0x11174, 0x1117F,
            0x11182, 0x111B5, 0x111BF, 0x111BF, 0x111C1, 0x111C8, 0x111CD, 0x111CE,
            0x111D0, 0x1122E, 0x11232, 0x11233, 0x11238, 0x1123D, 0x1123F, 0x11240,
            0x11242, 0x112DE, 0x112E0, 0x112E2, 0x112EB, 0x112FF, 0x11302, 0x1133A,
            0x1133D, 0x1133D, 0x1133F, 0x1133F, 0x11341, 0x1134C, 0x1134E, 0x11356,
            0x11358, 0x11365, 0x1136D, 0x1136F, 0x11375, 0x1137F, 0x1138A, 0x1138A,
            0x1138C, 0x1138D, 0x1138F, 0x1138F, 0x113B6, 0x113B7, 0x113B9, 0x113BA,
            0x113C1, 0x113C1, 0x113C3, 0x113C4, 0x113C6, 0x113C6, 0x113CA, 0x113CD,
            0x113D1, 0x113D1, 0x113D3, 0x113E0, 0x113E3, 0x11437, 0x11440, 0x11441,
            0x11445, 0x11445, 0x11447, 0x1145D, 0x1145F, 0x114AF, 0x114B1, 0x114B2,
            0x114B9, 0x114B9, 0x114BB, 0x114BC, 0x114BE, 0x114BE, 0x114C1, 0x114C1,
            0x114C4, 0x115AE, 0x115B0, 0x115B1, 0x115B6, 0x115BB, 0x115BE, 0x115BE,
            0x115C1, 0x115DB, 0x115DE, 0x11632, 0x1163B, 0x1163C, 0x1163E, 0x1163E,
            0x11641, 0x116AA, 0x116AC, 0x116AC, 0x116AE, 0x116AF, 0x116B8, 0x1171C,
            0x1171E, 0x1171E, 0x11720, 0x11721, 0x11726, 0x11726, 0x1172C, 0x1182E,
            0x11838, 0x11838, 0x1183B, 0x118FF, 0x11907, 0x11908, 0x1190A, 0x1190B,
            0x11914, 0x11914, 0x11917, 0x11917, 0x11931, 0x1193A, 0x1193F, 0x11942,
            0x11944, 0x119D3, 0x119D8, 0x119D9, 0x119DC, 0x119DF, 0x119E1, 0x119FF,
            0x11A39, 0x11A3A, 0x11A3F, 0x11A46, 0x11A48, 0x11A4F, 0x11A57, 0x11A58,
            0x11A84, 0x11A89, 0x11A97, 0x11A97, 0x11A9A, 0x11B5F, 0x11B61, 0x11B61,
            0x11B65, 0x11B65, 0x11B67, 0x11C2F, 0x11C37, 0x11C37, 0x11C3E, 0x11C3E,
            0x11C40, 0x11C91, 0x11CA8, 0x11CA9, 0x11CB1, 0x11CB1, 0x11CB4, 0x11CB4,
            0x11CB7, 0x11D30, 0x11D37, 0x11D39, 0x11D3B, 0x11D3B, 0x11D3E, 0x11D3E,
            0x11D46, 0x11D46, 0x11D48, 0x11D8F, 0x11D92, 0x11D94, 0x11D96, 0x11D96,
            0x11D98, 0x11EF2, 0x11EF5, 0x11EFF, 0x11F02, 0x11F03, 0x11F11, 0x11F11,
            0x11F34, 0x11F35, 0x11F3B, 0x11F3F, 0x11F43, 0x11F59, 0x11F5B, 0x1343F,
            0x13441, 0x13446, 0x13456, 0x1611D, 0x1612A, 0x1612C, 0x16130, 0x16AEF,
            0x16AF5, 0x16B2F, 0x16B37, 0x16F4E, 0x16F50, 0x16F8E, 0x16F93, 0x16FE3,
            0x16FE5, 0x16FEF, 0x16FF2, 0x1BC9C, 0x1BC9F, 0x1CEFF, 0x1CF2E, 0x1CF2F,
            0x1CF47, 0x1D164, 0x1D16A, 0x1D16C, 0x1D173, 0x1D17A, 0x1D183, 0x1D184,
            0x1D18C, 0x1D1A9, 0x1D1AE, 0x1D241, 0x1D245, 0x1D9FF, 0x1DA37, 0x1DA3A,
            0x1DA6D, 0x1DA74, 0x1DA76, 0x1DA83, 0x1DA85, 0x1DA9A, 0x1DAA0, 0x1DAA0,
            0x1DAB0, 0x1DFFF, 0x1E007, 0x1E007, 0x1E019, 0x1E01A, 0x1E022, 0x1E022,
            0x1E025, 0x1E025, 0x1E02B, 0x1E08E, 0x1E090, 0x1E12F, 0x1E137, 0x1E2AD,
            0x1E2AF, 0x1E2EB, 0x1E2F0, 0x1E4EB, 0x1E4F0, 0x1E5ED, 0x1E5F0, 0x1E6E2,
            0x1E6E4, 0x1E6E5, 0x1E6E7, 0x1E6ED, 0x1E6F0, 0x1E6F4, 0x1E6F6, 0x1E8CF,
            0x1E8D7, 0x1E943, 0x1E94B, 0x1F3FA, 0x1F400, 0xE001F, 0xE0080, 0xE00FF,
            0xE01F0, 0x10FFFF,
        };
    }
    private static final int[][] InCB_RANGES = {
        InCB_ranges_0(), InCB_ranges_1(), InCB_ranges_2(), InCB_ranges_3()
    };
    private static final Property InCB = new Property(
            InCB_VALUES, InCB_SHORT_VALUES,
            InCB_VALUE_ALIASES, InCB_VALUE_ALIAS_INDEX,
            InCB_PROPERTY_ALIASES, InCB_RANGES);

    private static final String[] IDTYPE_VALUES = {
        "Not_Character", "Deprecated", "Default_Ignorable", "Not_NFKC", "Not_XID", "Exclusion", "Obsolete", "Technical", "Uncommon_Use", "Limited_Use", "Inclusion", "Recommended"
    };
    private static final String[] IDTYPE_SHORT_VALUES = {
        "Not_Character", "Deprecated", "Default_Ignorable", "Not_NFKC", "Not_XID", "Exclusion", "Obsolete", "Technical", "Uncommon_Use", "Limited_Use", "Inclusion", "Recommended"
    };
    private static final String[] IDTYPE_VALUE_ALIASES = {
        "defaultignorable", "deprecated", "exclusion", "inclusion", "limiteduse", "notcharacter", "notnfkc", "notxid", "obsolete", "recommended", "technical", "uncommonuse"
    };
    private static final byte[] IDTYPE_VALUE_ALIAS_INDEX = {
        2, 1, 5, 10, 9, 0, 3, 4, 6, 11, 7, 8
    };
    private static final String[] IDTYPE_PROPERTY_ALIASES = {
        "identifiertype", "idtype"
    };
    private static int[] IDTYPE_ranges_0() {
        return new int[] {
            0x0, 0x8, 0xE, 0x1F, 0x7F, 0x84, 0x86, 0x9F,
            0x378, 0x379, 0x380, 0x383, 0x38B, 0x38B, 0x38D, 0x38D,
            0x3A2, 0x3A2, 0x530, 0x530, 0x557, 0x558, 0x58B, 0x58C,
            0x590, 0x590, 0x5C8, 0x5CF, 0x5EB, 0x5EE, 0x5F5, 0x5FF,
            0x70E, 0x70E, 0x74B, 0x74C, 0x7B2, 0x7BF, 0x7FB, 0x7FC,
            0x82E, 0x82F, 0x83F, 0x83F, 0x85C, 0x85D, 0x85F, 0x85F,
            0x86B, 0x86F, 0x892, 0x896, 0x984, 0x984, 0x98D, 0x98E,
            0x991, 0x992, 0x9A9, 0x9A9, 0x9B1, 0x9B1, 0x9B3, 0x9B5,
            0x9BA, 0x9BB, 0x9C5, 0x9C6, 0x9C9, 0x9CA, 0x9CF, 0x9D6,
            0x9D8, 0x9DB, 0x9DE, 0x9DE, 0x9E4, 0x9E5, 0x9FF, 0xA00,
            0xA04, 0xA04, 0xA0B, 0xA0E, 0xA11, 0xA12, 0xA29, 0xA29,
            0xA31, 0xA31, 0xA34, 0xA34, 0xA37, 0xA37, 0xA3A, 0xA3B,
            0xA3D, 0xA3D, 0xA43, 0xA46, 0xA49, 0xA4A, 0xA4E, 0xA50,
            0xA52, 0xA58, 0xA5D, 0xA5D, 0xA5F, 0xA65, 0xA77, 0xA80,
            0xA84, 0xA84, 0xA8E, 0xA8E, 0xA92, 0xA92, 0xAA9, 0xAA9,
            0xAB1, 0xAB1, 0xAB4, 0xAB4, 0xABA, 0xABB, 0xAC6, 0xAC6,
            0xACA, 0xACA, 0xACE, 0xACF, 0xAD1, 0xADF, 0xAE4, 0xAE5,
            0xAF2, 0xAF8, 0xB00, 0xB00, 0xB04, 0xB04, 0xB0D, 0xB0E,
            0xB11, 0xB12, 0xB29, 0xB29, 0xB31, 0xB31, 0xB34, 0xB34,
            0xB3A, 0xB3B, 0xB45, 0xB46, 0xB49, 0xB4A, 0xB4E, 0xB54,
            0xB58, 0xB5B, 0xB5E, 0xB5E, 0xB64, 0xB65, 0xB78, 0xB81,
            0xB84, 0xB84, 0xB8B, 0xB8D, 0xB91, 0xB91, 0xB96, 0xB98,
            0xB9B, 0xB9B, 0xB9D, 0xB9D, 0xBA0, 0xBA2, 0xBA5, 0xBA7,
            0xBAB, 0xBAD, 0xBBA, 0xBBD, 0xBC3, 0xBC5, 0xBC9, 0xBC9,
            0xBCE, 0xBCF, 0xBD1, 0xBD6, 0xBD8, 0xBE5, 0xBFB, 0xBFF,
            0xC0D, 0xC0D, 0xC11, 0xC11, 0xC29, 0xC29, 0xC3A, 0xC3B,
            0xC45, 0xC45, 0xC49, 0xC49, 0xC4E, 0xC54, 0xC57, 0xC57,
            0xC5B, 0xC5B, 0xC5E, 0xC5F, 0xC64, 0xC65, 0xC70, 0xC76,
            0xC8D, 0xC8D, 0xC91, 0xC91, 0xCA9, 0xCA9, 0xCB4, 0xCB4,
            0xCBA, 0xCBB, 0xCC5, 0xCC5, 0xCC9, 0xCC9, 0xCCE, 0xCD4,
            0xCD7, 0xCDB, 0xCDF, 0xCDF, 0xCE4, 0xCE5, 0xCF0, 0xCF0,
            0xCF4, 0xCFF, 0xD0D, 0xD0D, 0xD11, 0xD11, 0xD45, 0xD45,
            0xD49, 0xD49, 0xD50, 0xD53, 0xD64, 0xD65, 0xD80, 0xD80,
            0xD84, 0xD84, 0xD97, 0xD99, 0xDB2, 0xDB2, 0xDBC, 0xDBC,
            0xDBE, 0xDBF, 0xDC7, 0xDC9, 0xDCB, 0xDCE, 0xDD5, 0xDD5,
            0xDD7, 0xDD7, 0xDE0, 0xDE5, 0xDF0, 0xDF1, 0xDF5, 0xE00,
            0xE3B, 0xE3E, 0xE5C, 0xE80, 0xE83, 0xE83, 0xE85, 0xE85,
            0xE8B, 0xE8B, 0xEA4, 0xEA4, 0xEA6, 0xEA6, 0xEBE, 0xEBF,
            0xEC5, 0xEC5, 0xEC7, 0xEC7, 0xECF, 0xECF, 0xEDA, 0xEDB,
            0xEE0, 0xEFF, 0xF48, 0xF48, 0xF6D, 0xF70, 0xF98, 0xF98,
            0xFBD, 0xFBD, 0xFCD, 0xFCD, 0xFDB, 0xFFF, 0x10C6, 0x10C6,
            0x10C8, 0x10CC, 0x10CE, 0x10CF, 0x1249, 0x1249, 0x124E, 0x124F,
            0x1257, 0x1257, 0x1259, 0x1259, 0x125E, 0x125F, 0x1289, 0x1289,
            0x128E, 0x128F, 0x12B1, 0x12B1, 0x12B6, 0x12B7, 0x12BF, 0x12BF,
            0x12C1, 0x12C1, 0x12C6, 0x12C7, 0x12D7, 0x12D7, 0x1311, 0x1311,
            0x1316, 0x1317, 0x135B, 0x135C, 0x137D, 0x137F, 0x139A, 0x139F,
            0x13F6, 0x13F7, 0x13FE, 0x13FF, 0x169D, 0x169F, 0x16F9, 0x16FF,
            0x1716, 0x171E, 0x1737, 0x173F, 0x1754, 0x175F, 0x176D, 0x176D,
            0x1771, 0x1771, 0x1774, 0x177F, 0x17DE, 0x17DF, 0x17EA, 0x17EF,
            0x17FA, 0x17FF, 0x181A, 0x181F, 0x1879, 0x187F, 0x18AB, 0x18AF,
            0x18F6, 0x18FF, 0x191F, 0x191F, 0x192C, 0x192F, 0x193C, 0x193F,
            0x1941, 0x1943, 0x196E, 0x196F, 0x1975, 0x197F, 0x19AC, 0x19AF,
            0x19CA, 0x19CF, 0x19DB, 0x19DD, 0x1A1C, 0x1A1D, 0x1A5F, 0x1A5F,
            0x1A7D, 0x1A7E, 0x1A8A, 0x1A8F, 0x1A9A, 0x1A9F, 0x1AAE, 0x1AAF,
            0x1ADE, 0x1ADF, 0x1AEC, 0x1AFF, 0x1B4D, 0x1B4D, 0x1BF4, 0x1BFB,
            0x1C38, 0x1C3A, 0x1C4A, 0x1C4C, 0x1C8B, 0x1C8F, 0x1CBB, 0x1CBC,
            0x1CC8, 0x1CCF, 0x1CFB, 0x1CFF, 0x1F16, 0x1F17, 0x1F1E, 0x1F1F,
            0x1F46, 0x1F47, 0x1F4E, 0x1F4F, 0x1F58, 0x1F58, 0x1F5A, 0x1F5A,
            0x1F5C, 0x1F5C, 0x1F5E, 0x1F5E, 0x1F7E, 0x1F7F, 0x1FB5, 0x1FB5,
            0x1FC5, 0x1FC5, 0x1FD4, 0x1FD5, 0x1FDC, 0x1FDC, 0x1FF0, 0x1FF1,
            0x1FF5, 0x1FF5, 0x1FFF, 0x1FFF, 0x2065, 0x2065, 0x2072, 0x2073,
            0x208F, 0x208F, 0x209D, 0x209F, 0x20C2, 0x20CF, 0x20F1, 0x20FF,
            0x218C, 0x218F, 0x242A, 0x243F, 0x244B, 0x245F, 0x2B74, 0x2B75,
            0x2CF4, 0x2CF8, 0x2D26, 0x2D26, 0x2D28, 0x2D2C, 0x2D2E, 0x2D2F,
            0x2D68, 0x2D6E, 0x2D71, 0x2D7E, 0x2D97, 0x2D9F, 0x2DA7, 0x2DA7,
            0x2DAF, 0x2DAF, 0x2DB7, 0x2DB7, 0x2DBF, 0x2DBF, 0x2DC7, 0x2DC7,
            0x2DCF, 0x2DCF, 0x2DD7, 0x2DD7, 0x2DDF, 0x2DDF, 0x2E5E, 0x2E7F,
            0x2E9A, 0x2E9A, 0x2EF4, 0x2EFF, 0x2FD6, 0x2FEF, 0x3040, 0x3040,
            0x3097, 0x3098, 0x3100, 0x3104, 0x3130, 0x3130, 0x318F, 0x318F,
            0x31E6, 0x31EE, 0x321F, 0x321F, 0xA48D, 0xA48F, 0xA4C7, 0xA4CF,
            0xA62C, 0xA63F, 0xA6F8, 0xA6FF, 0xA7DD, 0xA7F0, 0xA82D, 0xA82F,
            0xA83A, 0xA83F, 0xA878, 0xA87F, 0xA8C6, 0xA8CD, 0xA8DA, 0xA8DF,
            0xA954, 0xA95E, 0xA97D, 0xA97F, 0xA9CE, 0xA9CE, 0xA9DA, 0xA9DD,
            0xA9FF, 0xA9FF, 0xAA37, 0xAA3F, 0xAA4E, 0xAA4F, 0xAA5A, 0xAA5B,
            0xAAC3, 0xAADA, 0xAAF7, 0xAB00, 0xAB07, 0xAB08, 0xAB0F, 0xAB10,
            0xAB17, 0xAB1F, 0xAB27, 0xAB27, 0xAB2F, 0xAB2F, 0xAB6C, 0xAB6F,
            0xABEE, 0xABEF, 0xABFA, 0xABFF, 0xD7A4, 0xD7AF, 0xD7C7, 0xD7CA,
            0xD7FC, 0xF8FF, 0xFA6E, 0xFA6F, 0xFADA, 0xFAFF, 0xFB07, 0xFB12,
            0xFB18, 0xFB1C, 0xFB37, 0xFB37, 0xFB3D, 0xFB3D, 0xFB3F, 0xFB3F,
            0xFB42, 0xFB42, 0xFB45, 0xFB45, 0xFDD0, 0xFDEF, 0xFE1A, 0xFE1F,
            0xFE53, 0xFE53, 0xFE67, 0xFE67, 0xFE6C, 0xFE6F, 0xFE75, 0xFE75,
            0xFEFD, 0xFEFE, 0xFF00, 0xFF00, 0xFFBF, 0xFFC1, 0xFFC8, 0xFFC9,
            0xFFD0, 0xFFD1, 0xFFD8, 0xFFD9, 0xFFDD, 0xFFDF, 0xFFE7, 0xFFE7,
            0xFFEF, 0xFFF8, 0xFFFE, 0xFFFF, 0x1000C, 0x1000C, 0x10027, 0x10027,
            0x1003B, 0x1003B, 0x1003E, 0x1003E, 0x1004E, 0x1004F, 0x1005E, 0x1007F,
            0x100FB, 0x100FF, 0x10103, 0x10106, 0x10134, 0x10136, 0x1018F, 0x1018F,
            0x1019D, 0x1019F, 0x101A1, 0x101CF, 0x101FE, 0x1027F, 0x1029D, 0x1029F,
            0x102D1, 0x102DF, 0x102FC, 0x102FF, 0x10324, 0x1032C, 0x1034B, 0x1034F,
            0x1037B, 0x1037F, 0x1039E, 0x1039E, 0x103C4, 0x103C7, 0x103D6, 0x103FF,
            0x1049E, 0x1049F, 0x104AA, 0x104AF, 0x104D4, 0x104D7, 0x104FC, 0x104FF,
            0x10528, 0x1052F, 0x10564, 0x1056E, 0x1057B, 0x1057B, 0x1058B, 0x1058B,
            0x10593, 0x10593, 0x10596, 0x10596, 0x105A2, 0x105A2, 0x105B2, 0x105B2,
            0x105BA, 0x105BA, 0x105BD, 0x105BF, 0x105F4, 0x105FF, 0x10737, 0x1073F,
            0x10756, 0x1075F, 0x10768, 0x1077F, 0x10786, 0x10786, 0x107B1, 0x107B1,
            0x107BB, 0x107FF, 0x10806, 0x10807, 0x10809, 0x10809, 0x10836, 0x10836,
            0x10839, 0x1083B, 0x1083D, 0x1083E, 0x10856, 0x10856, 0x1089F, 0x108A6,
            0x108B0, 0x108DF, 0x108F3, 0x108F3, 0x108F6, 0x108FA, 0x1091C, 0x1091E,
            0x1093A, 0x1093E, 0x1095A, 0x1097F, 0x109B8, 0x109BB, 0x109D0, 0x109D1,
            0x10A04, 0x10A04, 0x10A07, 0x10A0B, 0x10A14, 0x10A14, 0x10A18, 0x10A18,
            0x10A36, 0x10A37, 0x10A3B, 0x10A3E, 0x10A49, 0x10A4F, 0x10A59, 0x10A5F,
            0x10AA0, 0x10ABF, 0x10AE7, 0x10AEA, 0x10AF7, 0x10AFF, 0x10B36, 0x10B38,
            0x10B56, 0x10B57, 0x10B73, 0x10B77, 0x10B92, 0x10B98, 0x10B9D, 0x10BA8,
            0x10BB0, 0x10BFF, 0x10C49, 0x10C7F, 0x10CB3, 0x10CBF, 0x10CF3, 0x10CF9,
            0x10D28, 0x10D2F, 0x10D3A, 0x10D3F, 0x10D66, 0x10D68, 0x10D86, 0x10D8D,
            0x10D90, 0x10E5F, 0x10E7F, 0x10E7F, 0x10EAA, 0x10EAA, 0x10EAE, 0x10EAF,
            0x10EB2, 0x10EC1, 0x10EC8, 0x10ECF, 0x10ED9, 0x10EF9, 0x10F28, 0x10F2F,
            0x10F5A, 0x10F6F, 0x10F8A, 0x10FAF, 0x10FCC, 0x10FDF, 0x10FF7, 0x10FFF,
            0x1104E, 0x11051, 0x11076, 0x1107E, 0x110C3, 0x110CC, 0x110CE, 0x110CF,
            0x110E9, 0x110EF, 0x110FA, 0x110FF, 0x11135, 0x11135, 0x11148, 0x1114F,
            0x11177, 0x1117F, 0x111E0, 0x111E0, 0x111F5, 0x111FF, 0x11212, 0x11212,
            0x11242, 0x1127F, 0x11287, 0x11287, 0x11289, 0x11289, 0x1128E, 0x1128E,
            0x1129E, 0x1129E, 0x112AA, 0x112AF, 0x112EB, 0x112EF, 0x112FA, 0x112FF,
            0x11304, 0x11304, 0x1130D, 0x1130E, 0x11311, 0x11312, 0x11329, 0x11329,
            0x11331, 0x11331, 0x11334, 0x11334, 0x1133A, 0x1133A, 0x11345, 0x11346,
            0x11349, 0x1134A, 0x1134E, 0x1134F, 0x11351, 0x11356, 0x11358, 0x1135C,
            0x11364, 0x11365, 0x1136D, 0x1136F, 0x11375, 0x1137F, 0x1138A, 0x1138A,
            0x1138C, 0x1138D, 0x1138F, 0x1138F, 0x113B6, 0x113B6, 0x113C1, 0x113C1,
            0x113C3, 0x113C4, 0x113C6, 0x113C6, 0x113CB, 0x113CB, 0x113D6, 0x113D6,
            0x113D9, 0x113E0, 0x113E3, 0x113FF, 0x1145C, 0x1145C, 0x11462, 0x1147F,
            0x114C8, 0x114CF, 0x114DA, 0x1157F, 0x115B6, 0x115B7, 0x115DE, 0x115FF,
            0x11645, 0x1164F, 0x1165A, 0x1165F, 0x1166D, 0x1167F, 0x116BA, 0x116BF,
            0x116CA, 0x116CF, 0x116E4, 0x116FF, 0x1171B, 0x1171C, 0x1172C, 0x1172F,
            0x11747, 0x117FF, 0x1183C, 0x1189F, 0x118F3, 0x118FE, 0x11907, 0x11908,
            0x1190A, 0x1190B, 0x11914, 0x11914, 0x11917, 0x11917, 0x11936, 0x11936,
            0x11939, 0x1193A, 0x11947, 0x1194F, 0x1195A, 0x1199F, 0x119A8, 0x119A9,
            0x119D8, 0x119D9, 0x119E5, 0x119FF, 0x11A48, 0x11A4F, 0x11AA3, 0x11AAF,
            0x11AF9, 0x11AFF, 0x11B0A, 0x11B5F, 0x11B68, 0x11BBF, 0x11BE2, 0x11BEF,
            0x11BFA, 0x11BFF, 0x11C09, 0x11C09, 0x11C37, 0x11C37, 0x11C46, 0x11C4F,
            0x11C6D, 0x11C6F, 0x11C90, 0x11C91, 0x11CA8, 0x11CA8, 0x11CB7, 0x11CFF,
            0x11D07, 0x11D07, 0x11D0A, 0x11D0A, 0x11D37, 0x11D39, 0x11D3B, 0x11D3B,
            0x11D3E, 0x11D3E, 0x11D48, 0x11D4F, 0x11D5A, 0x11D5F, 0x11D66, 0x11D66,
            0x11D69, 0x11D69, 0x11D8F, 0x11D8F, 0x11D92, 0x11D92, 0x11D99, 0x11D9F,
            0x11DAA, 0x11DAF, 0x11DDC, 0x11DDF, 0x11DEA, 0x11EDF, 0x11EF9, 0x11EFF,
            0x11F11, 0x11F11, 0x11F3B, 0x11F3D, 0x11F5B, 0x11FAF, 0x11FB1, 0x11FBF,
            0x11FF2, 0x11FFE, 0x1239A, 0x123FF, 0x1246F, 0x1246F, 0x12475, 0x1247F,
            0x12544, 0x12F8F, 0x12FF3, 0x12FFF, 0x13456, 0x1345F, 0x143FB, 0x143FF,
            0x14647, 0x160FF, 0x1613A, 0x167FF, 0x16A39, 0x16A3F, 0x16A5F, 0x16A5F,
            0x16A6A, 0x16A6D, 0x16ABF, 0x16ABF, 0x16ACA, 0x16ACF, 0x16AEE, 0x16AEF,
            0x16AF6, 0x16AFF, 0x16B46, 0x16B4F, 0x16B5A, 0x16B5A, 0x16B62, 0x16B62,
            0x16B78, 0x16B7C, 0x16B90, 0x16D3F, 0x16D7A, 0x16E3F, 0x16E9B, 0x16E9F,
            0x16EB9, 0x16EBA, 0x16ED4, 0x16EFF, 0x16F4B, 0x16F4E, 0x16F88, 0x16F8E,
            0x16FA0, 0x16FDF, 0x16FE5, 0x16FEF, 0x16FF7, 0x16FFF, 0x18CD6, 0x18CFE,
            0x18D1F, 0x18D7F, 0x18DF3, 0x1AFEF, 0x1AFF4, 0x1AFF4, 0x1AFFC, 0x1AFFC,
            0x1AFFF, 0x1AFFF, 0x1B123, 0x1B131, 0x1B133, 0x1B14F, 0x1B153, 0x1B154,
            0x1B156, 0x1B163, 0x1B168, 0x1B16F, 0x1B2FC, 0x1BBFF, 0x1BC6B, 0x1BC6F,
            0x1BC7D, 0x1BC7F, 0x1BC89, 0x1BC8F, 0x1BC9A, 0x1BC9B, 0x1BCA4, 0x1CBFF,
            0x1CCFD, 0x1CCFF, 0x1CEB4, 0x1CEB9, 0x1CED1, 0x1CEDF, 0x1CEF1, 0x1CEFF,
            0x1CF2E, 0x1CF2F, 0x1CF47, 0x1CF4F, 0x1CFC4, 0x1CFFF, 0x1D0F6, 0x1D0FF,
            0x1D127, 0x1D128, 0x1D1EB, 0x1D1FF, 0x1D246, 0x1D2BF, 0x1D2D4, 0x1D2DF,
            0x1D2F4, 0x1D2FF, 0x1D357, 0x1D35F, 0x1D379, 0x1D3FF, 0x1D455, 0x1D455,
            0x1D49D, 0x1D49D, 0x1D4A0, 0x1D4A1, 0x1D4A3, 0x1D4A4, 0x1D4A7, 0x1D4A8,
            0x1D4AD, 0x1D4AD, 0x1D4BA, 0x1D4BA, 0x1D4BC, 0x1D4BC, 0x1D4C4, 0x1D4C4,
            0x1D506, 0x1D506, 0x1D50B, 0x1D50C, 0x1D515, 0x1D515, 0x1D51D, 0x1D51D,
            0x1D53A, 0x1D53A, 0x1D53F, 0x1D53F, 0x1D545, 0x1D545, 0x1D547, 0x1D549,
            0x1D551, 0x1D551, 0x1D6A6, 0x1D6A7, 0x1D7CC, 0x1D7CD, 0x1DA8C, 0x1DA9A,
            0x1DAA0, 0x1DAA0, 0x1DAB0, 0x1DEFF, 0x1DF1F, 0x1DF24, 0x1DF2B, 0x1DFFF,
            0x1E007, 0x1E007, 0x1E019, 0x1E01A, 0x1E022, 0x1E022, 0x1E025, 0x1E025,
            0x1E02B, 0x1E02F, 0x1E06E, 0x1E08E, 0x1E090, 0x1E0FF, 0x1E12D, 0x1E12F,
            0x1E13E, 0x1E13F, 0x1E14A, 0x1E14D, 0x1E150, 0x1E28F, 0x1E2AF, 0x1E2BF,
            0x1E2FA, 0x1E2FE, 0x1E300, 0x1E4CF, 0x1E4FA, 0x1E5CF, 0x1E5FB, 0x1E5FE,
            0x1E600, 0x1E6BF, 0x1E6DF, 0x1E6DF, 0x1E6F6, 0x1E6FD, 0x1E700, 0x1E7DF,
            0x1E7E7, 0x1E7E7, 0x1E7EC, 0x1E7EC, 0x1E7EF, 0x1E7EF, 0x1E7FF, 0x1E7FF,
            0x1E8C5, 0x1E8C6, 0x1E8D7, 0x1E8FF, 0x1E94C, 0x1E94F, 0x1E95A, 0x1E95D,
            0x1E960, 0x1EC70, 0x1ECB5, 0x1ED00, 0x1ED3E, 0x1EDFF, 0x1EE04, 0x1EE04,
            0x1EE20, 0x1EE20, 0x1EE23, 0x1EE23, 0x1EE25, 0x1EE26, 0x1EE28, 0x1EE28,
            0x1EE33, 0x1EE33, 0x1EE38, 0x1EE38, 0x1EE3A, 0x1EE3A, 0x1EE3C, 0x1EE41,
            0x1EE43, 0x1EE46, 0x1EE48, 0x1EE48, 0x1EE4A, 0x1EE4A, 0x1EE4C, 0x1EE4C,
            0x1EE50, 0x1EE50, 0x1EE53, 0x1EE53, 0x1EE55, 0x1EE56, 0x1EE58, 0x1EE58,
            0x1EE5A, 0x1EE5A, 0x1EE5C, 0x1EE5C, 0x1EE5E, 0x1EE5E, 0x1EE60, 0x1EE60,
            0x1EE63, 0x1EE63, 0x1EE65, 0x1EE66, 0x1EE6B, 0x1EE6B, 0x1EE73, 0x1EE73,
            0x1EE78, 0x1EE78, 0x1EE7D, 0x1EE7D, 0x1EE7F, 0x1EE7F, 0x1EE8A, 0x1EE8A,
            0x1EE9C, 0x1EEA0, 0x1EEA4, 0x1EEA4, 0x1EEAA, 0x1EEAA, 0x1EEBC, 0x1EEEF,
            0x1EEF2, 0x1EFFF, 0x1F02C, 0x1F02F, 0x1F094, 0x1F09F, 0x1F0AF, 0x1F0B0,
            0x1F0C0, 0x1F0C0, 0x1F0D0, 0x1F0D0, 0x1F0F6, 0x1F0FF, 0x1F1AE, 0x1F1E5,
            0x1F203, 0x1F20F, 0x1F23C, 0x1F23F, 0x1F249, 0x1F24F, 0x1F252, 0x1F25F,
            0x1F266, 0x1F2FF, 0x1F6D9, 0x1F6DB, 0x1F6ED, 0x1F6EF, 0x1F6FD, 0x1F6FF,
            0x1F7DA, 0x1F7DF, 0x1F7EC, 0x1F7EF, 0x1F7F1, 0x1F7FF, 0x1F80C, 0x1F80F,
            0x1F848, 0x1F84F, 0x1F85A, 0x1F85F, 0x1F888, 0x1F88F, 0x1F8AE, 0x1F8AF,
            0x1F8BC, 0x1F8BF, 0x1F8C2, 0x1F8CF, 0x1F8D9, 0x1F8FF, 0x1FA58, 0x1FA5F,
            0x1FA6E, 0x1FA6F, 0x1FA7D, 0x1FA7F, 0x1FA8B, 0x1FA8D, 0x1FAC7, 0x1FAC7,
            0x1FAC9, 0x1FACC, 0x1FADD, 0x1FADE, 0x1FAEB, 0x1FAEE, 0x1FAF9, 0x1FAFF,
            0x1FB93, 0x1FB93, 0x1FBFB, 0x1FFFF, 0x2A6E0, 0x2A6FF, 0x2B81E, 0x2B81F,
            0x2CEAE, 0x2CEAF, 0x2EBE1, 0x2EBEF, 0x2EE5E, 0x2F7FF, 0x2FA1E, 0x2FFFF,
            0x3134B, 0x3134F, 0x3347A, 0xE0000, 0xE0002, 0xE001F, 0xE0080, 0xE00FF,
            0xE01F0, 0x10FFFF,
        };
    }
    private static int[] IDTYPE_ranges_1() {
        return new int[] {
            0x149, 0x149, 0x673, 0x673, 0xF77, 0xF77, 0xF79, 0xF79,
            0x17A3, 0x17A4, 0x206A, 0x206F, 0x2329, 0x232A, 0xE0001, 0xE0001,
        };
    }
    private static int[] IDTYPE_ranges_2() {
        return new int[] {
            0xAD, 0xAD, 0x34F, 0x34F, 0x61C, 0x61C, 0x115F, 0x1160,
            0x17B4, 0x17B5, 0x180B, 0x180F, 0x200B, 0x200F, 0x202A, 0x202E,
            0x2060, 0x2064, 0x2066, 0x2069, 0x3164, 0x3164, 0xFE00, 0xFE0F,
            0xFEFF, 0xFEFF, 0xFFA0, 0xFFA0, 0x1BCA0, 0x1BCA3, 0x1D173, 0x1D17A,
            0xE0020, 0xE007F, 0xE0100, 0xE01EF,
        };
    }
    private static int[] IDTYPE_ranges_3() {
        return new int[] {
            0xA0, 0xA0, 0xA8, 0xA8, 0xAA, 0xAA, 0xAF, 0xAF,
            0xB2, 0xB5, 0xB8, 0xBA, 0xBC, 0xBE, 0x132, 0x133,
            0x13F, 0x140, 0x17F, 0x17F, 0x1C4, 0x1CC, 0x1F1, 0x1F3,
            0x2B0, 0x2B8, 0x2D8, 0x2DD, 0x2E0, 0x2E4, 0x340, 0x341,
            0x343, 0x344, 0x374, 0x374, 0x37A, 0x37A, 0x37E, 0x37E,
            0x384, 0x385, 0x387, 0x387, 0x3D0, 0x3D6, 0x3F0, 0x3F2,
            0x3F4, 0x3F5, 0x3F9, 0x3F9, 0x587, 0x587, 0x675, 0x678,
            0x958, 0x95F, 0x9DC, 0x9DD, 0x9DF, 0x9DF, 0xA33, 0xA33,
            0xA36, 0xA36, 0xA59, 0xA5B, 0xA5E, 0xA5E, 0xB5C, 0xB5D,
            0xE33, 0xE33, 0xEB3, 0xEB3, 0xEDC, 0xEDD, 0xF0C, 0xF0C,
            0xF43, 0xF43, 0xF4D, 0xF4D, 0xF52, 0xF52, 0xF57, 0xF57,
            0xF5C, 0xF5C, 0xF69, 0xF69, 0xF73, 0xF73, 0xF75, 0xF76,
            0xF78, 0xF78, 0xF81, 0xF81, 0xF93, 0xF93, 0xF9D, 0xF9D,
            0xFA2, 0xFA2, 0xFA7, 0xFA7, 0xFAC, 0xFAC, 0xFB9, 0xFB9,
            0x10FC, 0x10FC, 0x1D2C, 0x1D2E, 0x1D30, 0x1D3A, 0x1D3C, 0x1D4D,
            0x1D4F, 0x1D6A, 0x1D78, 0x1D78, 0x1D9B, 0x1DBF, 0x1E9A, 0x1E9B,
            0x1F71, 0x1F71, 0x1F73, 0x1F73, 0x1F75, 0x1F75, 0x1F77, 0x1F77,
            0x1F79, 0x1F79, 0x1F7B, 0x1F7B, 0x1F7D, 0x1F7D, 0x1FBB, 0x1FBB,
            0x1FBD, 0x1FC1, 0x1FC9, 0x1FC9, 0x1FCB, 0x1FCB, 0x1FCD, 0x1FCF,
            0x1FD3, 0x1FD3, 0x1FDB, 0x1FDB, 0x1FDD, 0x1FDF, 0x1FE3, 0x1FE3,
            0x1FEB, 0x1FEB, 0x1FED, 0x1FEF, 0x1FF9, 0x1FF9, 0x1FFB, 0x1FFB,
            0x1FFD, 0x1FFE, 0x2000, 0x200A, 0x2011, 0x2011, 0x2017, 0x2017,
            0x2024, 0x2026, 0x202F, 0x202F, 0x2033, 0x2034, 0x2036, 0x2037,
            0x203C, 0x203C, 0x203E, 0x203E, 0x2047, 0x2049, 0x2057, 0x2057,
            0x205F, 0x205F, 0x2070, 0x2071, 0x2074, 0x208E, 0x2090, 0x209C,
            0x20A8, 0x20A8, 0x2100, 0x2103, 0x2105, 0x2107, 0x2109, 0x2113,
            0x2115, 0x2116, 0x2119, 0x211D, 0x2120, 0x2122, 0x2124, 0x2124,
            0x2126, 0x2126, 0x2128, 0x2128, 0x212A, 0x212D, 0x212F, 0x2131,
            0x2133, 0x2139, 0x213B, 0x2140, 0x2145, 0x2149, 0x2150, 0x217F,
            0x2189, 0x2189, 0x222C, 0x222D, 0x222F, 0x2230, 0x2460, 0x24EA,
            0x2A0C, 0x2A0C, 0x2A74, 0x2A76, 0x2ADC, 0x2ADC, 0x2C7C, 0x2C7D,
            0x2D6F, 0x2D6F, 0x2E9F, 0x2E9F, 0x2EF3, 0x2EF3, 0x2F00, 0x2FD5,
            0x3000, 0x3000, 0x3036, 0x3036, 0x3038, 0x303A, 0x309B, 0x309C,
            0x309F, 0x309F, 0x30FF, 0x30FF, 0x3131, 0x3163, 0x3165, 0x318E,
            0x3192, 0x319F, 0x3200, 0x321E, 0x3220, 0x3247, 0x3250, 0x327E,
            0x3280, 0x33FF, 0xA69C, 0xA69D, 0xA770, 0xA770, 0xA7F1, 0xA7F4,
            0xA7F8, 0xA7F9, 0xAB5C, 0xAB5F, 0xAB69, 0xAB69, 0xF900, 0xFA0D,
            0xFA10, 0xFA10, 0xFA12, 0xFA12, 0xFA15, 0xFA1E, 0xFA20, 0xFA20,
            0xFA22, 0xFA22, 0xFA25, 0xFA26, 0xFA2A, 0xFA6D, 0xFA70, 0xFAD9,
            0xFB00, 0xFB06, 0xFB13, 0xFB17, 0xFB1D, 0xFB1D, 0xFB1F, 0xFB36,
            0xFB38, 0xFB3C, 0xFB3E, 0xFB3E, 0xFB40, 0xFB41, 0xFB43, 0xFB44,
            0xFB46, 0xFBB1, 0xFBD3, 0xFD3D, 0xFD50, 0xFD8F, 0xFD92, 0xFDC7,
            0xFDF0, 0xFDFC, 0xFE10, 0xFE19, 0xFE30, 0xFE44, 0xFE47, 0xFE52,
            0xFE54, 0xFE66, 0xFE68, 0xFE6B, 0xFE70, 0xFE72, 0xFE74, 0xFE74,
            0xFE76, 0xFEFC, 0xFF01, 0xFF9F, 0xFFA1, 0xFFBE, 0xFFC2, 0xFFC7,
            0xFFCA, 0xFFCF, 0xFFD2, 0xFFD7, 0xFFDA, 0xFFDC, 0xFFE0, 0xFFE6,
            0xFFE8, 0xFFEE, 0x10781, 0x10785, 0x10787, 0x107B0, 0x107B2, 0x107BA,
            0x1CCD6, 0x1CCF9, 0x1D15E, 0x1D164, 0x1D1BB, 0x1D1C0, 0x1D400, 0x1D454,
            0x1D456, 0x1D49C, 0x1D49E, 0x1D49F, 0x1D4A2, 0x1D4A2, 0x1D4A5, 0x1D4A6,
            0x1D4A9, 0x1D4AC, 0x1D4AE, 0x1D4B9, 0x1D4BB, 0x1D4BB, 0x1D4BD, 0x1D4C3,
            0x1D4C5, 0x1D505, 0x1D507, 0x1D50A, 0x1D50D, 0x1D514, 0x1D516, 0x1D51C,
            0x1D51E, 0x1D539, 0x1D53B, 0x1D53E, 0x1D540, 0x1D544, 0x1D546, 0x1D546,
            0x1D54A, 0x1D550, 0x1D552, 0x1D6A5, 0x1D6A8, 0x1D7CB, 0x1D7CE, 0x1D7FF,
            0x1E030, 0x1E06D, 0x1EE00, 0x1EE03, 0x1EE05, 0x1EE1F, 0x1EE21, 0x1EE22,
            0x1EE24, 0x1EE24, 0x1EE27, 0x1EE27, 0x1EE29, 0x1EE32, 0x1EE34, 0x1EE37,
            0x1EE39, 0x1EE39, 0x1EE3B, 0x1EE3B, 0x1EE42, 0x1EE42, 0x1EE47, 0x1EE47,
            0x1EE49, 0x1EE49, 0x1EE4B, 0x1EE4B, 0x1EE4D, 0x1EE4F, 0x1EE51, 0x1EE52,
            0x1EE54, 0x1EE54, 0x1EE57, 0x1EE57, 0x1EE59, 0x1EE59, 0x1EE5B, 0x1EE5B,
            0x1EE5D, 0x1EE5D, 0x1EE5F, 0x1EE5F, 0x1EE61, 0x1EE62, 0x1EE64, 0x1EE64,
            0x1EE67, 0x1EE6A, 0x1EE6C, 0x1EE72, 0x1EE74, 0x1EE77, 0x1EE79, 0x1EE7C,
            0x1EE7E, 0x1EE7E, 0x1EE80, 0x1EE89, 0x1EE8B, 0x1EE9B, 0x1EEA1, 0x1EEA3,
            0x1EEA5, 0x1EEA9, 0x1EEAB, 0x1EEBB, 0x1F100, 0x1F10A, 0x1F110, 0x1F12E,
            0x1F130, 0x1F14F, 0x1F16A, 0x1F16C, 0x1F190, 0x1F190, 0x1F200, 0x1F202,
            0x1F210, 0x1F23B, 0x1F240, 0x1F248, 0x1F250, 0x1F251, 0x1FBF0, 0x1FBF9,
            0x2F800, 0x2FA1D,
        };
    }
    private static int[] IDTYPE_ranges_4() {
        return new int[] {
            0x9, 0xD, 0x20, 0x26, 0x28, 0x2C, 0x2F, 0x2F,
            0x3B, 0x40, 0x5B, 0x5E, 0x60, 0x60, 0x7B, 0x7E,
            0x85, 0x85, 0xA1, 0xA7, 0xA9, 0xA9, 0xAB, 0xAC,
            0xAE, 0xAE, 0xB0, 0xB1, 0xB6, 0xB6, 0xBB, 0xBB,
            0xBF, 0xBF, 0xD7, 0xD7, 0xF7, 0xF7, 0x2C2, 0x2C5,
            0x2D2, 0x2D7, 0x2DE, 0x2DF, 0x2E5, 0x2EB, 0x2ED, 0x2ED,
            0x2EF, 0x2FF, 0x375, 0x375, 0x3F6, 0x3F6, 0x482, 0x482,
            0x488, 0x489, 0x55A, 0x55F, 0x589, 0x589, 0x58D, 0x58F,
            0x5BE, 0x5BE, 0x5C0, 0x5C0, 0x5C3, 0x5C3, 0x5C6, 0x5C6,
            0x600, 0x60F, 0x61B, 0x61B, 0x61D, 0x61F, 0x66A, 0x66D,
            0x6D4, 0x6D4, 0x6DD, 0x6DE, 0x6E9, 0x6E9, 0x700, 0x70D,
            0x70F, 0x70F, 0x7F6, 0x7F9, 0x7FE, 0x7FF, 0x830, 0x83E,
            0x85E, 0x85E, 0x888, 0x888, 0x890, 0x891, 0x8E2, 0x8E2,
            0x964, 0x965, 0x970, 0x970, 0x9F2, 0x9FB, 0x9FD, 0x9FD,
            0xA76, 0xA76, 0xAF0, 0xAF1, 0xB70, 0xB70, 0xB72, 0xB77,
            0xBF0, 0xBFA, 0xC77, 0xC7F, 0xC84, 0xC84, 0xD4F, 0xD4F,
            0xD58, 0xD5E, 0xD70, 0xD79, 0xDF4, 0xDF4, 0xE3F, 0xE3F,
            0xE4F, 0xE4F, 0xE5A, 0xE5B, 0xF01, 0xF0A, 0xF0D, 0xF17,
            0xF1A, 0xF1F, 0xF2A, 0xF34, 0xF36, 0xF36, 0xF38, 0xF38,
            0xF3A, 0xF3D, 0xF85, 0xF85, 0xFBE, 0xFC5, 0xFC7, 0xFCC,
            0xFCE, 0xFDA, 0x104A, 0x104F, 0x109E, 0x109F, 0x10FB, 0x10FB,
            0x1360, 0x1368, 0x1372, 0x137C, 0x1390, 0x1399, 0x1400, 0x1400,
            0x166D, 0x166E, 0x1680, 0x1680, 0x169B, 0x169C, 0x16EB, 0x16ED,
            0x1735, 0x1736, 0x17D4, 0x17D6, 0x17D8, 0x17DB, 0x17F0, 0x17F9,
            0x1800, 0x180A, 0x1940, 0x1940, 0x1944, 0x1945, 0x19DE, 0x19FF,
            0x1A1E, 0x1A1F, 0x1AA0, 0x1AA6, 0x1AA8, 0x1AAD, 0x1ABE, 0x1ABE,
            0x1B4E, 0x1B4F, 0x1B5A, 0x1B6A, 0x1B74, 0x1B7F, 0x1BFC, 0x1BFF,
            0x1C3B, 0x1C3F, 0x1C7E, 0x1C7F, 0x1CC0, 0x1CC7, 0x1CD3, 0x1CD3,
            0x2012, 0x2016, 0x2018, 0x2018, 0x201A, 0x2023, 0x2028, 0x2029,
            0x2030, 0x2032, 0x2035, 0x2035, 0x2038, 0x203B, 0x203D, 0x203D,
            0x2041, 0x2046, 0x204A, 0x2053, 0x2055, 0x2056, 0x2058, 0x205E,
            0x20A0, 0x20A7, 0x20A9, 0x20C1, 0x20DD, 0x20E0, 0x20E2, 0x20E4,
            0x2104, 0x2104, 0x2108, 0x2108, 0x2114, 0x2114, 0x2117, 0x2117,
            0x211E, 0x211F, 0x2123, 0x2123, 0x2125, 0x2125, 0x2127, 0x2127,
            0x2129, 0x2129, 0x213A, 0x213A, 0x2141, 0x2144, 0x214A, 0x214D,
            0x214F, 0x214F, 0x218A, 0x218B, 0x2190, 0x222B, 0x222E, 0x222E,
            0x2231, 0x2328, 0x232B, 0x2429, 0x2440, 0x244A, 0x24EB, 0x2A0B,
            0x2A0D, 0x2A73, 0x2A77, 0x2ADB, 0x2ADD, 0x2B73, 0x2B76, 0x2BFF,
            0x2CE5, 0x2CEA, 0x2CF9, 0x2CFF, 0x2D70, 0x2D70, 0x2E00, 0x2E5D,
            0x2E80, 0x2E99, 0x2E9B, 0x2E9E, 0x2EA0, 0x2EF2, 0x2FF0, 0x2FFF,
            0x3001, 0x3004, 0x3008, 0x3020, 0x3030, 0x3030, 0x3037, 0x3037,
            0x303D, 0x303F, 0x3190, 0x3191, 0x31C0, 0x31E5, 0x31EF, 0x31EF,
            0x3248, 0x324F, 0x327F, 0x327F, 0x4DC0, 0x4DFF, 0xA490, 0xA4C6,
            0xA4FE, 0xA4FF, 0xA60D, 0xA60F, 0xA670, 0xA673, 0xA67E, 0xA67E,
            0xA6F2, 0xA6F7, 0xA700, 0xA716, 0xA720, 0xA721, 0xA789, 0xA78A,
            0xA828, 0xA82B, 0xA830, 0xA839, 0xA874, 0xA877, 0xA8CE, 0xA8CF,
            0xA8F8, 0xA8FA, 0xA8FC, 0xA8FC, 0xA92E, 0xA92F, 0xA95F, 0xA95F,
            0xA9C1, 0xA9CD, 0xA9DE, 0xA9DF, 0xAA5C, 0xAA5F, 0xAA77, 0xAA79,
            0xAADE, 0xAADF, 0xAAF0, 0xAAF1, 0xAB5B, 0xAB5B, 0xAB6A, 0xAB6B,
            0xABEB, 0xABEB, 0xFBB2, 0xFBD2, 0xFD3E, 0xFD4F, 0xFD90, 0xFD91,
            0xFDC8, 0xFDCF, 0xFDFD, 0xFDFF, 0xFE45, 0xFE46, 0xFFF9, 0xFFFD,
            0x10100, 0x10102, 0x10107, 0x10133, 0x10137, 0x1013F, 0x10175, 0x1018E,
            0x10190, 0x1019C, 0x101A0, 0x101A0, 0x101D0, 0x101FC, 0x102E1, 0x102FB,
            0x10320, 0x10323, 0x1039F, 0x1039F, 0x103D0, 0x103D0, 0x1056F, 0x1056F,
            0x10857, 0x1085F, 0x10877, 0x1087F, 0x108A7, 0x108AF, 0x108FB, 0x108FF,
            0x10916, 0x1091B, 0x1091F, 0x1091F, 0x1093F, 0x1093F, 0x109BC, 0x109BD,
            0x109C0, 0x109CF, 0x109D2, 0x109FF, 0x10A40, 0x10A48, 0x10A50, 0x10A58,
            0x10A7D, 0x10A7F, 0x10A9D, 0x10A9F, 0x10AC8, 0x10AC8, 0x10AEB, 0x10AF6,
            0x10B39, 0x10B3F, 0x10B58, 0x10B5F, 0x10B78, 0x10B7F, 0x10B99, 0x10B9C,
            0x10BA9, 0x10BAF, 0x10CFA, 0x10CFF, 0x10D6E, 0x10D6E, 0x10D8E, 0x10D8F,
            0x10E60, 0x10E7E, 0x10EAD, 0x10EAD, 0x10ED0, 0x10ED8, 0x10F1D, 0x10F26,
            0x10F51, 0x10F59, 0x10F86, 0x10F89, 0x10FC5, 0x10FCB, 0x11047, 0x1104D,
            0x11052, 0x11065, 0x110BB, 0x110C1, 0x110CD, 0x110CD, 0x11140, 0x11143,
            0x11174, 0x11175, 0x111C5, 0x111C8, 0x111CD, 0x111CD, 0x111DB, 0x111DB,
            0x111DD, 0x111DF, 0x111E1, 0x111F4, 0x11238, 0x1123D, 0x112A9, 0x112A9,
            0x113D4, 0x113D5, 0x113D7, 0x113D8, 0x1144B, 0x1144F, 0x1145A, 0x1145B,
            0x1145D, 0x1145D, 0x114C6, 0x114C6, 0x115C1, 0x115D7, 0x11641, 0x11643,
            0x11660, 0x1166C, 0x116B9, 0x116B9, 0x1173A, 0x1173F, 0x1183B, 0x1183B,
            0x118EA, 0x118F2, 0x11944, 0x11946, 0x119E2, 0x119E2, 0x11A3F, 0x11A46,
            0x11A9A, 0x11A9C, 0x11A9E, 0x11AA2, 0x11B00, 0x11B09, 0x11BE1, 0x11BE1,
            0x11C41, 0x11C45, 0x11C5A, 0x11C6C, 0x11C70, 0x11C71, 0x11EF7, 0x11EF8,
            0x11F43, 0x11F4F, 0x11FC0, 0x11FF1, 0x11FFF, 0x11FFF, 0x12470, 0x12474,
            0x12FF1, 0x12FF2, 0x13430, 0x1343F, 0x16A6E, 0x16A6F, 0x16AF5, 0x16AF5,
            0x16B37, 0x16B3F, 0x16B44, 0x16B45, 0x16B5B, 0x16B61, 0x16D6D, 0x16D6F,
            0x16E80, 0x16E9A, 0x16FE2, 0x16FE2, 0x1BC9C, 0x1BC9C, 0x1BC9F, 0x1BC9F,
            0x1CC00, 0x1CCD5, 0x1CCFA, 0x1CCFC, 0x1CD00, 0x1CEB3, 0x1CEBA, 0x1CED0,
            0x1CEE0, 0x1CEF0, 0x1CF50, 0x1CFC3, 0x1D000, 0x1D0F5, 0x1D100, 0x1D126,
            0x1D129, 0x1D15D, 0x1D16A, 0x1D16C, 0x1D183, 0x1D184, 0x1D18C, 0x1D1A9,
            0x1D1AE, 0x1D1BA, 0x1D1C1, 0x1D1EA, 0x1D200, 0x1D241, 0x1D245, 0x1D245,
            0x1D2C0, 0x1D2D3, 0x1D2E0, 0x1D2F3, 0x1D300, 0x1D356, 0x1D360, 0x1D378,
            0x1D800, 0x1D9FF, 0x1DA37, 0x1DA3A, 0x1DA6D, 0x1DA74, 0x1DA76, 0x1DA83,
            0x1DA85, 0x1DA8B, 0x1E14F, 0x1E14F, 0x1E2FF, 0x1E2FF, 0x1E5FF, 0x1E5FF,
            0x1E8C7, 0x1E8CF, 0x1E95E, 0x1E95F, 0x1EC71, 0x1ECB4, 0x1ED01, 0x1ED3D,
            0x1EEF0, 0x1EEF1, 0x1F000, 0x1F02B, 0x1F030, 0x1F093, 0x1F0A0, 0x1F0AE,
            0x1F0B1, 0x1F0BF, 0x1F0C1, 0x1F0CF, 0x1F0D1, 0x1F0F5, 0x1F10B, 0x1F10F,
            0x1F12F, 0x1F12F, 0x1F150, 0x1F169, 0x1F16D, 0x1F18F, 0x1F191, 0x1F1AD,
            0x1F1E6, 0x1F1FF, 0x1F260, 0x1F265, 0x1F300, 0x1F6D8, 0x1F6DC, 0x1F6EC,
            0x1F6F0, 0x1F6FC, 0x1F700, 0x1F7D9, 0x1F7E0, 0x1F7EB, 0x1F7F0, 0x1F7F0,
            0x1F800, 0x1F80B, 0x1F810, 0x1F847, 0x1F850, 0x1F859, 0x1F860, 0x1F887,
            0x1F890, 0x1F8AD, 0x1F8B0, 0x1F8BB, 0x1F8C0, 0x1F8C1, 0x1F8D0, 0x1F8D8,
            0x1F900, 0x1FA57, 0x1FA60, 0x1FA6D, 0x1FA70, 0x1FA7C, 0x1FA80, 0x1FA8A,
            0x1FA8E, 0x1FAC6, 0x1FAC8, 0x1FAC8, 0x1FACD, 0x1FADC, 0x1FADF, 0x1FAEA,
            0x1FAEF, 0x1FAF8, 0x1FB00, 0x1FB92, 0x1FB94, 0x1FBEF, 0x1FBFA, 0x1FBFA,
        };
    }
    private static int[] IDTYPE_ranges_5() {
        return new int[] {
            0x3E2, 0x3EF, 0x800, 0x82D, 0x830, 0x83E, 0x1680, 0x169C,
            0x16A0, 0x16F8, 0x1700, 0x1715, 0x171F, 0x1736, 0x1740, 0x1753,
            0x1760, 0x176C, 0x176E, 0x1770, 0x1772, 0x1773, 0x1800, 0x180A,
            0x1810, 0x1819, 0x1820, 0x1878, 0x1880, 0x18AA, 0x1A00, 0x1A1B,
            0x1A1E, 0x1A1F, 0x1CFA, 0x1CFA, 0x2C00, 0x2C5F, 0x2C80, 0x2CF3,
            0x2CF9, 0x2CFF, 0x2E30, 0x2E30, 0x2E3C, 0x2E3C, 0xA840, 0xA877,
            0xA930, 0xA953, 0xA95F, 0xA95F, 0x10000, 0x1000B, 0x1000D, 0x10026,
            0x10028, 0x1003A, 0x1003C, 0x1003D, 0x1003F, 0x1004D, 0x10050, 0x1005D,
            0x10080, 0x100FA, 0x10100, 0x10102, 0x10107, 0x10133, 0x10137, 0x1013F,
            0x10280, 0x1029C, 0x102A0, 0x102D0, 0x10300, 0x10323, 0x1032D, 0x1034A,
            0x10350, 0x1037A, 0x10380, 0x1039D, 0x1039F, 0x103C3, 0x103C8, 0x103D5,
            0x10400, 0x1049D, 0x104A0, 0x104A9, 0x10500, 0x10527, 0x10530, 0x10563,
            0x1056F, 0x1057A, 0x1057C, 0x1058A, 0x1058C, 0x10592, 0x10594, 0x10595,
            0x10597, 0x105A1, 0x105A3, 0x105B1, 0x105B3, 0x105B9, 0x105BB, 0x105BC,
            0x105C0, 0x105F3, 0x10600, 0x10736, 0x10740, 0x10755, 0x10760, 0x10767,
            0x10800, 0x10805, 0x10808, 0x10808, 0x1080A, 0x10835, 0x10837, 0x10838,
            0x1083C, 0x1083C, 0x1083F, 0x10855, 0x10857, 0x1089E, 0x108A7, 0x108AF,
            0x108E0, 0x108F2, 0x108F4, 0x108F5, 0x108FB, 0x1091B, 0x1091F, 0x10939,
            0x1093F, 0x10959, 0x10980, 0x109B7, 0x109BC, 0x109CF, 0x109D2, 0x10A03,
            0x10A05, 0x10A06, 0x10A0C, 0x10A13, 0x10A15, 0x10A17, 0x10A19, 0x10A35,
            0x10A38, 0x10A3A, 0x10A3F, 0x10A48, 0x10A50, 0x10A58, 0x10A60, 0x10A9F,
            0x10AC0, 0x10AE6, 0x10AEB, 0x10AF6, 0x10B00, 0x10B35, 0x10B39, 0x10B55,
            0x10B58, 0x10B72, 0x10B78, 0x10B91, 0x10B99, 0x10B9C, 0x10BA9, 0x10BAF,
            0x10C00, 0x10C48, 0x10C80, 0x10CB2, 0x10CC0, 0x10CF2, 0x10CFA, 0x10CFF,
            0x10D40, 0x10D65, 0x10D69, 0x10D85, 0x10D8E, 0x10D8F, 0x10E80, 0x10EA9,
            0x10EAB, 0x10EAD, 0x10EB0, 0x10EB1, 0x10F00, 0x10F27, 0x10F30, 0x10F59,
            0x10F70, 0x10F89, 0x10FB0, 0x10FCB, 0x10FE0, 0x10FF6, 0x11000, 0x1104D,
            0x11052, 0x11075, 0x1107F, 0x110C2, 0x110CD, 0x110CD, 0x110D0, 0x110E8,
            0x110F0, 0x110F9, 0x11150, 0x11176, 0x11180, 0x111DF, 0x11200, 0x11211,
            0x11213, 0x11241, 0x11280, 0x11286, 0x11288, 0x11288, 0x1128A, 0x1128D,
            0x1128F, 0x1129D, 0x1129F, 0x112A9, 0x112B0, 0x112EA, 0x112F0, 0x112F9,
            0x11300, 0x11300, 0x11302, 0x11302, 0x11305, 0x1130C, 0x1130F, 0x11310,
            0x11313, 0x11328, 0x1132A, 0x11330, 0x11332, 0x11333, 0x11335, 0x11339,
            0x1133D, 0x11344, 0x11347, 0x11348, 0x1134B, 0x1134D, 0x11350, 0x11350,
            0x11357, 0x11357, 0x1135D, 0x11363, 0x11366, 0x1136C, 0x11370, 0x11374,
            0x11380, 0x11389, 0x1138B, 0x1138B, 0x1138E, 0x1138E, 0x11390, 0x113B5,
            0x113B7, 0x113C0, 0x113C2, 0x113C2, 0x113C5, 0x113C5, 0x113C7, 0x113CA,
            0x113CC, 0x113D5, 0x113D7, 0x113D8, 0x113E1, 0x113E2, 0x11480, 0x114C7,
            0x114D0, 0x114D9, 0x11580, 0x115B5, 0x115B8, 0x115DD, 0x11600, 0x11644,
            0x11650, 0x11659, 0x11660, 0x1166C, 0x11680, 0x116B9, 0x116C0, 0x116C9,
            0x11700, 0x1171A, 0x1171D, 0x1172B, 0x11730, 0x11746, 0x11800, 0x1183B,
            0x118A0, 0x118F2, 0x118FF, 0x11906, 0x11909, 0x11909, 0x1190C, 0x11913,
            0x11915, 0x11916, 0x11918, 0x11935, 0x11937, 0x11938, 0x1193B, 0x11946,
            0x11950, 0x11959, 0x119A0, 0x119A7, 0x119AA, 0x119D7, 0x119DA, 0x119E4,
            0x11A00, 0x11A47, 0x11A50, 0x11AA2, 0x11AC0, 0x11AF8, 0x11B60, 0x11B67,
            0x11BC0, 0x11BE1, 0x11BF0, 0x11BF9, 0x11C00, 0x11C08, 0x11C0A, 0x11C36,
            0x11C38, 0x11C45, 0x11C50, 0x11C6C, 0x11C70, 0x11C8F, 0x11C92, 0x11CA7,
            0x11CA9, 0x11CB6, 0x11D00, 0x11D06, 0x11D08, 0x11D09, 0x11D0B, 0x11D36,
            0x11D3A, 0x11D3A, 0x11D3C, 0x11D3D, 0x11D3F, 0x11D47, 0x11D50, 0x11D59,
            0x11D60, 0x11D65, 0x11D67, 0x11D68, 0x11D6A, 0x11D8E, 0x11D90, 0x11D91,
            0x11D93, 0x11D98, 0x11DA0, 0x11DA9, 0x11DB0, 0x11DDB, 0x11DE0, 0x11DE9,
            0x11EE0, 0x11EF8, 0x11F00, 0x11F10, 0x11F12, 0x11F3A, 0x11F3E, 0x11F5A,
            0x12000, 0x12399, 0x12400, 0x1246E, 0x12470, 0x12474, 0x12480, 0x12543,
            0x12F90, 0x12FF2, 0x13000, 0x13455, 0x13460, 0x143FA, 0x14400, 0x14646,
            0x16100, 0x16139, 0x16A40, 0x16A5E, 0x16A60, 0x16A69, 0x16A6E, 0x16ABE,
            0x16AC0, 0x16AC9, 0x16AD0, 0x16AED, 0x16AF0, 0x16AF5, 0x16B00, 0x16B45,
            0x16B50, 0x16B59, 0x16B5B, 0x16B61, 0x16B63, 0x16B77, 0x16B7D, 0x16B8F,
            0x16D40, 0x16D79, 0x16E40, 0x16E9A, 0x16EA0, 0x16EB8, 0x16EBB, 0x16ED3,
            0x16FE0, 0x16FE1, 0x16FE4, 0x16FE4, 0x17000, 0x18CD5, 0x18CFF, 0x18D1E,
            0x18D80, 0x18DF2, 0x1B170, 0x1B2FB, 0x1BC00, 0x1BC6A, 0x1BC70, 0x1BC7C,
            0x1BC80, 0x1BC88, 0x1BC90, 0x1BC99, 0x1BC9C, 0x1BC9F, 0x1D800, 0x1DA8B,
            0x1DA9B, 0x1DA9F, 0x1DAA1, 0x1DAAF, 0x1E000, 0x1E006, 0x1E008, 0x1E018,
            0x1E01B, 0x1E021, 0x1E023, 0x1E024, 0x1E026, 0x1E02A, 0x1E290, 0x1E2AE,
            0x1E4D0, 0x1E4F9, 0x1E5D0, 0x1E5FA, 0x1E5FF, 0x1E5FF, 0x1E6C0, 0x1E6DE,
            0x1E6E0, 0x1E6F5, 0x1E6FE, 0x1E6FF, 0x1E800, 0x1E8C4, 0x1E8C7, 0x1E8D6,
        };
    }
    private static int[] IDTYPE_ranges_6() {
        return new int[] {
            0x138, 0x138, 0x18D, 0x18D, 0x1AA, 0x1AB, 0x1B9, 0x1BB,
            0x1BE, 0x1BF, 0x1F6, 0x1F7, 0x21C, 0x21D, 0x277, 0x277,
            0x27C, 0x27C, 0x29E, 0x29E, 0x345, 0x345, 0x363, 0x373,
            0x376, 0x377, 0x37B, 0x37D, 0x37F, 0x37F, 0x3D8, 0x3E1,
            0x3F3, 0x3F3, 0x3F7, 0x3F8, 0x3FA, 0x3FF, 0x460, 0x489,
            0x49C, 0x49D, 0x4A6, 0x4A7, 0x4B8, 0x4B9, 0x500, 0x50F,
            0x514, 0x523, 0x526, 0x52F, 0x5A2, 0x5A2, 0x5C5, 0x5C6,
            0x63B, 0x63C, 0x63E, 0x640, 0x66E, 0x66F, 0x690, 0x690,
            0x6AC, 0x6AC, 0x77E, 0x77F, 0x7E8, 0x7EA, 0x7FA, 0x7FA,
            0x88E, 0x88E, 0x8AD, 0x8B1, 0x8B5, 0x8B5, 0x90C, 0x90C,
            0x93D, 0x93D, 0x94E, 0x94E, 0x951, 0x952, 0x960, 0x963,
            0x971, 0x971, 0x978, 0x978, 0x980, 0x980, 0x9BD, 0x9BD,
            0x9E0, 0x9E3, 0x9FC, 0x9FC, 0xABD, 0xABD, 0xAE0, 0xAE3,
            0xB3D, 0xB3D, 0xB60, 0xB61, 0xC00, 0xC00, 0xC34, 0xC34,
            0xC3D, 0xC3D, 0xC58, 0xC59, 0xC5C, 0xC5C, 0xC60, 0xC61,
            0xC81, 0xC81, 0xC8C, 0xC8C, 0xCB1, 0xCB1, 0xCBD, 0xCBD,
            0xCDC, 0xCDC, 0xCDE, 0xCDE, 0xCE0, 0xCE3, 0xCF1, 0xCF2,
            0xD01, 0xD01, 0xD04, 0xD04, 0xD3A, 0xD3D, 0xD4C, 0xD4C,
            0xD4E, 0xD4E, 0xD5F, 0xD61, 0xD9E, 0xD9E, 0xF6A, 0xF6A,
            0xF82, 0xF83, 0xF86, 0xF8F, 0x1050, 0x1059, 0x10A0, 0x10C5,
            0x10F1, 0x10F6, 0x1100, 0x115E, 0x1161, 0x11FF, 0x1369, 0x1371,
            0x17A8, 0x17A8, 0x17D1, 0x17D1, 0x17D3, 0x17D3, 0x17D8, 0x17D8,
            0x17DC, 0x17DD, 0x1AB0, 0x1ABD, 0x1C80, 0x1C88, 0x1CD0, 0x1CF9,
            0x1DC0, 0x1DC3, 0x1DCE, 0x1DCE, 0x1DD1, 0x1DE6, 0x1F00, 0x1F15,
            0x1F18, 0x1F1D, 0x1F20, 0x1F45, 0x1F48, 0x1F4D, 0x1F50, 0x1F57,
            0x1F59, 0x1F59, 0x1F5B, 0x1F5B, 0x1F5D, 0x1F5D, 0x1F5F, 0x1F70,
            0x1F72, 0x1F72, 0x1F74, 0x1F74, 0x1F76, 0x1F76, 0x1F78, 0x1F78,
            0x1F7A, 0x1F7A, 0x1F7C, 0x1F7C, 0x1F80, 0x1F9F, 0x1FB0, 0x1FB1,
            0x1FB6, 0x1FBA, 0x1FBC, 0x1FBC, 0x1FC2, 0x1FC4, 0x1FC6, 0x1FC8,
            0x1FCA, 0x1FCA, 0x1FCC, 0x1FCC, 0x1FD0, 0x1FD2, 0x1FD6, 0x1FDA,
            0x1FE0, 0x1FE2, 0x1FE4, 0x1FEA, 0x1FF2, 0x1FF4, 0x1FF6, 0x1FF8,
            0x1FFA, 0x1FFA, 0x1FFC, 0x1FFC, 0x2056, 0x2056, 0x2058, 0x205E,
            0x2127, 0x2127, 0x2132, 0x2132, 0x214E, 0x214F, 0x2180, 0x2188,
            0x2C6D, 0x2C76, 0x2C7E, 0x2C7F, 0x2D00, 0x2D25, 0x2DE0, 0x2E16,
            0x2E2A, 0x2E2F, 0x2E31, 0x2E32, 0x2E35, 0x2E35, 0x2E39, 0x2E39,
            0x301E, 0x301E, 0x302E, 0x302F, 0x312E, 0x312E, 0x31F0, 0x31FF,
            0xA610, 0xA612, 0xA62A, 0xA62B, 0xA640, 0xA66E, 0xA670, 0xA67B,
            0xA67F, 0xA69B, 0xA69E, 0xA69F, 0xA700, 0xA707, 0xA722, 0xA76F,
            0xA771, 0xA787, 0xA790, 0xA791, 0xA794, 0xA7A9, 0xA7AB, 0xA7AD,
            0xA7B0, 0xA7B1, 0xA7C0, 0xA7C1, 0xA7C4, 0xA7C4, 0xA7C7, 0xA7CA,
            0xA7D0, 0xA7D9, 0xA7F5, 0xA7F7, 0xA7FB, 0xA7FF, 0xA8E0, 0xA8FF,
            0xA960, 0xA97C, 0xA9E0, 0xA9E6, 0xAB30, 0xAB5A, 0xAB64, 0xAB65,
            0xD7B0, 0xD7C6, 0xD7CB, 0xD7FB, 0x10140, 0x10174, 0x101D0, 0x101FD,
            0x102E0, 0x102FB, 0x16FE3, 0x16FE3, 0x16FF0, 0x16FF1, 0x1B000, 0x1B122,
            0x1B132, 0x1B132, 0x1B150, 0x1B152, 0x1B155, 0x1B155, 0x1B164, 0x1B167,
            0x1D200, 0x1D245, 0x1E08F, 0x1E08F,
        };
    }
    private static int[] IDTYPE_ranges_7() {
        return new int[] {
            0x180, 0x180, 0x18D, 0x18D, 0x1AA, 0x1AB, 0x1BA, 0x1BB,
            0x1BE, 0x1BE, 0x1C0, 0x1C3, 0x200, 0x217, 0x234, 0x236,
            0x250, 0x252, 0x255, 0x255, 0x258, 0x258, 0x25A, 0x25A,
            0x25C, 0x262, 0x264, 0x267, 0x26A, 0x271, 0x273, 0x288,
            0x28A, 0x28A, 0x28C, 0x291, 0x293, 0x2AF, 0x2B9, 0x2BA,
            0x2BD, 0x2C1, 0x2C6, 0x2D1, 0x2EC, 0x2EC, 0x2EE, 0x2EE,
            0x30E, 0x315, 0x317, 0x31A, 0x31C, 0x320, 0x324, 0x325,
            0x329, 0x330, 0x333, 0x333, 0x335, 0x335, 0x337, 0x33F,
            0x342, 0x342, 0x346, 0x34E, 0x350, 0x357, 0x359, 0x362,
            0x375, 0x375, 0x3CF, 0x3CF, 0x3D7, 0x3D7, 0x3F3, 0x3F3,
            0x3FC, 0x3FC, 0x484, 0x487, 0x559, 0x559, 0x560, 0x560,
            0x588, 0x588, 0x5C7, 0x5C7, 0x653, 0x653, 0x671, 0x671,
            0x6E5, 0x6E6, 0x740, 0x74A, 0x870, 0x888, 0x8C9, 0x8C9,
            0x950, 0x950, 0x953, 0x954, 0x97D, 0x97D, 0xA74, 0xA74,
            0xAD0, 0xAD0, 0xB82, 0xB82, 0xBD0, 0xBD0, 0xD04, 0xD04,
            0xD81, 0xD81, 0xD8F, 0xD90, 0xDDF, 0xDDF, 0xDF3, 0xDF3,
            0xEAF, 0xEAF, 0xF00, 0xF00, 0xF18, 0xF19, 0xF35, 0xF35,
            0xF37, 0xF37, 0xF3E, 0xF3F, 0xFC6, 0xFC6, 0x10F9, 0x10FA,
            0x17CE, 0x17CF, 0x17D1, 0x17D1, 0x17DD, 0x17DD, 0x1ABF, 0x1AC0,
            0x1ACF, 0x1ADD, 0x1AE0, 0x1AEB, 0x1B6B, 0x1B73, 0x1D00, 0x1D2B,
            0x1D2F, 0x1D2F, 0x1D3B, 0x1D3B, 0x1D4E, 0x1D4E, 0x1D6B, 0x1D77,
            0x1D79, 0x1D9A, 0x1DC0, 0x1E01, 0x1E18, 0x1E1B, 0x1E2A, 0x1E2D,
            0x1E72, 0x1E77, 0x1E9C, 0x1E9D, 0x1E9F, 0x1E9F, 0x1EFA, 0x1EFF,
            0x1FB0, 0x1FB1, 0x203F, 0x2040, 0x20D0, 0x20F0, 0x2118, 0x2118,
            0x212E, 0x212E, 0x2180, 0x2183, 0x24EB, 0x24FF, 0x2800, 0x28FF,
            0x2C60, 0x2C67, 0x2C77, 0x2C7B, 0x2CF0, 0x2CF1, 0x2D27, 0x2D27,
            0x2D2D, 0x2D2D, 0x2E00, 0x2E0D, 0x3021, 0x302F, 0x3031, 0x3035,
            0x303B, 0x303C, 0x327F, 0x327F, 0x4DC0, 0x4DFF, 0xA708, 0xA71F,
            0xA722, 0xA72F, 0xA788, 0xA788, 0xA78E, 0xA78E, 0xA7AE, 0xA7AF,
            0xA7BA, 0xA7BF, 0xA7C5, 0xA7C6, 0xA7FA, 0xA7FA, 0xAB68, 0xAB68,
            0xFB1E, 0xFB1E, 0xFBB2, 0xFBD2, 0xFD3E, 0xFD4F, 0xFD90, 0xFD91,
            0xFDC8, 0xFDCF, 0xFDFD, 0xFDFF, 0xFE20, 0xFE2F, 0xFE45, 0xFE46,
            0xFE73, 0xFE73, 0x10EC5, 0x10EC6, 0x10EFB, 0x10EFB, 0x16FF2, 0x16FF6,
            0x1CF00, 0x1CF2D, 0x1CF30, 0x1CF46, 0x1CF50, 0x1CFC3, 0x1D000, 0x1D0F5,
            0x1D100, 0x1D126, 0x1D129, 0x1D15D, 0x1D165, 0x1D172, 0x1D17B, 0x1D1BA,
            0x1D1C1, 0x1D1EA, 0x1D242, 0x1D244, 0x1D300, 0x1D356, 0x1DF00, 0x1DF1E,
            0x1DF25, 0x1DF2A,
        };
    }
    private static int[] IDTYPE_ranges_8() {
        return new int[] {
            0x114, 0x115, 0x12C, 0x12D, 0x14E, 0x14F, 0x156, 0x157,
            0x162, 0x163, 0x182, 0x185, 0x187, 0x188, 0x18B, 0x18C,
            0x193, 0x193, 0x195, 0x195, 0x19A, 0x19C, 0x19E, 0x19F,
            0x1A2, 0x1A9, 0x1AC, 0x1AE, 0x1B1, 0x1B1, 0x1B5, 0x1B6,
            0x1B8, 0x1B8, 0x1BC, 0x1BD, 0x1D5, 0x1DC, 0x1DE, 0x1E5,
            0x1EA, 0x1ED, 0x1F0, 0x1F0, 0x1F4, 0x1F5, 0x1FA, 0x1FF,
            0x21E, 0x233, 0x237, 0x243, 0x245, 0x24B, 0x24E, 0x24F,
            0x305, 0x305, 0x30D, 0x30D, 0x316, 0x316, 0x321, 0x322,
            0x332, 0x332, 0x334, 0x334, 0x336, 0x336, 0x358, 0x358,
            0x400, 0x400, 0x40D, 0x40D, 0x450, 0x450, 0x45D, 0x45D,
            0x48A, 0x48F, 0x4C1, 0x4CE, 0x4DA, 0x4DB, 0x4EA, 0x4ED,
            0x4F6, 0x4F7, 0x4FA, 0x4FF, 0x510, 0x513, 0x591, 0x5BD,
            0x5BF, 0x5BF, 0x5C1, 0x5C2, 0x5C4, 0x5C5, 0x5C7, 0x5C7,
            0x5EF, 0x5F2, 0x610, 0x61A, 0x653, 0x653, 0x656, 0x65F,
            0x69B, 0x69E, 0x6A1, 0x6A1, 0x6A3, 0x6A3, 0x6B2, 0x6B2,
            0x6B4, 0x6B4, 0x6B8, 0x6B9, 0x6BF, 0x6BF, 0x6D6, 0x6DC,
            0x6DF, 0x6E4, 0x6E7, 0x6E8, 0x6EA, 0x6ED, 0x6FA, 0x6FC,
            0x750, 0x750, 0x753, 0x755, 0x757, 0x75F, 0x761, 0x761,
            0x764, 0x765, 0x769, 0x769, 0x76B, 0x76D, 0x772, 0x77D,
            0x889, 0x88D, 0x897, 0x89F, 0x8A1, 0x8A1, 0x8AA, 0x8AC,
            0x8B2, 0x8B4, 0x8B6, 0x8BA, 0x8C3, 0x8C6, 0x8C8, 0x8C8,
            0x8CA, 0x8E1, 0x8E3, 0x900, 0x904, 0x904, 0x929, 0x929,
            0x934, 0x934, 0x944, 0x944, 0x955, 0x955, 0x979, 0x97A,
            0x98C, 0x98C, 0x9D7, 0x9D7, 0x9FE, 0x9FE, 0xA01, 0xA01,
            0xA03, 0xA03, 0xA51, 0xA51, 0xA66, 0xA6F, 0xA72, 0xA73,
            0xA75, 0xA75, 0xA81, 0xA81, 0xAF9, 0xAFF, 0xB0C, 0xB0C,
            0xB35, 0xB35, 0xB44, 0xB44, 0xB55, 0xB55, 0xB57, 0xB57,
            0xB62, 0xB63, 0xB66, 0xB6F, 0xBD7, 0xBD7, 0xBE6, 0xBEF,
            0xC01, 0xC01, 0xC04, 0xC04, 0xC0C, 0xC0C, 0xC31, 0xC31,
            0xC3C, 0xC3C, 0xC55, 0xC56, 0xC5A, 0xC5A, 0xC5D, 0xC5D,
            0xC62, 0xC63, 0xC66, 0xC6F, 0xC80, 0xC80, 0xCBC, 0xCBC,
            0xCC4, 0xCC4, 0xCD5, 0xCD6, 0xCDD, 0xCDD, 0xCF3, 0xCF3,
            0xD00, 0xD00, 0xD0C, 0xD0C, 0xD29, 0xD29, 0xD44, 0xD44,
            0xD54, 0xD56, 0xD62, 0xD63, 0xD66, 0xD6F, 0xD8E, 0xD90,
            0xDDF, 0xDDF, 0xDE6, 0xDEF, 0xDF3, 0xDF3, 0xE4E, 0xE4E,
            0xE86, 0xE86, 0xE89, 0xE89, 0xE8C, 0xE8C, 0xE8E, 0xE93,
            0xE98, 0xE98, 0xEA0, 0xEA0, 0xEA8, 0xEA9, 0xEAC, 0xEAC,
            0xEBA, 0xEBA, 0xECE, 0xECE, 0xEDE, 0xEDF, 0xF39, 0xF39,
            0xF6A, 0xF6C, 0xF82, 0xF83, 0xFAE, 0xFB0, 0xFC6, 0xFC6,
            0x1050, 0x1059, 0x1065, 0x1074, 0x108B, 0x108E, 0x1090, 0x109D,
            0x10F7, 0x10FA, 0x10FD, 0x10FF, 0x1207, 0x1207, 0x1287, 0x1287,
            0x12AF, 0x12AF, 0x12F8, 0x12FF, 0x130F, 0x130F, 0x131F, 0x131F,
            0x1347, 0x1347, 0x135A, 0x135A, 0x135D, 0x135F, 0x1380, 0x138F,
            0x179D, 0x179E, 0x17A9, 0x17A9, 0x17D7, 0x17D7, 0x18A9, 0x18A9,
            0x1AC1, 0x1ACE, 0x1C89, 0x1C8A, 0x1E02, 0x1E0B, 0x1E0E, 0x1E11,
            0x1E14, 0x1E17, 0x1E1C, 0x1E1F, 0x1E22, 0x1E23, 0x1E26, 0x1E29,
            0x1E2E, 0x1E35, 0x1E38, 0x1E3B, 0x1E40, 0x1E41, 0x1E4C, 0x1E59,
            0x1E5C, 0x1E61, 0x1E64, 0x1E6B, 0x1E6E, 0x1E6F, 0x1E78, 0x1E8B,
            0x1E8E, 0x1E91, 0x1E94, 0x1E99, 0x2054, 0x2054, 0x218A, 0x218B,
            0x2BEC, 0x2BEF, 0x2C68, 0x2C6C, 0x2D80, 0x2D96, 0x2DA0, 0x2DA6,
            0x2DA8, 0x2DAE, 0x2DB0, 0x2DB6, 0x2DB8, 0x2DBE, 0x2DC0, 0x2DC6,
            0x2DC8, 0x2DCE, 0x2DD0, 0x2DD6, 0x2DD8, 0x2DDE, 0x3099, 0x309A,
            0x3400, 0x3446, 0x3448, 0x3472, 0x3474, 0x34E3, 0x34E5, 0x3576,
            0x3578, 0x359D, 0x359F, 0x35A0, 0x35A2, 0x35AC, 0x35AE, 0x35BE,
            0x35C0, 0x35CD, 0x35CF, 0x35F2, 0x35F4, 0x35FD, 0x35FF, 0x360D,
            0x360F, 0x3619, 0x361B, 0x3917, 0x3919, 0x395F, 0x3961, 0x396D,
            0x396F, 0x39CE, 0x39D1, 0x39DA, 0x39DC, 0x39DE, 0x39E0, 0x39F7,
            0x39F9, 0x39FD, 0x39FF, 0x3A17, 0x3A19, 0x3A51, 0x3A53, 0x3A5B,
            0x3A5D, 0x3A66, 0x3A68, 0x3A72, 0x3A74, 0x3B38, 0x3B3A, 0x3B4D,
            0x3B4F, 0x3BA2, 0x3BA4, 0x3C6D, 0x3C6F, 0x3CDF, 0x3CE1, 0x3DE6,
            0x3DE8, 0x3DEA, 0x3DEC, 0x3E73, 0x3E75, 0x3ECF, 0x3ED1, 0x4055,
            0x4057, 0x4064, 0x4066, 0x4069, 0x406B, 0x40BA, 0x40BC, 0x40DE,
            0x40E0, 0x4136, 0x4138, 0x415E, 0x4160, 0x4336, 0x4338, 0x43AB,
            0x43AD, 0x43B0, 0x43B2, 0x43D2, 0x43D4, 0x43DC, 0x43DE, 0x4442,
            0x4444, 0x44D5, 0x44D7, 0x44E9, 0x44EB, 0x4605, 0x4607, 0x464B,
            0x464D, 0x4660, 0x4662, 0x4722, 0x4724, 0x4728, 0x472A, 0x477B,
            0x477D, 0x478C, 0x478E, 0x47F3, 0x47F5, 0x4881, 0x4883, 0x4946,
            0x4948, 0x4979, 0x497B, 0x497C, 0x497E, 0x4981, 0x4984, 0x4984,
            0x4987, 0x499A, 0x499C, 0x499E, 0x49A0, 0x49B5, 0x49B8, 0x4A11,
            0x4A13, 0x4AB7, 0x4AB9, 0x4C76, 0x4C78, 0x4C7C, 0x4C7E, 0x4C80,
            0x4C82, 0x4C84, 0x4C86, 0x4C9C, 0x4CA4, 0x4D12, 0x4D1A, 0x4DAD,
            0x4DAF, 0x4DBF, 0x4E12, 0x4E12, 0x4E29, 0x4E29, 0x4E68, 0x4E68,
            0x4E79, 0x4E79, 0x4E96, 0x4E96, 0x4EA3, 0x4EA3, 0x4EBC, 0x4EBC,
            0x4ECC, 0x4ECC, 0x4EE7, 0x4EE7, 0x4EF8, 0x4EFA, 0x4EFC, 0x4EFC,
            0x4EFE, 0x4EFE, 0x4F07, 0x4F07, 0x4F16, 0x4F16, 0x4F28, 0x4F28,
            0x4F31, 0x4F31, 0x4F35, 0x4F35, 0x4F37, 0x4F37, 0x4F40, 0x4F40,
            0x4F44, 0x4F44, 0x4F71, 0x4F71, 0x4F8C, 0x4F8C, 0x4F8E, 0x4F8E,
            0x4FA2, 0x4FA2, 0x4FBD, 0x4FBD, 0x4FC6, 0x4FC6, 0x4FC8, 0x4FC8,
            0x4FCC, 0x4FCC, 0x4FE2, 0x4FE2, 0x4FFC, 0x4FFD, 0x5010, 0x5010,
            0x5034, 0x5034, 0x5038, 0x5038, 0x503D, 0x503D, 0x5042, 0x5042,
            0x5052, 0x5052, 0x5058, 0x5058, 0x507C, 0x507C, 0x5081, 0x5081,
            0x5093, 0x5093, 0x5097, 0x5097, 0x509F, 0x50A1, 0x50B9, 0x50B9,
            0x50C3, 0x50C3, 0x50D8, 0x50D8, 0x50DF, 0x50DF, 0x50E1, 0x50E2,
            0x50EB, 0x50EB, 0x50F4, 0x50F4, 0x50F7, 0x50F7, 0x511B, 0x511B,
            0x5128, 0x5128, 0x512B, 0x512B, 0x5142, 0x5142, 0x514A, 0x514A,
            0x514F, 0x514F, 0x5153, 0x5153, 0x5158, 0x5158, 0x5160, 0x5160,
            0x5164, 0x5164, 0x5172, 0x5172, 0x517E, 0x517E, 0x5183, 0x5184,
            0x518E, 0x518E, 0x51A1, 0x51A1, 0x51A3, 0x51A3, 0x51AD, 0x51AD,
            0x51B8, 0x51B8, 0x51BA, 0x51BA, 0x51C2, 0x51C2, 0x51D2, 0x51D3,
            0x51DF, 0x51DF, 0x51EC, 0x51EC, 0x51EE, 0x51EE, 0x51F2, 0x51F2,
            0x5253, 0x5253, 0x5266, 0x5266, 0x5279, 0x5279, 0x5285, 0x5285,
            0x528E, 0x528E, 0x52C4, 0x52C4, 0x52C8, 0x52C8, 0x52CC, 0x52CC,
            0x52CE, 0x52CE, 0x52D1, 0x52D1, 0x52D4, 0x52D4, 0x52E1, 0x52E1,
            0x52E5, 0x52E5, 0x52EE, 0x52EE, 0x5303, 0x5304, 0x5318, 0x5318,
            0x531B, 0x531B, 0x531E, 0x531E, 0x5327, 0x5327, 0x5329, 0x5329,
            0x5332, 0x5332, 0x5335, 0x5336, 0x5342, 0x5342, 0x535B, 0x535B,
            0x535D, 0x535D, 0x536A, 0x536A, 0x536D, 0x536D, 0x5380, 0x5380,
            0x53A1, 0x53A1, 0x53AA, 0x53AB, 0x53AF, 0x53AF, 0x53BA, 0x53BA,
            0x53C5, 0x53C5, 0x53CF, 0x53CF, 0x53DD, 0x53DE, 0x53E7, 0x53E7,
            0x53FF, 0x5400, 0x541A, 0x541A, 0x5422, 0x5422, 0x544C, 0x544C,
            0x545D, 0x545D, 0x5469, 0x5469, 0x548A, 0x548A, 0x54B5, 0x54B5,
            0x54F6, 0x54F6, 0x5515, 0x5515, 0x5518, 0x5519, 0x5547, 0x5547,
            0x5560, 0x5560, 0x557A, 0x557A, 0x55E0, 0x55E0, 0x55F8, 0x55F8,
            0x560A, 0x560B, 0x5620, 0x5620, 0x562B, 0x562B, 0x5637, 0x5637,
            0x563C, 0x563C, 0x5644, 0x5644, 0x564B, 0x564B, 0x5651, 0x5651,
            0x5656, 0x5656, 0x565F, 0x565F, 0x5661, 0x5661, 0x5675, 0x5675,
            0x567D, 0x567D, 0x5688, 0x5688, 0x568B, 0x568B, 0x5696, 0x5696,
            0x569E, 0x569E, 0x56BA, 0x56BA, 0x56CF, 0x56CF, 0x56D9, 0x56D9,
            0x56E6, 0x56E6, 0x56F6, 0x56F6, 0x56F8, 0x56F8, 0x56FB, 0x56FC,
            0x5705, 0x5705, 0x5711, 0x5711, 0x5717, 0x5717, 0x5721, 0x5721,
            0x5724, 0x5724, 0x573D, 0x573D, 0x5743, 0x5743, 0x5748, 0x5748,
            0x5755, 0x5756, 0x5758, 0x5758, 0x5763, 0x5763, 0x5778, 0x5778,
            0x5781, 0x5781, 0x5787, 0x5787, 0x5796, 0x5796, 0x57A8, 0x57A8,
            0x57CA, 0x57CA, 0x57D1, 0x57D1, 0x57DB, 0x57DB, 0x5817, 0x5818,
            0x5850, 0x5850, 0x5856, 0x5856, 0x5860, 0x5860, 0x5866, 0x5867,
            0x5877, 0x5877, 0x5895, 0x5895, 0x58AA, 0x58AA, 0x58B6, 0x58B6,
            0x58C0, 0x58C0, 0x58C3, 0x58C4, 0x58CD, 0x58CD, 0x58D0, 0x58D0,
            0x58E1, 0x58E1, 0x58E6, 0x58E6, 0x58F5, 0x58F5, 0x5901, 0x5901,
            0x5905, 0x5905, 0x5908, 0x5908, 0x5911, 0x5911, 0x5913, 0x5913,
            0x5923, 0x5923, 0x5933, 0x5933, 0x5936, 0x5936, 0x5959, 0x5959,
            0x595B, 0x595B, 0x59B7, 0x59B7, 0x59E7, 0x59E7, 0x5A24, 0x5A24,
            0x5A26, 0x5A26, 0x5A2C, 0x5A2C, 0x5A30, 0x5A30, 0x5A54, 0x5A54,
            0x5A59, 0x5A59, 0x5A6F, 0x5A6F, 0x5A71, 0x5A71, 0x5A87, 0x5A87,
            0x5A8D, 0x5A8D, 0x5AAB, 0x5AAB, 0x5AD3, 0x5AD3, 0x5AEF, 0x5AF0,
            0x5B0A, 0x5B0A, 0x5B0D, 0x5B0D, 0x5B39, 0x5B39, 0x5B46, 0x5B46,
            0x5B4F, 0x5B4F, 0x5B52, 0x5B52, 0x5B60, 0x5B61, 0x5B6F, 0x5B6F,
            0x5B79, 0x5B79, 0x5B7E, 0x5B7E, 0x5B86, 0x5B86, 0x5B90, 0x5B90,
            0x5BA9, 0x5BA9, 0x5BB2, 0x5BB2, 0x5BB7, 0x5BB7, 0x5BBC, 0x5BBC,
            0x5BC8, 0x5BC8, 0x5BDA, 0x5BDA, 0x5C00, 0x5C00, 0x5C1B, 0x5C1B,
            0x5C23, 0x5C23, 0x5C26, 0x5C26, 0x5C29, 0x5C29, 0x5C36, 0x5C36,
            0x5C5A, 0x5C5A, 0x5C85, 0x5C85, 0x5CB4, 0x5CB4, 0x5CB9, 0x5CB9,
            0x5CD5, 0x5CD5, 0x5CDD, 0x5CDD, 0x5CF5, 0x5CF5, 0x5D2B, 0x5D2B,
            0x5D2F, 0x5D2F, 0x5D3B, 0x5D3B, 0x5D53, 0x5D53, 0x5D57, 0x5D57,
            0x5D60, 0x5D60, 0x5D83, 0x5D83, 0x5D96, 0x5D96, 0x5DA3, 0x5DA4,
            0x5DAB, 0x5DAB, 0x5DB3, 0x5DB3, 0x5DB9, 0x5DB9, 0x5DC4, 0x5DC4,
            0x5DD7, 0x5DD7, 0x5DDA, 0x5DDA, 0x5DDC, 0x5DDC, 0x5DF6, 0x5DF6,
            0x5E12, 0x5E12, 0x5E48, 0x5E48, 0x5E51, 0x5E51, 0x5E92, 0x5E92,
            0x5EBA, 0x5EBA, 0x5EC0, 0x5EC0, 0x5EEB, 0x5EEB, 0x5EF9, 0x5EF9,
            0x5F0E, 0x5F0E, 0x5F3B, 0x5F3B, 0x5F3D, 0x5F3D, 0x5F8F, 0x5F8F,
            0x5F9A, 0x5F9A, 0x5FA3, 0x5FA4, 0x5FB0, 0x5FB0, 0x5FC2, 0x5FC2,
            0x5FCE, 0x5FCE, 0x5FDB, 0x5FDB, 0x5FE2, 0x5FE2, 0x5FEC, 0x5FEC,
            0x5FFC, 0x5FFC, 0x6023, 0x6023, 0x6056, 0x6056, 0x6061, 0x6061,
            0x6071, 0x6071, 0x6074, 0x6074, 0x6091, 0x6091, 0x6093, 0x6093,
            0x60A5, 0x60A5, 0x60D2, 0x60D2, 0x60D6, 0x60D6, 0x60DE, 0x60DE,
            0x60E5, 0x60E5, 0x60FD, 0x60FD, 0x6102, 0x6102, 0x6107, 0x6107,
            0x6111, 0x6111, 0x611E, 0x611E, 0x6131, 0x6131, 0x6133, 0x6133,
            0x6135, 0x6135, 0x6138, 0x6139, 0x6160, 0x6160, 0x617B, 0x617B,
            0x617F, 0x617F, 0x6186, 0x6186, 0x6197, 0x6197, 0x619C, 0x619C,
            0x61B9, 0x61B9, 0x61BB, 0x61BB, 0x61D3, 0x61D3, 0x61D5, 0x61D5,
            0x61EC, 0x61EC, 0x61EF, 0x61EF, 0x6205, 0x6205, 0x6235, 0x6235,
            0x6239, 0x6239, 0x6257, 0x6257, 0x628D, 0x628D, 0x629D, 0x629D,
            0x62DE, 0x62DE, 0x62EA, 0x62EA, 0x630A, 0x630A, 0x6317, 0x6317,
            0x6331, 0x6331, 0x6337, 0x6337, 0x635B, 0x635B, 0x638B, 0x638B,
            0x6393, 0x6393, 0x63D1, 0x63D1, 0x643B, 0x643C, 0x6449, 0x6449,
            0x645A, 0x645A, 0x647E, 0x647E, 0x6486, 0x6486, 0x64A1, 0x64A1,
            0x64AF, 0x64AF, 0x64B6, 0x64B6, 0x64C8, 0x64C8, 0x64D5, 0x64D5,
            0x64EE, 0x64EE, 0x64F5, 0x64F5, 0x64F9, 0x64F9, 0x6502, 0x6502,
            0x650A, 0x650A, 0x651F, 0x651F, 0x6528, 0x6528, 0x6540, 0x6540,
            0x6542, 0x6542, 0x655A, 0x655A, 0x655F, 0x655F, 0x657D, 0x657D,
            0x658A, 0x658A, 0x659A, 0x659A, 0x65B5, 0x65B5, 0x65BE, 0x65BE,
            0x65C8, 0x65C9, 0x65D1, 0x65D1, 0x65D8, 0x65D8, 0x65DC, 0x65DC,
            0x65E4, 0x65E4, 0x65EA, 0x65EA, 0x65F9, 0x65F9, 0x65FE, 0x65FE,
            0x6617, 0x6617, 0x662C, 0x662C, 0x6637, 0x6638, 0x6648, 0x6648,
            0x664D, 0x664D, 0x6660, 0x6660, 0x6663, 0x6663, 0x6692, 0x6692,
            0x669C, 0x669C, 0x669E, 0x669E, 0x66AC, 0x66AD, 0x66D0, 0x66D0,
            0x66D3, 0x66D3, 0x66D7, 0x66D7, 0x66DF, 0x66DF, 0x66EF, 0x66EF,
            0x6702, 0x6702, 0x6707, 0x6707, 0x6719, 0x6719, 0x6724, 0x6724,
            0x6729, 0x6729, 0x6767, 0x6767, 0x6788, 0x6788, 0x6796, 0x6796,
            0x67BD, 0x67BD, 0x67BF, 0x67BF, 0x67D5, 0x67D5, 0x67D7, 0x67D7,
            0x67F9, 0x67F9, 0x6801, 0x6801, 0x6815, 0x6815, 0x6827, 0x6827,
            0x6830, 0x6830, 0x6858, 0x6858, 0x685A, 0x685A, 0x685E, 0x685E,
            0x687A, 0x687A, 0x6895, 0x6895, 0x6899, 0x6899, 0x68A5, 0x68A5,
            0x68B8, 0x68B8, 0x68C3, 0x68C3, 0x68D9, 0x68D9, 0x68E2, 0x68E2,
            0x68E5, 0x68E5, 0x6909, 0x6909, 0x693E, 0x693E, 0x694D, 0x694D,
            0x699F, 0x699F, 0x69A2, 0x69A2, 0x69C0, 0x69C0, 0x69D1, 0x69D2,
            0x69D5, 0x69D7, 0x6A03, 0x6A03, 0x6A1C, 0x6A1C, 0x6A24, 0x6A24,
            0x6A37, 0x6A37, 0x6A4A, 0x6A4A, 0x6A5C, 0x6A5C, 0x6A6E, 0x6A6E,
            0x6A70, 0x6A70, 0x6A86, 0x6A86, 0x6A8A, 0x6A8A, 0x6A8F, 0x6A8F,
            0x6A99, 0x6A99, 0x6A9D, 0x6A9D, 0x6AB1, 0x6AB1, 0x6ABE, 0x6ABE,
            0x6AC0, 0x6AC0, 0x6AC4, 0x6AC4, 0x6AC9, 0x6AC9, 0x6AD8, 0x6AD8,
            0x6AE9, 0x6AE9, 0x6B0E, 0x6B0E, 0x6B1B, 0x6B1B, 0x6B2E, 0x6B2E,
            0x6B35, 0x6B35, 0x6B40, 0x6B40, 0x6B57, 0x6B58, 0x6B5D, 0x6B5D,
            0x6B68, 0x6B68, 0x6B6C, 0x6B6C, 0x6B6E, 0x6B6E, 0x6B71, 0x6B71,
            0x6B75, 0x6B75, 0x6B7D, 0x6B7D, 0x6BB8, 0x6BB8, 0x6BE9, 0x6BE9,
            0x6BF1, 0x6BF1, 0x6BF4, 0x6BF4, 0x6BFA, 0x6BFA, 0x6C0A, 0x6C0A,
            0x6C1C, 0x6C1C, 0x6C2D, 0x6C2D, 0x6C3C, 0x6C3C, 0x6C45, 0x6C45,
            0x6C6C, 0x6C6C, 0x6C6E, 0x6C6E, 0x6CA0, 0x6CA0, 0x6CD8, 0x6CD8,
            0x6CF4, 0x6CF4, 0x6D02, 0x6D02, 0x6D1C, 0x6D1C, 0x6D24, 0x6D24,
            0x6D71, 0x6D71, 0x6D81, 0x6D81, 0x6D96, 0x6D96, 0x6DB0, 0x6DB1,
            0x6DB6, 0x6DB6, 0x6DFE, 0x6DFF, 0x6E01, 0x6E02, 0x6E06, 0x6E06,
            0x6E12, 0x6E12, 0x6E18, 0x6E18, 0x6E2A, 0x6E2A, 0x6E4C, 0x6E4C,
            0x6E6C, 0x6E6C, 0x6E7B, 0x6E7D, 0x6E8B, 0x6E8B, 0x6E95, 0x6E95,
            0x6EDB, 0x6EDB, 0x6EE3, 0x6EE3, 0x6F04, 0x6F04, 0x6F0B, 0x6F0B,
            0x6F42, 0x6F42, 0x6F48, 0x6F48, 0x6F4A, 0x6F4A, 0x6F79, 0x6F79,
            0x6F98, 0x6F98, 0x6F9A, 0x6F9A, 0x6F9F, 0x6F9F, 0x6FB7, 0x6FB7,
            0x6FC5, 0x6FC5, 0x6FD0, 0x6FD0, 0x6FD3, 0x6FD3, 0x6FF5, 0x6FF5,
            0x6FFD, 0x6FFD, 0x7010, 0x7010, 0x7013, 0x7013, 0x7047, 0x7047,
            0x704B, 0x704B, 0x704E, 0x704E, 0x7072, 0x7073, 0x707B, 0x707B,
            0x7081, 0x7081, 0x708D, 0x708D, 0x7097, 0x7097, 0x709B, 0x709B,
            0x70AA, 0x70AA, 0x70B2, 0x70B2, 0x70B6, 0x70B6, 0x70D5, 0x70D5,
            0x70FE, 0x70FE, 0x7108, 0x7108, 0x7124, 0x7124, 0x7133, 0x7134,
            0x7157, 0x7157, 0x716B, 0x716B, 0x716D, 0x716D, 0x718D, 0x718D,
            0x7196, 0x7196, 0x71A6, 0x71A6, 0x71AB, 0x71AB, 0x71B6, 0x71B6,
            0x71CC, 0x71CC, 0x71D3, 0x71D3, 0x71F3, 0x71F3, 0x71FA, 0x71FA,
            0x720B, 0x720B, 0x7211, 0x7211, 0x7215, 0x7215, 0x7217, 0x7217,
            0x7220, 0x7220, 0x7224, 0x7225, 0x722F, 0x722F, 0x7234, 0x7234,
            0x7245, 0x7245, 0x724E, 0x724E, 0x7250, 0x7250, 0x7255, 0x7255,
            0x72AB, 0x72AB, 0x72BE, 0x72BE, 0x7302, 0x7302, 0x7310, 0x7310,
            0x7328, 0x7328, 0x7353, 0x7353, 0x739C, 0x739C, 0x73C1, 0x73C1,
            0x73F3, 0x73F3, 0x73FB, 0x73FB, 0x7418, 0x7418, 0x7439, 0x7439,
            0x743E, 0x743E, 0x7447, 0x7447, 0x7449, 0x7449, 0x7458, 0x7458,
            0x747B, 0x747B, 0x7484, 0x7484, 0x7496, 0x7496, 0x749D, 0x749D,
            0x74C7, 0x74C7, 0x74C9, 0x74C9, 0x74CC, 0x74CC, 0x74EB, 0x74EB,
            0x7520, 0x7520, 0x7541, 0x7541, 0x7552, 0x7552, 0x7555, 0x7555,
            0x755E, 0x755E, 0x7561, 0x7561, 0x7571, 0x7571, 0x757B, 0x757B,
            0x7585, 0x7585, 0x75A9, 0x75A9, 0x75B7, 0x75B7, 0x75DC, 0x75DC,
            0x75EE, 0x75EE, 0x762C, 0x762C, 0x7644, 0x7645, 0x7651, 0x7651,
            0x7655, 0x7655, 0x7673, 0x7673, 0x768D, 0x768D, 0x76A1, 0x76A2,
            0x76A5, 0x76A5, 0x76A8, 0x76A8, 0x76B3, 0x76B3, 0x76B6, 0x76B6,
            0x76C1, 0x76C1, 0x76CB, 0x76CB, 0x76D9, 0x76D9, 0x76EB, 0x76EB,
            0x7700, 0x7700, 0x7702, 0x7702, 0x770E, 0x770E, 0x7721, 0x7721,
            0x772B, 0x772B, 0x773F, 0x773F, 0x7742, 0x7742, 0x7764, 0x7764,
            0x7796, 0x7796, 0x77A4, 0x77A4, 0x77BE, 0x77BE, 0x77C1, 0x77C1,
            0x77D2, 0x77D2, 0x77DD, 0x77DD, 0x77E4, 0x77E4, 0x77E6, 0x77E6,
            0x77F4, 0x77F5, 0x7824, 0x7824, 0x7836, 0x7836, 0x7842, 0x7842,
            0x7846, 0x7846, 0x784B, 0x784B, 0x7876, 0x7876, 0x7888, 0x7888,
            0x78C2, 0x78C2, 0x78C7, 0x78C7, 0x78D2, 0x78D2, 0x78F0, 0x78F0,
            0x78F8, 0x78F8, 0x7900, 0x7900, 0x7908, 0x7908, 0x790D, 0x790D,
            0x7915, 0x7915, 0x791F, 0x7920, 0x7932, 0x7932, 0x7936, 0x7936,
            0x7959, 0x7959, 0x796C, 0x796C, 0x796E, 0x796E, 0x7975, 0x7976,
            0x7986, 0x7987, 0x799E, 0x799E, 0x79A9, 0x79A9, 0x79BC, 0x79BC,
            0x79C4, 0x79C4, 0x79C7, 0x79C7, 0x79CC, 0x79CC, 0x79D4, 0x79D4,
            0x79D7, 0x79D7, 0x7A01, 0x7A01, 0x7A07, 0x7A07, 0x7A09, 0x7A09,
            0x7A2C, 0x7A2C, 0x7A38, 0x7A38, 0x7A3A, 0x7A3A, 0x7A64, 0x7A64,
            0x7A6A, 0x7A6A, 0x7A6F, 0x7A6F, 0x7A82, 0x7A82, 0x7A9A, 0x7A9B,
            0x7AB9, 0x7AB9, 0x7ABB, 0x7ABD, 0x7AC2, 0x7AC2, 0x7AC6, 0x7AC6,
            0x7AE9, 0x7AE9, 0x7AF5, 0x7AF5, 0x7AFC, 0x7AFC, 0x7B07, 0x7B07,
            0x7B1F, 0x7B1F, 0x7B27, 0x7B27, 0x7B29, 0x7B29, 0x7B42, 0x7B42,
            0x7B53, 0x7B53, 0x7BA3, 0x7BA3, 0x7BA5, 0x7BA5, 0x7BB0, 0x7BB0,
            0x7BB2, 0x7BB2, 0x7BFA, 0x7BFA, 0x7C1B, 0x7C1B, 0x7C2E, 0x7C2F,
            0x7C52, 0x7C52, 0x7C55, 0x7C55, 0x7C5D, 0x7C5D, 0x7C76, 0x7C76,
            0x7C87, 0x7C87, 0x7C93, 0x7C93, 0x7C9A, 0x7C9A, 0x7CAC, 0x7CAC,
            0x7CD3, 0x7CD3, 0x7CDA, 0x7CDB, 0x7CE1, 0x7CE1, 0x7CE3, 0x7CE3,
            0x7CE5, 0x7CE6, 0x7CFC, 0x7CFC, 0x7CFF, 0x7CFF, 0x7D23, 0x7D23,
            0x7D2A, 0x7D2A, 0x7D2D, 0x7D2D, 0x7D48, 0x7D48, 0x7D4D, 0x7D4D,
            0x7D5A, 0x7D5A, 0x7D64, 0x7D64, 0x7D78, 0x7D78, 0x7D82, 0x7D82,
            0x7D95, 0x7D95, 0x7D98, 0x7D98, 0x7DA4, 0x7DA4, 0x7DA8, 0x7DA8,
            0x7DCD, 0x7DCD, 0x7DD3, 0x7DD3, 0x7DE5, 0x7DE5, 0x7DEB, 0x7DEB,
            0x7DFD, 0x7DFF, 0x7E18, 0x7E18, 0x7E5B, 0x7E5B, 0x7E64, 0x7E64,
            0x7E9D, 0x7E9D, 0x7F3B, 0x7F3C, 0x7F41, 0x7F41, 0x7F46, 0x7F46,
            0x7F59, 0x7F59, 0x7F84, 0x7F84, 0x7F90, 0x7F90, 0x7F97, 0x7F97,
            0x7F99, 0x7F99, 0x7FB4, 0x7FB4, 0x7FD6, 0x7FD6, 0x7FDD, 0x7FDD,
            0x7FE4, 0x7FE4, 0x800A, 0x800A, 0x802F, 0x802F, 0x803C, 0x803C,
            0x8040, 0x8040, 0x8066, 0x8066, 0x8088, 0x8088, 0x808E, 0x808E,
            0x8094, 0x8094, 0x80A6, 0x80A8, 0x80B3, 0x80B3, 0x80B9, 0x80B9,
            0x80DF, 0x80DF, 0x8103, 0x8104, 0x8134, 0x8135, 0x8184, 0x8184,
            0x8190, 0x8190, 0x8196, 0x8196, 0x81CB, 0x81CB, 0x81E4, 0x81E4,
            0x81EF, 0x81F0, 0x8213, 0x8213, 0x8224, 0x8224, 0x8241, 0x8241,
            0x8265, 0x8265, 0x828C, 0x828C, 0x82B2, 0x82B2, 0x82E2, 0x82E2,
            0x82FC, 0x82FC, 0x830A, 0x830A, 0x8310, 0x8310, 0x8330, 0x8330,
            0x8355, 0x8355, 0x83BE, 0x83BE, 0x83E6, 0x83E6, 0x83ED, 0x83ED,
            0x8414, 0x8414, 0x8416, 0x8417, 0x841F, 0x841F, 0x8458, 0x8458,
            0x8483, 0x8483, 0x8495, 0x8495, 0x84B7, 0x84B7, 0x84C3, 0x84C3,
            0x84ED, 0x84ED, 0x8505, 0x8505, 0x8510, 0x8510, 0x8532, 0x8533,
            0x854C, 0x854C, 0x8550, 0x8550, 0x857F, 0x857F, 0x8593, 0x8593,
            0x85B2, 0x85B2, 0x85BB, 0x85BB, 0x85CC, 0x85CC, 0x85EE, 0x85EE,
            0x85F3, 0x85F3, 0x85FC, 0x85FC, 0x8603, 0x8603, 0x860D, 0x860E,
            0x8610, 0x8610, 0x8615, 0x8615, 0x861D, 0x861D, 0x8637, 0x8637,
            0x8657, 0x8657, 0x8675, 0x8675, 0x8689, 0x8689, 0x8692, 0x8692,
            0x86A0, 0x86A0, 0x86A6, 0x86A6, 0x86D5, 0x86D5, 0x86E0, 0x86E0,
            0x86E7, 0x86E7, 0x86FD, 0x86FD, 0x871D, 0x871D, 0x872F, 0x872F,
            0x873D, 0x873D, 0x8745, 0x8745, 0x8771, 0x8771, 0x878E, 0x878E,
            0x8799, 0x8799, 0x87DA, 0x87DA, 0x87F0, 0x87F0, 0x8807, 0x8807,
            0x8812, 0x8812, 0x882D, 0x882D, 0x883A, 0x883A, 0x8847, 0x8847,
            0x8858, 0x8858, 0x885C, 0x885C, 0x885F, 0x885F, 0x887A, 0x887A,
            0x88E6, 0x88E6, 0x88E9, 0x88E9, 0x88ED, 0x88ED, 0x8903, 0x8903,
            0x890F, 0x890F, 0x8924, 0x8924, 0x8965, 0x8965, 0x8975, 0x8975,
            0x897D, 0x897D, 0x898D, 0x898D, 0x8990, 0x8990, 0x8994, 0x8994,
            0x8999, 0x8999, 0x89B0, 0x89B0, 0x89B4, 0x89B4, 0x89BB, 0x89BC,
            0x89EE, 0x89EE, 0x89F5, 0x89F5, 0x89F9, 0x89F9, 0x89FD, 0x89FD,
            0x8A05, 0x8A06, 0x8A14, 0x8A14, 0x8A19, 0x8A19, 0x8A20, 0x8A21,
            0x8A2B, 0x8A2B, 0x8A3D, 0x8A3D, 0x8A4B, 0x8A4B, 0x8A64, 0x8A64,
            0x8A78, 0x8A78, 0x8A7D, 0x8A7D, 0x8A88, 0x8A88, 0x8A9F, 0x8A9F,
            0x8AAF, 0x8AAF, 0x8AB7, 0x8AB7, 0x8AD0, 0x8AD0, 0x8AEC, 0x8AEC,
            0x8B29, 0x8B29, 0x8B32, 0x8B32, 0x8B38, 0x8B38, 0x8B3F, 0x8B3F,
            0x8B61, 0x8B62, 0x8B69, 0x8B69, 0x8B75, 0x8B75, 0x8B7C, 0x8B7C,
            0x8B81, 0x8B81, 0x8B87, 0x8B87, 0x8B8D, 0x8B8D, 0x8B8F, 0x8B8F,
            0x8B9B, 0x8B9B, 0x8C38, 0x8C38, 0x8C40, 0x8C40, 0x8C44, 0x8C44,
            0x8C51, 0x8C53, 0x8C58, 0x8C58, 0x8C74, 0x8C74, 0x8C7F, 0x8C7F,
            0x8C83, 0x8C83, 0x8C87, 0x8C87, 0x8C8B, 0x8C8B, 0x8C9B, 0x8C9B,
            0x8CA6, 0x8CA6, 0x8CCB, 0x8CCB, 0x8CD6, 0x8CD6, 0x8CD8, 0x8CD8,
            0x8CE9, 0x8CE9, 0x8CF7, 0x8CF7, 0x8D01, 0x8D01, 0x8D11, 0x8D12,
            0x8D7C, 0x8D7C, 0x8DA6, 0x8DA6, 0x8DC0, 0x8DC0, 0x8DE5, 0x8DE5,
            0x8E01, 0x8E01, 0x8E0B, 0x8E0B, 0x8E32, 0x8E32, 0x8E46, 0x8E46,
            0x8E4F, 0x8E4F, 0x8E6E, 0x8E6E, 0x8E75, 0x8E75, 0x8E77, 0x8E77,
            0x8E79, 0x8E79, 0x8E9B, 0x8E9B, 0x8EA2, 0x8EA2, 0x8EB3, 0x8EB3,
            0x8EB6, 0x8EB7, 0x8EC1, 0x8EC1, 0x8EC4, 0x8EC4, 0x8ED9, 0x8ED9,
            0x8EF0, 0x8EF0, 0x8F0F, 0x8F0F, 0x8F2D, 0x8F2D, 0x8F3A, 0x8F3A,
            0x8F41, 0x8F41, 0x8F9D, 0x8F9D, 0x8FA4, 0x8FA4, 0x8FB3, 0x8FB3,
            0x8FC3, 0x8FC3, 0x8FCA, 0x8FCA, 0x8FE7, 0x8FE7, 0x902A, 0x902A,
            0x902C, 0x902C, 0x9037, 0x9037, 0x9040, 0x9040, 0x9046, 0x9046,
            0x90AB, 0x90AB, 0x90CC, 0x90CD, 0x90D2, 0x90D2, 0x90F6, 0x90F6,
            0x910A, 0x910A, 0x913C, 0x913D, 0x9159, 0x9159, 0x917B, 0x917B,
            0x9195, 0x9195, 0x9198, 0x9198, 0x91A9, 0x91A9, 0x91BF, 0x91BF,
            0x91C4, 0x91C4, 0x91E0, 0x91E0, 0x91EF, 0x91EF, 0x9213, 0x9213,
            0x921F, 0x921F, 0x9222, 0x9222, 0x9243, 0x9243, 0x9269, 0x926A,
            0x9281, 0x9281, 0x9284, 0x9284, 0x929E, 0x929E, 0x92BD, 0x92BD,
            0x92D4, 0x92D4, 0x92DB, 0x92DB, 0x92E2, 0x92E2, 0x931C, 0x931C,
            0x9330, 0x9331, 0x9362, 0x9362, 0x9368, 0x9368, 0x936B, 0x936B,
            0x936F, 0x936F, 0x9373, 0x9373, 0x9378, 0x9378, 0x937F, 0x937F,
            0x9381, 0x9381, 0x938B, 0x938B, 0x939C, 0x939C, 0x93A0, 0x93A0,
            0x93AB, 0x93AB, 0x93BB, 0x93BB, 0x93E0, 0x93E0, 0x93F3, 0x93F3,
            0x9402, 0x9402, 0x9417, 0x9417, 0x941C, 0x941C, 0x941E, 0x941F,
            0x9424, 0x9424, 0x9443, 0x9443, 0x944E, 0x944E, 0x946C, 0x946C,
            0x947B, 0x947B, 0x9578, 0x9579, 0x957E, 0x957E, 0x9585, 0x9585,
            0x9597, 0x9597, 0x95B3, 0x95B4, 0x95B8, 0x95B8, 0x95C1, 0x95C1,
            0x95D9, 0x95D9, 0x95DD, 0x95DD, 0x9625, 0x9626, 0x9629, 0x9629,
            0x963E, 0x963E, 0x9656, 0x9657, 0x9679, 0x9679, 0x967B, 0x967B,
            0x967F, 0x967F, 0x9681, 0x9682, 0x968C, 0x968C, 0x9696, 0x9696,
            0x969A, 0x969A, 0x969D, 0x969D, 0x969F, 0x969F, 0x96AB, 0x96AB,
            0x96AF, 0x96AF, 0x96B5, 0x96B5, 0x96E4, 0x96E4, 0x96E6, 0x96E7,
            0x96FC, 0x96FC, 0x9714, 0x9714, 0x9717, 0x9717, 0x971A, 0x971B,
            0x9733, 0x9734, 0x9737, 0x9737, 0x9740, 0x9741, 0x974D, 0x974D,
            0x9757, 0x9757, 0x9763, 0x9763, 0x9775, 0x9775, 0x9787, 0x9787,
            0x9789, 0x9789, 0x979B, 0x979B, 0x97A9, 0x97A9, 0x97B0, 0x97B1,
            0x97B5, 0x97B5, 0x97BE, 0x97BE, 0x97C0, 0x97C0, 0x97D2, 0x97D2,
            0x97FC, 0x97FC, 0x981F, 0x981F, 0x9825, 0x9825, 0x982A, 0x982A,
            0x9833, 0x9833, 0x983A, 0x983A, 0x983E, 0x983E, 0x9842, 0x9842,
            0x9847, 0x9847, 0x9856, 0x9856, 0x9866, 0x9866, 0x9868, 0x9868,
            0x98B7, 0x98B7, 0x98CA, 0x98CA, 0x98E4, 0x98E4, 0x98EC, 0x98EC,
            0x98F1, 0x98F1, 0x98F8, 0x98F8, 0x98FB, 0x98FB, 0x9919, 0x9919,
            0x993B, 0x993B, 0x9944, 0x9944, 0x995A, 0x995A, 0x995D, 0x995D,
            0x99BF, 0x99BF, 0x99E0, 0x99E0, 0x99E6, 0x99E6, 0x99EB, 0x99EB,
            0x99F5, 0x99F5, 0x9A10, 0x9A10, 0x9A17, 0x9A18, 0x9A3B, 0x9A3B,
            0x9A51, 0x9A51, 0x9A58, 0x9A58, 0x9A5D, 0x9A5D, 0x9A63, 0x9A63,
            0x9AA9, 0x9AA9, 0x9ABD, 0x9ABD, 0x9AC8, 0x9AC8, 0x9AD7, 0x9AD7,
            0x9AE0, 0x9AE0, 0x9AE4, 0x9AE4, 0x9AE8, 0x9AE9, 0x9AF0, 0x9AF0,
            0x9B00, 0x9B00, 0x9B02, 0x9B02, 0x9B09, 0x9B09, 0x9B14, 0x9B14,
            0x9B1B, 0x9B1B, 0x9B34, 0x9B34, 0x9B3D, 0x9B3D, 0x9B40, 0x9B40,
            0x9B50, 0x9B50, 0x9B57, 0x9B57, 0x9B62, 0x9B62, 0x9B72, 0x9B72,
            0x9B89, 0x9B89, 0x9B8C, 0x9B8C, 0x9B99, 0x9B99, 0x9BC2, 0x9BC2,
            0x9BF6, 0x9BF6, 0x9C00, 0x9C01, 0x9C03, 0x9C03, 0x9C42, 0x9C42,
            0x9C4F, 0x9C4F, 0x9C51, 0x9C51, 0x9C61, 0x9C61, 0x9C64, 0x9C64,
            0x9C7B, 0x9C7B, 0x9D0C, 0x9D0D, 0x9D11, 0x9D11, 0x9D27, 0x9D27,
            0x9D35, 0x9D35, 0x9D3C, 0x9D3C, 0x9D6D, 0x9D6D, 0x9D95, 0x9D95,
            0x9DAE, 0x9DAE, 0x9DBD, 0x9DBD, 0x9DC0, 0x9DC0, 0x9DEA, 0x9DEA,
            0x9DFC, 0x9DFC, 0x9E0E, 0x9E0E, 0x9E16, 0x9E16, 0x9E1C, 0x9E1C,
            0x9E7B, 0x9E7B, 0x9E8F, 0x9E90, 0x9E98, 0x9E98, 0x9E9E, 0x9E9E,
            0x9EA2, 0x9EA2, 0x9EAB, 0x9EAC, 0x9EB1, 0x9EB1, 0x9EEC, 0x9EEC,
            0x9EF1, 0x9EF1, 0x9F03, 0x9F03, 0x9F11, 0x9F11, 0x9F14, 0x9F14,
            0x9F26, 0x9F26, 0x9F45, 0x9F45, 0x9F53, 0x9F53, 0x9F6D, 0x9F6D,
            0x9FA1, 0x9FA1, 0x9FA3, 0x9FA3, 0x9FA6, 0x9FFF, 0xA66F, 0xA66F,
            0xA67C, 0xA67D, 0xA69E, 0xA69E, 0xA78B, 0xA78C, 0xA78F, 0xA78F,
            0xA792, 0xA793, 0xA7B2, 0xA7B9, 0xA7C2, 0xA7C3, 0xA7CB, 0xA7CF,
            0xA7DA, 0xA7DC, 0xA8FC, 0xA8FD, 0xA9CF, 0xA9CF, 0xA9E7, 0xA9FE,
            0xAA60, 0xAA76, 0xAA7A, 0xAA7A, 0xAA7C, 0xAA7F, 0xAB01, 0xAB06,
            0xAB09, 0xAB0E, 0xAB11, 0xAB16, 0xAB20, 0xAB26, 0xAB28, 0xAB2E,
            0xAB60, 0xAB63, 0xAB66, 0xAB67, 0xFA0E, 0xFA0F, 0xFA11, 0xFA11,
            0xFA13, 0xFA14, 0xFA1F, 0xFA1F, 0xFA21, 0xFA21, 0xFA23, 0xFA24,
            0xFA27, 0xFA29, 0xFB1E, 0xFB1E, 0xFE2E, 0xFE2F, 0x10780, 0x10780,
            0x10EC2, 0x10EC4, 0x10EC7, 0x10EC7, 0x10EFA, 0x10EFA, 0x10EFC, 0x10EFF,
            0x1133B, 0x1133B, 0x116D0, 0x116E3, 0x16A40, 0x16A5E, 0x16A60, 0x16A69,
            0x1AFF0, 0x1AFF3, 0x1AFF5, 0x1AFFB, 0x1AFFD, 0x1AFFE, 0x1D1DE, 0x1D1E8,
            0x1F54F, 0x1F54F, 0x20000, 0x2070D, 0x2070F, 0x20730, 0x20732, 0x20778,
            0x2077A, 0x20C52, 0x20C54, 0x20C77, 0x20C79, 0x20C95, 0x20C97, 0x20CCE,
            0x20CD0, 0x20CD4, 0x20CD6, 0x20D14, 0x20D16, 0x20D7B, 0x20D7D, 0x20D7E,
            0x20D80, 0x20E0D, 0x20E10, 0x20E76, 0x20E78, 0x20E9C, 0x20E9E, 0x20EA1,
            0x20EA3, 0x20ED6, 0x20ED8, 0x20EF8, 0x20EFB, 0x20F2C, 0x20F2F, 0x20F4B,
            0x20F4D, 0x20FB3, 0x20FB5, 0x20FBB, 0x20FBD, 0x20FE9, 0x20FEB, 0x2105B,
            0x2105D, 0x2106E, 0x21070, 0x21074, 0x21077, 0x2107A, 0x2107C, 0x210C0,
            0x210C2, 0x210C8, 0x210CA, 0x211D8, 0x211DA, 0x220C6, 0x220C8, 0x227B4,
            0x227B6, 0x22AD4, 0x22AD6, 0x22B42, 0x22B44, 0x22BC9, 0x22BCB, 0x22C50,
            0x22C52, 0x22C54, 0x22C56, 0x22CC1, 0x22CC3, 0x22D07, 0x22D09, 0x22D4B,
            0x22D4D, 0x22D66, 0x22D68, 0x22EB2, 0x22EB4, 0x23CB6, 0x23CB8, 0x244D2,
            0x244D4, 0x24DB7, 0x24DB9, 0x24DE9, 0x24DEB, 0x2512A, 0x2512C, 0x26257,
            0x26259, 0x267CB, 0x267CD, 0x269F1, 0x269F3, 0x269F9, 0x269FB, 0x27A3D,
            0x27A3F, 0x2815C, 0x2815E, 0x28206, 0x28208, 0x282E1, 0x282E3, 0x28CC9,
            0x28CCB, 0x28CCC, 0x28CCE, 0x28CD1, 0x28CD3, 0x29D97, 0x29D99, 0x2A6DF,
            0x2A700, 0x2B81D, 0x2B820, 0x2CEAD, 0x2CEB0, 0x2EBE0, 0x2EBF0, 0x2EE5D,
            0x30000, 0x3134A, 0x31350, 0x33479,
        };
    }
    private static int[] IDTYPE_ranges_9() {
        return new int[] {
            0x2EA, 0x2EB, 0x700, 0x70D, 0x70F, 0x74A, 0x74D, 0x74F,
            0x7C0, 0x7FA, 0x7FD, 0x7FF, 0x840, 0x85B, 0x85E, 0x85E,
            0x860, 0x86A, 0x13A0, 0x13F5, 0x13F8, 0x13FD, 0x1400, 0x167F,
            0x18B0, 0x18F5, 0x1900, 0x191E, 0x1920, 0x192B, 0x1930, 0x193B,
            0x1940, 0x1940, 0x1944, 0x196D, 0x1970, 0x1974, 0x1980, 0x19AB,
            0x19B0, 0x19C9, 0x19D0, 0x19DA, 0x19DE, 0x19DF, 0x1A20, 0x1A5E,
            0x1A60, 0x1A7C, 0x1A7F, 0x1A89, 0x1A90, 0x1A99, 0x1AA0, 0x1AAD,
            0x1B00, 0x1B4C, 0x1B4E, 0x1BF3, 0x1BFC, 0x1C37, 0x1C3B, 0x1C49,
            0x1C4D, 0x1C7F, 0x1CC0, 0x1CC7, 0x1DFA, 0x1DFA, 0x2D30, 0x2D67,
            0x2D70, 0x2D70, 0x2D7F, 0x2D7F, 0x3105, 0x312F, 0x31A0, 0x31BF,
            0xA000, 0xA48C, 0xA490, 0xA4C6, 0xA4D0, 0xA62B, 0xA6A0, 0xA6F7,
            0xA800, 0xA82C, 0xA880, 0xA8C5, 0xA8CE, 0xA8D9, 0xA900, 0xA92D,
            0xA92F, 0xA92F, 0xA980, 0xA9CD, 0xA9CF, 0xA9D9, 0xA9DE, 0xA9DF,
            0xAA00, 0xAA36, 0xAA40, 0xAA4D, 0xAA50, 0xAA59, 0xAA5C, 0xAA5F,
            0xAA80, 0xAAC2, 0xAADB, 0xAAF6, 0xAB70, 0xABED, 0xABF0, 0xABF9,
            0x104B0, 0x104D3, 0x104D8, 0x104FB, 0x10D00, 0x10D27, 0x10D30, 0x10D39,
            0x11100, 0x11134, 0x11136, 0x11147, 0x11400, 0x1145B, 0x1145D, 0x11461,
            0x11AB0, 0x11ABF, 0x11FB0, 0x11FB0, 0x16800, 0x16A38, 0x16F00, 0x16F4A,
            0x16F4F, 0x16F87, 0x16F8F, 0x16F9F, 0x1E100, 0x1E12C, 0x1E130, 0x1E13D,
            0x1E140, 0x1E149, 0x1E14E, 0x1E14F, 0x1E2C0, 0x1E2F9, 0x1E2FF, 0x1E2FF,
            0x1E900, 0x1E94B, 0x1E950, 0x1E959, 0x1E95E, 0x1E95F,
        };
    }
    private static int[] IDTYPE_ranges_10() {
        return new int[] {
            0x27, 0x27, 0x2D, 0x2E, 0x3A, 0x3A, 0xB7, 0xB7,
            0x2BB, 0x2BC, 0x58A, 0x58A, 0x5F3, 0x5F4, 0x6FD, 0x6FE,
            0xF0B, 0xF0B, 0x2010, 0x2010, 0x2019, 0x2019, 0x2027, 0x2027,
            0x30A0, 0x30A0, 0x30FB, 0x30FB,
        };
    }
    private static int[] IDTYPE_ranges_11() {
        return new int[] {
            0x30, 0x39, 0x41, 0x5A, 0x5F, 0x5F, 0x61, 0x7A,
            0xC0, 0xD6, 0xD8, 0xF6, 0xF8, 0x113, 0x116, 0x12B,
            0x12E, 0x131, 0x134, 0x137, 0x139, 0x13E, 0x141, 0x148,
            0x14A, 0x14D, 0x150, 0x155, 0x158, 0x161, 0x164, 0x17E,
            0x181, 0x181, 0x186, 0x186, 0x189, 0x18A, 0x18E, 0x192,
            0x194, 0x194, 0x196, 0x199, 0x19D, 0x19D, 0x1A0, 0x1A1,
            0x1AF, 0x1B0, 0x1B2, 0x1B4, 0x1B7, 0x1B7, 0x1CD, 0x1D4,
            0x1DD, 0x1DD, 0x1E6, 0x1E9, 0x1EE, 0x1EF, 0x1F8, 0x1F9,
            0x218, 0x21B, 0x244, 0x244, 0x24C, 0x24D, 0x253, 0x254,
            0x256, 0x257, 0x259, 0x259, 0x25B, 0x25B, 0x263, 0x263,
            0x268, 0x269, 0x272, 0x272, 0x289, 0x289, 0x28B, 0x28B,
            0x292, 0x292, 0x300, 0x304, 0x306, 0x30C, 0x31B, 0x31B,
            0x323, 0x323, 0x326, 0x328, 0x331, 0x331, 0x386, 0x386,
            0x388, 0x38A, 0x38C, 0x38C, 0x38E, 0x3A1, 0x3A3, 0x3CE,
            0x401, 0x40C, 0x40E, 0x44F, 0x451, 0x45C, 0x45E, 0x45F,
            0x490, 0x49B, 0x49E, 0x4A5, 0x4A8, 0x4B7, 0x4BA, 0x4C0,
            0x4CF, 0x4D9, 0x4DC, 0x4E9, 0x4EE, 0x4F5, 0x4F8, 0x4F9,
            0x524, 0x525, 0x531, 0x556, 0x561, 0x586, 0x5D0, 0x5EA,
            0x620, 0x63A, 0x63D, 0x63D, 0x641, 0x652, 0x654, 0x655,
            0x660, 0x669, 0x670, 0x670, 0x672, 0x672, 0x674, 0x674,
            0x679, 0x68F, 0x691, 0x69A, 0x69F, 0x6A0, 0x6A2, 0x6A2,
            0x6A4, 0x6AB, 0x6AD, 0x6B1, 0x6B3, 0x6B3, 0x6B5, 0x6B7,
            0x6BA, 0x6BE, 0x6C0, 0x6D3, 0x6D5, 0x6D5, 0x6EE, 0x6F9,
            0x6FF, 0x6FF, 0x751, 0x752, 0x756, 0x756, 0x760, 0x760,
            0x762, 0x763, 0x766, 0x768, 0x76A, 0x76A, 0x76E, 0x771,
            0x780, 0x7B1, 0x88F, 0x88F, 0x8A0, 0x8A0, 0x8A2, 0x8A9,
            0x8BB, 0x8C2, 0x8C7, 0x8C7, 0x901, 0x903, 0x905, 0x90B,
            0x90D, 0x928, 0x92A, 0x933, 0x935, 0x93C, 0x93E, 0x943,
            0x945, 0x94D, 0x94F, 0x94F, 0x956, 0x957, 0x966, 0x96F,
            0x972, 0x977, 0x97B, 0x97C, 0x97E, 0x97F, 0x981, 0x983,
            0x985, 0x98B, 0x98F, 0x990, 0x993, 0x9A8, 0x9AA, 0x9B0,
            0x9B2, 0x9B2, 0x9B6, 0x9B9, 0x9BC, 0x9BC, 0x9BE, 0x9C4,
            0x9C7, 0x9C8, 0x9CB, 0x9CE, 0x9E6, 0x9F1, 0xA02, 0xA02,
            0xA05, 0xA0A, 0xA0F, 0xA10, 0xA13, 0xA28, 0xA2A, 0xA30,
            0xA32, 0xA32, 0xA35, 0xA35, 0xA38, 0xA39, 0xA3C, 0xA3C,
            0xA3E, 0xA42, 0xA47, 0xA48, 0xA4B, 0xA4D, 0xA5C, 0xA5C,
            0xA70, 0xA71, 0xA82, 0xA83, 0xA85, 0xA8D, 0xA8F, 0xA91,
            0xA93, 0xAA8, 0xAAA, 0xAB0, 0xAB2, 0xAB3, 0xAB5, 0xAB9,
            0xABC, 0xABC, 0xABE, 0xAC5, 0xAC7, 0xAC9, 0xACB, 0xACD,
            0xAE6, 0xAEF, 0xB01, 0xB03, 0xB05, 0xB0B, 0xB0F, 0xB10,
            0xB13, 0xB28, 0xB2A, 0xB30, 0xB32, 0xB33, 0xB36, 0xB39,
            0xB3C, 0xB3C, 0xB3E, 0xB43, 0xB47, 0xB48, 0xB4B, 0xB4D,
            0xB56, 0xB56, 0xB5F, 0xB5F, 0xB71, 0xB71, 0xB83, 0xB83,
            0xB85, 0xB8A, 0xB8E, 0xB90, 0xB92, 0xB95, 0xB99, 0xB9A,
            0xB9C, 0xB9C, 0xB9E, 0xB9F, 0xBA3, 0xBA4, 0xBA8, 0xBAA,
            0xBAE, 0xBB9, 0xBBE, 0xBC2, 0xBC6, 0xBC8, 0xBCA, 0xBCD,
            0xC02, 0xC03, 0xC05, 0xC0B, 0xC0E, 0xC10, 0xC12, 0xC28,
            0xC2A, 0xC30, 0xC32, 0xC33, 0xC35, 0xC39, 0xC3E, 0xC44,
            0xC46, 0xC48, 0xC4A, 0xC4D, 0xC82, 0xC83, 0xC85, 0xC8B,
            0xC8E, 0xC90, 0xC92, 0xCA8, 0xCAA, 0xCB0, 0xCB2, 0xCB3,
            0xCB5, 0xCB9, 0xCBE, 0xCC3, 0xCC6, 0xCC8, 0xCCA, 0xCCD,
            0xCE6, 0xCEF, 0xD02, 0xD03, 0xD05, 0xD0B, 0xD0E, 0xD10,
            0xD12, 0xD28, 0xD2A, 0xD39, 0xD3E, 0xD43, 0xD46, 0xD48,
            0xD4A, 0xD4B, 0xD4D, 0xD4D, 0xD57, 0xD57, 0xD7A, 0xD7F,
            0xD82, 0xD83, 0xD85, 0xD8D, 0xD91, 0xD96, 0xD9A, 0xD9D,
            0xD9F, 0xDB1, 0xDB3, 0xDBB, 0xDBD, 0xDBD, 0xDC0, 0xDC6,
            0xDCA, 0xDCA, 0xDCF, 0xDD4, 0xDD6, 0xDD6, 0xDD8, 0xDDE,
            0xDF2, 0xDF2, 0xE01, 0xE32, 0xE34, 0xE3A, 0xE40, 0xE4D,
            0xE50, 0xE59, 0xE81, 0xE82, 0xE84, 0xE84, 0xE87, 0xE88,
            0xE8A, 0xE8A, 0xE8D, 0xE8D, 0xE94, 0xE97, 0xE99, 0xE9F,
            0xEA1, 0xEA3, 0xEA5, 0xEA5, 0xEA7, 0xEA7, 0xEAA, 0xEAB,
            0xEAD, 0xEAE, 0xEB0, 0xEB2, 0xEB4, 0xEB9, 0xEBB, 0xEBD,
            0xEC0, 0xEC4, 0xEC6, 0xEC6, 0xEC8, 0xECD, 0xED0, 0xED9,
            0xF20, 0xF29, 0xF40, 0xF42, 0xF44, 0xF47, 0xF49, 0xF4C,
            0xF4E, 0xF51, 0xF53, 0xF56, 0xF58, 0xF5B, 0xF5D, 0xF68,
            0xF71, 0xF72, 0xF74, 0xF74, 0xF7A, 0xF80, 0xF84, 0xF84,
            0xF90, 0xF92, 0xF94, 0xF97, 0xF99, 0xF9C, 0xF9E, 0xFA1,
            0xFA3, 0xFA6, 0xFA8, 0xFAB, 0xFAD, 0xFAD, 0xFB1, 0xFB8,
            0xFBA, 0xFBC, 0x1000, 0x1049, 0x105A, 0x1064, 0x1075, 0x108A,
            0x108F, 0x108F, 0x10C7, 0x10C7, 0x10CD, 0x10CD, 0x10D0, 0x10F0,
            0x1200, 0x1206, 0x1208, 0x1248, 0x124A, 0x124D, 0x1250, 0x1256,
            0x1258, 0x1258, 0x125A, 0x125D, 0x1260, 0x1286, 0x1288, 0x1288,
            0x128A, 0x128D, 0x1290, 0x12AE, 0x12B0, 0x12B0, 0x12B2, 0x12B5,
            0x12B8, 0x12BE, 0x12C0, 0x12C0, 0x12C2, 0x12C5, 0x12C8, 0x12D6,
            0x12D8, 0x12F7, 0x1300, 0x130E, 0x1310, 0x1310, 0x1312, 0x1315,
            0x1318, 0x131E, 0x1320, 0x1346, 0x1348, 0x1359, 0x1780, 0x179C,
            0x179F, 0x17A2, 0x17A5, 0x17A7, 0x17AA, 0x17B3, 0x17B6, 0x17CD,
            0x17D0, 0x17D0, 0x17D2, 0x17D2, 0x17E0, 0x17E9, 0x1C90, 0x1CBA,
            0x1CBD, 0x1CBF, 0x1E0C, 0x1E0D, 0x1E12, 0x1E13, 0x1E20, 0x1E21,
            0x1E24, 0x1E25, 0x1E36, 0x1E37, 0x1E3C, 0x1E3F, 0x1E42, 0x1E4B,
            0x1E5A, 0x1E5B, 0x1E62, 0x1E63, 0x1E6C, 0x1E6D, 0x1E70, 0x1E71,
            0x1E8C, 0x1E8D, 0x1E92, 0x1E93, 0x1E9E, 0x1E9E, 0x1EA0, 0x1EF9,
            0x1FA0, 0x1FAF, 0x1FB2, 0x1FB4, 0x1FEC, 0x1FEC, 0x3005, 0x3007,
            0x3041, 0x3096, 0x309D, 0x309E, 0x30A1, 0x30FA, 0x30FC, 0x30FE,
            0x3447, 0x3447, 0x3473, 0x3473, 0x34E4, 0x34E4, 0x3577, 0x3577,
            0x359E, 0x359E, 0x35A1, 0x35A1, 0x35AD, 0x35AD, 0x35BF, 0x35BF,
            0x35CE, 0x35CE, 0x35F3, 0x35F3, 0x35FE, 0x35FE, 0x360E, 0x360E,
            0x361A, 0x361A, 0x3918, 0x3918, 0x3960, 0x3960, 0x396E, 0x396E,
            0x39CF, 0x39D0, 0x39DB, 0x39DB, 0x39DF, 0x39DF, 0x39F8, 0x39F8,
            0x39FE, 0x39FE, 0x3A18, 0x3A18, 0x3A52, 0x3A52, 0x3A5C, 0x3A5C,
            0x3A67, 0x3A67, 0x3A73, 0x3A73, 0x3B39, 0x3B39, 0x3B4E, 0x3B4E,
            0x3BA3, 0x3BA3, 0x3C6E, 0x3C6E, 0x3CE0, 0x3CE0, 0x3DE7, 0x3DE7,
            0x3DEB, 0x3DEB, 0x3E74, 0x3E74, 0x3ED0, 0x3ED0, 0x4056, 0x4056,
            0x4065, 0x4065, 0x406A, 0x406A, 0x40BB, 0x40BB, 0x40DF, 0x40DF,
            0x4137, 0x4137, 0x415F, 0x415F, 0x4337, 0x4337, 0x43AC, 0x43AC,
            0x43B1, 0x43B1, 0x43D3, 0x43D3, 0x43DD, 0x43DD, 0x4443, 0x4443,
            0x44D6, 0x44D6, 0x44EA, 0x44EA, 0x4606, 0x4606, 0x464C, 0x464C,
            0x4661, 0x4661, 0x4723, 0x4723, 0x4729, 0x4729, 0x477C, 0x477C,
            0x478D, 0x478D, 0x47F4, 0x47F4, 0x4882, 0x4882, 0x4947, 0x4947,
            0x497A, 0x497A, 0x497D, 0x497D, 0x4982, 0x4983, 0x4985, 0x4986,
            0x499B, 0x499B, 0x499F, 0x499F, 0x49B6, 0x49B7, 0x4A12, 0x4A12,
            0x4AB8, 0x4AB8, 0x4C77, 0x4C77, 0x4C7D, 0x4C7D, 0x4C81, 0x4C81,
            0x4C85, 0x4C85, 0x4C9D, 0x4CA3, 0x4D13, 0x4D19, 0x4DAE, 0x4DAE,
            0x4E00, 0x4E11, 0x4E13, 0x4E28, 0x4E2A, 0x4E67, 0x4E69, 0x4E78,
            0x4E7A, 0x4E95, 0x4E97, 0x4EA2, 0x4EA4, 0x4EBB, 0x4EBD, 0x4ECB,
            0x4ECD, 0x4EE6, 0x4EE8, 0x4EF7, 0x4EFB, 0x4EFB, 0x4EFD, 0x4EFD,
            0x4EFF, 0x4F06, 0x4F08, 0x4F15, 0x4F17, 0x4F27, 0x4F29, 0x4F30,
            0x4F32, 0x4F34, 0x4F36, 0x4F36, 0x4F38, 0x4F3F, 0x4F41, 0x4F43,
            0x4F45, 0x4F70, 0x4F72, 0x4F8B, 0x4F8D, 0x4F8D, 0x4F8F, 0x4FA1,
            0x4FA3, 0x4FBC, 0x4FBE, 0x4FC5, 0x4FC7, 0x4FC7, 0x4FC9, 0x4FCB,
            0x4FCD, 0x4FE1, 0x4FE3, 0x4FFB, 0x4FFE, 0x500F, 0x5011, 0x5033,
            0x5035, 0x5037, 0x5039, 0x503C, 0x503E, 0x5041, 0x5043, 0x5051,
            0x5053, 0x5057, 0x5059, 0x507B, 0x507D, 0x5080, 0x5082, 0x5092,
            0x5094, 0x5096, 0x5098, 0x509E, 0x50A2, 0x50B8, 0x50BA, 0x50C2,
            0x50C4, 0x50D7, 0x50D9, 0x50DE, 0x50E0, 0x50E0, 0x50E3, 0x50EA,
            0x50EC, 0x50F3, 0x50F5, 0x50F6, 0x50F8, 0x511A, 0x511C, 0x5127,
            0x5129, 0x512A, 0x512C, 0x5141, 0x5143, 0x5149, 0x514B, 0x514E,
            0x5150, 0x5152, 0x5154, 0x5157, 0x5159, 0x515F, 0x5161, 0x5163,
            0x5165, 0x5171, 0x5173, 0x517D, 0x517F, 0x5182, 0x5185, 0x518D,
            0x518F, 0x51A0, 0x51A2, 0x51A2, 0x51A4, 0x51AC, 0x51AE, 0x51B7,
            0x51B9, 0x51B9, 0x51BB, 0x51C1, 0x51C3, 0x51D1, 0x51D4, 0x51DE,
            0x51E0, 0x51EB, 0x51ED, 0x51ED, 0x51EF, 0x51F1, 0x51F3, 0x5252,
            0x5254, 0x5265, 0x5267, 0x5278, 0x527A, 0x5284, 0x5286, 0x528D,
            0x528F, 0x52C3, 0x52C5, 0x52C7, 0x52C9, 0x52CB, 0x52CD, 0x52CD,
            0x52CF, 0x52D0, 0x52D2, 0x52D3, 0x52D5, 0x52E0, 0x52E2, 0x52E4,
            0x52E6, 0x52ED, 0x52EF, 0x5302, 0x5305, 0x5317, 0x5319, 0x531A,
            0x531C, 0x531D, 0x531F, 0x5326, 0x5328, 0x5328, 0x532A, 0x5331,
            0x5333, 0x5334, 0x5337, 0x5341, 0x5343, 0x535A, 0x535C, 0x535C,
            0x535E, 0x5369, 0x536B, 0x536C, 0x536E, 0x537F, 0x5381, 0x53A0,
            0x53A2, 0x53A9, 0x53AC, 0x53AE, 0x53B0, 0x53B9, 0x53BB, 0x53C4,
            0x53C6, 0x53CE, 0x53D0, 0x53DC, 0x53DF, 0x53E6, 0x53E8, 0x53FE,
            0x5401, 0x5419, 0x541B, 0x5421, 0x5423, 0x544B, 0x544D, 0x545C,
            0x545E, 0x5468, 0x546A, 0x5489, 0x548B, 0x54B4, 0x54B6, 0x54F5,
            0x54F7, 0x5514, 0x5516, 0x5517, 0x551A, 0x5546, 0x5548, 0x555F,
            0x5561, 0x5579, 0x557B, 0x55DF, 0x55E1, 0x55F7, 0x55F9, 0x5609,
            0x560C, 0x561F, 0x5621, 0x562A, 0x562C, 0x5636, 0x5638, 0x563B,
            0x563D, 0x5643, 0x5645, 0x564A, 0x564C, 0x5650, 0x5652, 0x5655,
            0x5657, 0x565E, 0x5660, 0x5660, 0x5662, 0x5674, 0x5676, 0x567C,
            0x567E, 0x5687, 0x5689, 0x568A, 0x568C, 0x5695, 0x5697, 0x569D,
            0x569F, 0x56B9, 0x56BB, 0x56CE, 0x56D0, 0x56D8, 0x56DA, 0x56E5,
            0x56E7, 0x56F5, 0x56F7, 0x56F7, 0x56F9, 0x56FA, 0x56FD, 0x5704,
            0x5706, 0x5710, 0x5712, 0x5716, 0x5718, 0x5720, 0x5722, 0x5723,
            0x5725, 0x573C, 0x573E, 0x5742, 0x5744, 0x5747, 0x5749, 0x5754,
            0x5757, 0x5757, 0x5759, 0x5762, 0x5764, 0x5777, 0x5779, 0x5780,
            0x5782, 0x5786, 0x5788, 0x5795, 0x5797, 0x57A7, 0x57A9, 0x57C9,
            0x57CB, 0x57D0, 0x57D2, 0x57DA, 0x57DC, 0x5816, 0x5819, 0x584F,
            0x5851, 0x5855, 0x5857, 0x585F, 0x5861, 0x5865, 0x5868, 0x5876,
            0x5878, 0x5894, 0x5896, 0x58A9, 0x58AB, 0x58B5, 0x58B7, 0x58BF,
            0x58C1, 0x58C2, 0x58C5, 0x58CC, 0x58CE, 0x58CF, 0x58D1, 0x58E0,
            0x58E2, 0x58E5, 0x58E7, 0x58F4, 0x58F6, 0x5900, 0x5902, 0x5904,
            0x5906, 0x5907, 0x5909, 0x5910, 0x5912, 0x5912, 0x5914, 0x5922,
            0x5924, 0x5932, 0x5934, 0x5935, 0x5937, 0x5958, 0x595A, 0x595A,
            0x595C, 0x59B6, 0x59B8, 0x59E6, 0x59E8, 0x5A23, 0x5A25, 0x5A25,
            0x5A27, 0x5A2B, 0x5A2D, 0x5A2F, 0x5A31, 0x5A53, 0x5A55, 0x5A58,
            0x5A5A, 0x5A6E, 0x5A70, 0x5A70, 0x5A72, 0x5A86, 0x5A88, 0x5A8C,
            0x5A8E, 0x5AAA, 0x5AAC, 0x5AD2, 0x5AD4, 0x5AEE, 0x5AF1, 0x5B09,
            0x5B0B, 0x5B0C, 0x5B0E, 0x5B38, 0x5B3A, 0x5B45, 0x5B47, 0x5B4E,
            0x5B50, 0x5B51, 0x5B53, 0x5B5F, 0x5B62, 0x5B6E, 0x5B70, 0x5B78,
            0x5B7A, 0x5B7D, 0x5B7F, 0x5B85, 0x5B87, 0x5B8F, 0x5B91, 0x5BA8,
            0x5BAA, 0x5BB1, 0x5BB3, 0x5BB6, 0x5BB8, 0x5BBB, 0x5BBD, 0x5BC7,
            0x5BC9, 0x5BD9, 0x5BDB, 0x5BFF, 0x5C01, 0x5C1A, 0x5C1C, 0x5C22,
            0x5C24, 0x5C25, 0x5C27, 0x5C28, 0x5C2A, 0x5C35, 0x5C37, 0x5C59,
            0x5C5B, 0x5C84, 0x5C86, 0x5CB3, 0x5CB5, 0x5CB8, 0x5CBA, 0x5CD4,
            0x5CD6, 0x5CDC, 0x5CDE, 0x5CF4, 0x5CF6, 0x5D2A, 0x5D2C, 0x5D2E,
            0x5D30, 0x5D3A, 0x5D3C, 0x5D52, 0x5D54, 0x5D56, 0x5D58, 0x5D5F,
            0x5D61, 0x5D82, 0x5D84, 0x5D95, 0x5D97, 0x5DA2, 0x5DA5, 0x5DAA,
            0x5DAC, 0x5DB2, 0x5DB4, 0x5DB8, 0x5DBA, 0x5DC3, 0x5DC5, 0x5DD6,
            0x5DD8, 0x5DD9, 0x5DDB, 0x5DDB, 0x5DDD, 0x5DF5, 0x5DF7, 0x5E11,
            0x5E13, 0x5E47, 0x5E49, 0x5E50, 0x5E52, 0x5E91, 0x5E93, 0x5EB9,
            0x5EBB, 0x5EBF, 0x5EC1, 0x5EEA, 0x5EEC, 0x5EF8, 0x5EFA, 0x5F0D,
            0x5F0F, 0x5F3A, 0x5F3C, 0x5F3C, 0x5F3E, 0x5F8E, 0x5F90, 0x5F99,
            0x5F9B, 0x5FA2, 0x5FA5, 0x5FAF, 0x5FB1, 0x5FC1, 0x5FC3, 0x5FCD,
            0x5FCF, 0x5FDA, 0x5FDC, 0x5FE1, 0x5FE3, 0x5FEB, 0x5FED, 0x5FFB,
            0x5FFD, 0x6022, 0x6024, 0x6055, 0x6057, 0x6060, 0x6062, 0x6070,
            0x6072, 0x6073, 0x6075, 0x6090, 0x6092, 0x6092, 0x6094, 0x60A4,
            0x60A6, 0x60D1, 0x60D3, 0x60D5, 0x60D7, 0x60DD, 0x60DF, 0x60E4,
            0x60E6, 0x60FC, 0x60FE, 0x6101, 0x6103, 0x6106, 0x6108, 0x6110,
            0x6112, 0x611D, 0x611F, 0x6130, 0x6132, 0x6132, 0x6134, 0x6134,
            0x6136, 0x6137, 0x613A, 0x615F, 0x6161, 0x617A, 0x617C, 0x617E,
            0x6180, 0x6185, 0x6187, 0x6196, 0x6198, 0x619B, 0x619D, 0x61B8,
            0x61BA, 0x61BA, 0x61BC, 0x61D2, 0x61D4, 0x61D4, 0x61D6, 0x61EB,
            0x61ED, 0x61EE, 0x61F0, 0x6204, 0x6206, 0x6234, 0x6236, 0x6238,
            0x623A, 0x6256, 0x6258, 0x628C, 0x628E, 0x629C, 0x629E, 0x62DD,
            0x62DF, 0x62E9, 0x62EB, 0x6309, 0x630B, 0x6316, 0x6318, 0x6330,
            0x6332, 0x6336, 0x6338, 0x635A, 0x635C, 0x638A, 0x638C, 0x6392,
            0x6394, 0x63D0, 0x63D2, 0x643A, 0x643D, 0x6448, 0x644A, 0x6459,
            0x645B, 0x647D, 0x647F, 0x6485, 0x6487, 0x64A0, 0x64A2, 0x64AE,
            0x64B0, 0x64B5, 0x64B7, 0x64C7, 0x64C9, 0x64D4, 0x64D6, 0x64ED,
            0x64EF, 0x64F4, 0x64F6, 0x64F8, 0x64FA, 0x6501, 0x6503, 0x6509,
            0x650B, 0x651E, 0x6520, 0x6527, 0x6529, 0x653F, 0x6541, 0x6541,
            0x6543, 0x6559, 0x655B, 0x655E, 0x6560, 0x657C, 0x657E, 0x6589,
            0x658B, 0x6599, 0x659B, 0x65B4, 0x65B6, 0x65BD, 0x65BF, 0x65C7,
            0x65CA, 0x65D0, 0x65D2, 0x65D7, 0x65D9, 0x65DB, 0x65DD, 0x65E3,
            0x65E5, 0x65E9, 0x65EB, 0x65F8, 0x65FA, 0x65FD, 0x65FF, 0x6616,
            0x6618, 0x662B, 0x662D, 0x6636, 0x6639, 0x6647, 0x6649, 0x664C,
            0x664E, 0x665F, 0x6661, 0x6662, 0x6664, 0x6691, 0x6693, 0x669B,
            0x669D, 0x669D, 0x669F, 0x66AB, 0x66AE, 0x66CF, 0x66D1, 0x66D2,
            0x66D4, 0x66D6, 0x66D8, 0x66DE, 0x66E0, 0x66EE, 0x66F0, 0x6701,
            0x6703, 0x6706, 0x6708, 0x6718, 0x671A, 0x6723, 0x6725, 0x6728,
            0x672A, 0x6766, 0x6768, 0x6787, 0x6789, 0x6795, 0x6797, 0x67BC,
            0x67BE, 0x67BE, 0x67C0, 0x67D4, 0x67D6, 0x67D6, 0x67D8, 0x67F8,
            0x67FA, 0x6800, 0x6802, 0x6814, 0x6816, 0x6826, 0x6828, 0x682F,
            0x6831, 0x6857, 0x6859, 0x6859, 0x685B, 0x685D, 0x685F, 0x6879,
            0x687B, 0x6894, 0x6896, 0x6898, 0x689A, 0x68A4, 0x68A6, 0x68B7,
            0x68B9, 0x68C2, 0x68C4, 0x68D8, 0x68DA, 0x68E1, 0x68E3, 0x68E4,
            0x68E6, 0x6908, 0x690A, 0x693D, 0x693F, 0x694C, 0x694E, 0x699E,
            0x69A0, 0x69A1, 0x69A3, 0x69BF, 0x69C1, 0x69D0, 0x69D3, 0x69D4,
            0x69D8, 0x6A02, 0x6A04, 0x6A1B, 0x6A1D, 0x6A23, 0x6A25, 0x6A36,
            0x6A38, 0x6A49, 0x6A4B, 0x6A5B, 0x6A5D, 0x6A6D, 0x6A6F, 0x6A6F,
            0x6A71, 0x6A85, 0x6A87, 0x6A89, 0x6A8B, 0x6A8E, 0x6A90, 0x6A98,
            0x6A9A, 0x6A9C, 0x6A9E, 0x6AB0, 0x6AB2, 0x6ABD, 0x6ABF, 0x6ABF,
            0x6AC1, 0x6AC3, 0x6AC5, 0x6AC8, 0x6ACA, 0x6AD7, 0x6AD9, 0x6AE8,
            0x6AEA, 0x6B0D, 0x6B0F, 0x6B1A, 0x6B1C, 0x6B2D, 0x6B2F, 0x6B34,
            0x6B36, 0x6B3F, 0x6B41, 0x6B56, 0x6B59, 0x6B5C, 0x6B5E, 0x6B67,
            0x6B69, 0x6B6B, 0x6B6D, 0x6B6D, 0x6B6F, 0x6B70, 0x6B72, 0x6B74,
            0x6B76, 0x6B7C, 0x6B7E, 0x6BB7, 0x6BB9, 0x6BE8, 0x6BEA, 0x6BF0,
            0x6BF2, 0x6BF3, 0x6BF5, 0x6BF9, 0x6BFB, 0x6C09, 0x6C0B, 0x6C1B,
            0x6C1D, 0x6C2C, 0x6C2E, 0x6C3B, 0x6C3D, 0x6C44, 0x6C46, 0x6C6B,
            0x6C6D, 0x6C6D, 0x6C6F, 0x6C9F, 0x6CA1, 0x6CD7, 0x6CD9, 0x6CF3,
            0x6CF5, 0x6D01, 0x6D03, 0x6D1B, 0x6D1D, 0x6D23, 0x6D25, 0x6D70,
            0x6D72, 0x6D80, 0x6D82, 0x6D95, 0x6D97, 0x6DAF, 0x6DB2, 0x6DB5,
            0x6DB7, 0x6DFD, 0x6E00, 0x6E00, 0x6E03, 0x6E05, 0x6E07, 0x6E11,
            0x6E13, 0x6E17, 0x6E19, 0x6E29, 0x6E2B, 0x6E4B, 0x6E4D, 0x6E6B,
            0x6E6D, 0x6E7A, 0x6E7E, 0x6E8A, 0x6E8C, 0x6E94, 0x6E96, 0x6EDA,
            0x6EDC, 0x6EE2, 0x6EE4, 0x6F03, 0x6F05, 0x6F0A, 0x6F0C, 0x6F41,
            0x6F43, 0x6F47, 0x6F49, 0x6F49, 0x6F4B, 0x6F78, 0x6F7A, 0x6F97,
            0x6F99, 0x6F99, 0x6F9B, 0x6F9E, 0x6FA0, 0x6FB6, 0x6FB8, 0x6FC4,
            0x6FC6, 0x6FCF, 0x6FD1, 0x6FD2, 0x6FD4, 0x6FF4, 0x6FF6, 0x6FFC,
            0x6FFE, 0x700F, 0x7011, 0x7012, 0x7014, 0x7046, 0x7048, 0x704A,
            0x704C, 0x704D, 0x704F, 0x7071, 0x7074, 0x707A, 0x707C, 0x7080,
            0x7082, 0x708C, 0x708E, 0x7096, 0x7098, 0x709A, 0x709C, 0x70A9,
            0x70AB, 0x70B1, 0x70B3, 0x70B5, 0x70B7, 0x70D4, 0x70D6, 0x70FD,
            0x70FF, 0x7107, 0x7109, 0x7123, 0x7125, 0x7132, 0x7135, 0x7156,
            0x7158, 0x716A, 0x716C, 0x716C, 0x716E, 0x718C, 0x718E, 0x7195,
            0x7197, 0x71A5, 0x71A7, 0x71AA, 0x71AC, 0x71B5, 0x71B7, 0x71CB,
            0x71CD, 0x71D2, 0x71D4, 0x71F2, 0x71F4, 0x71F9, 0x71FB, 0x720A,
            0x720C, 0x7210, 0x7212, 0x7214, 0x7216, 0x7216, 0x7218, 0x721F,
            0x7221, 0x7223, 0x7226, 0x722E, 0x7230, 0x7233, 0x7235, 0x7244,
            0x7246, 0x724D, 0x724F, 0x724F, 0x7251, 0x7254, 0x7256, 0x72AA,
            0x72AC, 0x72BD, 0x72BF, 0x7301, 0x7303, 0x730F, 0x7311, 0x7327,
            0x7329, 0x7352, 0x7354, 0x739B, 0x739D, 0x73C0, 0x73C2, 0x73F2,
            0x73F4, 0x73FA, 0x73FC, 0x7417, 0x7419, 0x7438, 0x743A, 0x743D,
            0x743F, 0x7446, 0x7448, 0x7448, 0x744A, 0x7457, 0x7459, 0x747A,
            0x747C, 0x7483, 0x7485, 0x7495, 0x7497, 0x749C, 0x749E, 0x74C6,
            0x74C8, 0x74C8, 0x74CA, 0x74CB, 0x74CD, 0x74EA, 0x74EC, 0x751F,
            0x7521, 0x7540, 0x7542, 0x7551, 0x7553, 0x7554, 0x7556, 0x755D,
            0x755F, 0x7560, 0x7562, 0x7570, 0x7572, 0x757A, 0x757C, 0x7584,
            0x7586, 0x75A8, 0x75AA, 0x75B6, 0x75B8, 0x75DB, 0x75DD, 0x75ED,
            0x75EF, 0x762B, 0x762D, 0x7643, 0x7646, 0x7650, 0x7652, 0x7654,
            0x7656, 0x7672, 0x7674, 0x768C, 0x768E, 0x76A0, 0x76A3, 0x76A4,
            0x76A6, 0x76A7, 0x76A9, 0x76B2, 0x76B4, 0x76B5, 0x76B7, 0x76C0,
            0x76C2, 0x76CA, 0x76CC, 0x76D8, 0x76DA, 0x76EA, 0x76EC, 0x76FF,
            0x7701, 0x7701, 0x7703, 0x770D, 0x770F, 0x7720, 0x7722, 0x772A,
            0x772C, 0x773E, 0x7740, 0x7741, 0x7743, 0x7763, 0x7765, 0x7795,
            0x7797, 0x77A3, 0x77A5, 0x77BD, 0x77BF, 0x77C0, 0x77C2, 0x77D1,
            0x77D3, 0x77DC, 0x77DE, 0x77E3, 0x77E5, 0x77E5, 0x77E7, 0x77F3,
            0x77F6, 0x7823, 0x7825, 0x7835, 0x7837, 0x7841, 0x7843, 0x7845,
            0x7847, 0x784A, 0x784C, 0x7875, 0x7877, 0x7887, 0x7889, 0x78C1,
            0x78C3, 0x78C6, 0x78C8, 0x78D1, 0x78D3, 0x78EF, 0x78F1, 0x78F7,
            0x78F9, 0x78FF, 0x7901, 0x7907, 0x7909, 0x790C, 0x790E, 0x7914,
            0x7916, 0x791E, 0x7921, 0x7931, 0x7933, 0x7935, 0x7937, 0x7958,
            0x795A, 0x796B, 0x796D, 0x796D, 0x796F, 0x7974, 0x7977, 0x7985,
            0x7988, 0x799D, 0x799F, 0x79A8, 0x79AA, 0x79BB, 0x79BD, 0x79C3,
            0x79C5, 0x79C6, 0x79C8, 0x79CB, 0x79CD, 0x79D3, 0x79D5, 0x79D6,
            0x79D8, 0x7A00, 0x7A02, 0x7A06, 0x7A08, 0x7A08, 0x7A0A, 0x7A2B,
            0x7A2D, 0x7A37, 0x7A39, 0x7A39, 0x7A3B, 0x7A63, 0x7A65, 0x7A69,
            0x7A6B, 0x7A6E, 0x7A70, 0x7A81, 0x7A83, 0x7A99, 0x7A9C, 0x7AB8,
            0x7ABA, 0x7ABA, 0x7ABE, 0x7AC1, 0x7AC3, 0x7AC5, 0x7AC7, 0x7AE8,
            0x7AEA, 0x7AF4, 0x7AF6, 0x7AFB, 0x7AFD, 0x7B06, 0x7B08, 0x7B1E,
            0x7B20, 0x7B26, 0x7B28, 0x7B28, 0x7B2A, 0x7B41, 0x7B43, 0x7B52,
            0x7B54, 0x7BA2, 0x7BA4, 0x7BA4, 0x7BA6, 0x7BAF, 0x7BB1, 0x7BB1,
            0x7BB3, 0x7BF9, 0x7BFB, 0x7C1A, 0x7C1C, 0x7C2D, 0x7C30, 0x7C51,
            0x7C53, 0x7C54, 0x7C56, 0x7C5C, 0x7C5E, 0x7C75, 0x7C77, 0x7C86,
            0x7C88, 0x7C92, 0x7C94, 0x7C99, 0x7C9B, 0x7CAB, 0x7CAD, 0x7CD2,
            0x7CD4, 0x7CD9, 0x7CDC, 0x7CE0, 0x7CE2, 0x7CE2, 0x7CE4, 0x7CE4,
            0x7CE7, 0x7CFB, 0x7CFD, 0x7CFE, 0x7D00, 0x7D22, 0x7D24, 0x7D29,
            0x7D2B, 0x7D2C, 0x7D2E, 0x7D47, 0x7D49, 0x7D4C, 0x7D4E, 0x7D59,
            0x7D5B, 0x7D63, 0x7D65, 0x7D77, 0x7D79, 0x7D81, 0x7D83, 0x7D94,
            0x7D96, 0x7D97, 0x7D99, 0x7DA3, 0x7DA5, 0x7DA7, 0x7DA9, 0x7DCC,
            0x7DCE, 0x7DD2, 0x7DD4, 0x7DE4, 0x7DE6, 0x7DEA, 0x7DEC, 0x7DFC,
            0x7E00, 0x7E17, 0x7E19, 0x7E5A, 0x7E5C, 0x7E63, 0x7E65, 0x7E9C,
            0x7E9E, 0x7F3A, 0x7F3D, 0x7F40, 0x7F42, 0x7F45, 0x7F47, 0x7F58,
            0x7F5A, 0x7F83, 0x7F85, 0x7F8F, 0x7F91, 0x7F96, 0x7F98, 0x7F98,
            0x7F9A, 0x7FB3, 0x7FB5, 0x7FD5, 0x7FD7, 0x7FDC, 0x7FDE, 0x7FE3,
            0x7FE5, 0x8009, 0x800B, 0x802E, 0x8030, 0x803B, 0x803D, 0x803F,
            0x8041, 0x8065, 0x8067, 0x8087, 0x8089, 0x808D, 0x808F, 0x8093,
            0x8095, 0x80A5, 0x80A9, 0x80B2, 0x80B4, 0x80B8, 0x80BA, 0x80DE,
            0x80E0, 0x8102, 0x8105, 0x8133, 0x8136, 0x8183, 0x8185, 0x818F,
            0x8191, 0x8195, 0x8197, 0x81CA, 0x81CC, 0x81E3, 0x81E5, 0x81EE,
            0x81F1, 0x8212, 0x8214, 0x8223, 0x8225, 0x8240, 0x8242, 0x8264,
            0x8266, 0x828B, 0x828D, 0x82B1, 0x82B3, 0x82E1, 0x82E3, 0x82FB,
            0x82FD, 0x8309, 0x830B, 0x830F, 0x8311, 0x832F, 0x8331, 0x8354,
            0x8356, 0x83BD, 0x83BF, 0x83E5, 0x83E7, 0x83EC, 0x83EE, 0x8413,
            0x8415, 0x8415, 0x8418, 0x841E, 0x8420, 0x8457, 0x8459, 0x8482,
            0x8484, 0x8494, 0x8496, 0x84B6, 0x84B8, 0x84C2, 0x84C4, 0x84EC,
            0x84EE, 0x8504, 0x8506, 0x850F, 0x8511, 0x8531, 0x8534, 0x854B,
            0x854D, 0x854F, 0x8551, 0x857E, 0x8580, 0x8592, 0x8594, 0x85B1,
            0x85B3, 0x85BA, 0x85BC, 0x85CB, 0x85CD, 0x85ED, 0x85EF, 0x85F2,
            0x85F4, 0x85FB, 0x85FD, 0x8602, 0x8604, 0x860C, 0x860F, 0x860F,
            0x8611, 0x8614, 0x8616, 0x861C, 0x861E, 0x8636, 0x8638, 0x8656,
            0x8658, 0x8674, 0x8676, 0x8688, 0x868A, 0x8691, 0x8693, 0x869F,
            0x86A1, 0x86A5, 0x86A7, 0x86D4, 0x86D6, 0x86DF, 0x86E1, 0x86E6,
            0x86E8, 0x86FC, 0x86FE, 0x871C, 0x871E, 0x872E, 0x8730, 0x873C,
            0x873E, 0x8744, 0x8746, 0x8770, 0x8772, 0x878D, 0x878F, 0x8798,
            0x879A, 0x87D9, 0x87DB, 0x87EF, 0x87F1, 0x8806, 0x8808, 0x8811,
            0x8813, 0x882C, 0x882E, 0x8839, 0x883B, 0x8846, 0x8848, 0x8857,
            0x8859, 0x885B, 0x885D, 0x885E, 0x8860, 0x8879, 0x887B, 0x88E5,
            0x88E7, 0x88E8, 0x88EA, 0x88EC, 0x88EE, 0x8902, 0x8904, 0x890E,
            0x8910, 0x8923, 0x8925, 0x8964, 0x8966, 0x8974, 0x8976, 0x897C,
            0x897E, 0x898C, 0x898E, 0x898F, 0x8991, 0x8993, 0x8995, 0x8998,
            0x899A, 0x89AF, 0x89B1, 0x89B3, 0x89B5, 0x89BA, 0x89BD, 0x89ED,
            0x89EF, 0x89F4, 0x89F6, 0x89F8, 0x89FA, 0x89FC, 0x89FE, 0x8A04,
            0x8A07, 0x8A13, 0x8A15, 0x8A18, 0x8A1A, 0x8A1F, 0x8A22, 0x8A2A,
            0x8A2C, 0x8A3C, 0x8A3E, 0x8A4A, 0x8A4C, 0x8A63, 0x8A65, 0x8A77,
            0x8A79, 0x8A7C, 0x8A7E, 0x8A87, 0x8A89, 0x8A9E, 0x8AA0, 0x8AAE,
            0x8AB0, 0x8AB6, 0x8AB8, 0x8ACF, 0x8AD1, 0x8AEB, 0x8AED, 0x8B28,
            0x8B2A, 0x8B31, 0x8B33, 0x8B37, 0x8B39, 0x8B3E, 0x8B40, 0x8B60,
            0x8B63, 0x8B68, 0x8B6A, 0x8B74, 0x8B76, 0x8B7B, 0x8B7D, 0x8B80,
            0x8B82, 0x8B86, 0x8B88, 0x8B8C, 0x8B8E, 0x8B8E, 0x8B90, 0x8B9A,
            0x8B9C, 0x8C37, 0x8C39, 0x8C3F, 0x8C41, 0x8C43, 0x8C45, 0x8C50,
            0x8C54, 0x8C57, 0x8C59, 0x8C73, 0x8C75, 0x8C7E, 0x8C80, 0x8C82,
            0x8C84, 0x8C86, 0x8C88, 0x8C8A, 0x8C8C, 0x8C9A, 0x8C9C, 0x8CA5,
            0x8CA7, 0x8CCA, 0x8CCC, 0x8CD5, 0x8CD7, 0x8CD7, 0x8CD9, 0x8CE8,
            0x8CEA, 0x8CF6, 0x8CF8, 0x8D00, 0x8D02, 0x8D10, 0x8D13, 0x8D7B,
            0x8D7D, 0x8DA5, 0x8DA7, 0x8DBF, 0x8DC1, 0x8DE4, 0x8DE6, 0x8E00,
            0x8E02, 0x8E0A, 0x8E0C, 0x8E31, 0x8E33, 0x8E45, 0x8E47, 0x8E4E,
            0x8E50, 0x8E6D, 0x8E6F, 0x8E74, 0x8E76, 0x8E76, 0x8E78, 0x8E78,
            0x8E7A, 0x8E9A, 0x8E9C, 0x8EA1, 0x8EA3, 0x8EB2, 0x8EB4, 0x8EB5,
            0x8EB8, 0x8EC0, 0x8EC2, 0x8EC3, 0x8EC5, 0x8ED8, 0x8EDA, 0x8EEF,
            0x8EF1, 0x8F0E, 0x8F10, 0x8F2C, 0x8F2E, 0x8F39, 0x8F3B, 0x8F40,
            0x8F42, 0x8F9C, 0x8F9E, 0x8FA3, 0x8FA5, 0x8FB2, 0x8FB4, 0x8FC2,
            0x8FC4, 0x8FC9, 0x8FCB, 0x8FE6, 0x8FE8, 0x9029, 0x902B, 0x902B,
            0x902D, 0x9036, 0x9038, 0x903F, 0x9041, 0x9045, 0x9047, 0x90AA,
            0x90AC, 0x90CB, 0x90CE, 0x90D1, 0x90D3, 0x90F5, 0x90F7, 0x9109,
            0x910B, 0x913B, 0x913E, 0x9158, 0x915A, 0x917A, 0x917C, 0x9194,
            0x9196, 0x9197, 0x9199, 0x91A8, 0x91AA, 0x91BE, 0x91C0, 0x91C3,
            0x91C5, 0x91DF, 0x91E1, 0x91EE, 0x91F0, 0x9212, 0x9214, 0x921E,
            0x9220, 0x9221, 0x9223, 0x9242, 0x9244, 0x9268, 0x926B, 0x9280,
            0x9282, 0x9283, 0x9285, 0x929D, 0x929F, 0x92BC, 0x92BE, 0x92D3,
            0x92D5, 0x92DA, 0x92DC, 0x92E1, 0x92E3, 0x931B, 0x931D, 0x932F,
            0x9332, 0x9361, 0x9363, 0x9367, 0x9369, 0x936A, 0x936C, 0x936E,
            0x9370, 0x9372, 0x9374, 0x9377, 0x9379, 0x937E, 0x9380, 0x9380,
            0x9382, 0x938A, 0x938C, 0x939B, 0x939D, 0x939F, 0x93A1, 0x93AA,
            0x93AC, 0x93BA, 0x93BC, 0x93DF, 0x93E1, 0x93F2, 0x93F4, 0x9401,
            0x9403, 0x9416, 0x9418, 0x941B, 0x941D, 0x941D, 0x9420, 0x9423,
            0x9425, 0x9442, 0x9444, 0x944D, 0x944F, 0x946B, 0x946D, 0x947A,
            0x947C, 0x9577, 0x957A, 0x957D, 0x957F, 0x9584, 0x9586, 0x9596,
            0x9598, 0x95B2, 0x95B5, 0x95B7, 0x95B9, 0x95C0, 0x95C2, 0x95D8,
            0x95DA, 0x95DC, 0x95DE, 0x9624, 0x9627, 0x9628, 0x962A, 0x963D,
            0x963F, 0x9655, 0x9658, 0x9678, 0x967A, 0x967A, 0x967C, 0x967E,
            0x9680, 0x9680, 0x9683, 0x968B, 0x968D, 0x9695, 0x9697, 0x9699,
            0x969B, 0x969C, 0x969E, 0x969E, 0x96A0, 0x96AA, 0x96AC, 0x96AE,
            0x96B0, 0x96B4, 0x96B6, 0x96E3, 0x96E5, 0x96E5, 0x96E8, 0x96FB,
            0x96FD, 0x9713, 0x9715, 0x9716, 0x9718, 0x9719, 0x971C, 0x9732,
            0x9735, 0x9736, 0x9738, 0x973F, 0x9742, 0x974C, 0x974E, 0x9756,
            0x9758, 0x9762, 0x9764, 0x9774, 0x9776, 0x9786, 0x9788, 0x9788,
            0x978A, 0x979A, 0x979C, 0x97A8, 0x97AA, 0x97AF, 0x97B2, 0x97B4,
            0x97B6, 0x97BD, 0x97BF, 0x97BF, 0x97C1, 0x97D1, 0x97D3, 0x97FB,
            0x97FD, 0x981E, 0x9820, 0x9824, 0x9826, 0x9829, 0x982B, 0x9832,
            0x9834, 0x9839, 0x983B, 0x983D, 0x983F, 0x9841, 0x9843, 0x9846,
            0x9848, 0x9855, 0x9857, 0x9865, 0x9867, 0x9867, 0x9869, 0x98B6,
            0x98B8, 0x98C9, 0x98CB, 0x98E3, 0x98E5, 0x98EB, 0x98ED, 0x98F0,
            0x98F2, 0x98F7, 0x98F9, 0x98FA, 0x98FC, 0x9918, 0x991A, 0x993A,
            0x993C, 0x9943, 0x9945, 0x9959, 0x995B, 0x995C, 0x995E, 0x99BE,
            0x99C0, 0x99DF, 0x99E1, 0x99E5, 0x99E7, 0x99EA, 0x99EC, 0x99F4,
            0x99F6, 0x9A0F, 0x9A11, 0x9A16, 0x9A19, 0x9A3A, 0x9A3C, 0x9A50,
            0x9A52, 0x9A57, 0x9A59, 0x9A5C, 0x9A5E, 0x9A62, 0x9A64, 0x9AA8,
            0x9AAA, 0x9ABC, 0x9ABE, 0x9AC7, 0x9AC9, 0x9AD6, 0x9AD8, 0x9ADF,
            0x9AE1, 0x9AE3, 0x9AE5, 0x9AE7, 0x9AEA, 0x9AEF, 0x9AF1, 0x9AFF,
            0x9B01, 0x9B01, 0x9B03, 0x9B08, 0x9B0A, 0x9B13, 0x9B15, 0x9B1A,
            0x9B1C, 0x9B33, 0x9B35, 0x9B3C, 0x9B3E, 0x9B3F, 0x9B41, 0x9B4F,
            0x9B51, 0x9B56, 0x9B58, 0x9B61, 0x9B63, 0x9B71, 0x9B73, 0x9B88,
            0x9B8A, 0x9B8B, 0x9B8D, 0x9B98, 0x9B9A, 0x9BC1, 0x9BC3, 0x9BF5,
            0x9BF7, 0x9BFF, 0x9C02, 0x9C02, 0x9C04, 0x9C41, 0x9C43, 0x9C4E,
            0x9C50, 0x9C50, 0x9C52, 0x9C60, 0x9C62, 0x9C63, 0x9C65, 0x9C7A,
            0x9C7C, 0x9D0B, 0x9D0E, 0x9D10, 0x9D12, 0x9D26, 0x9D28, 0x9D34,
            0x9D36, 0x9D3B, 0x9D3D, 0x9D6C, 0x9D6E, 0x9D94, 0x9D96, 0x9DAD,
            0x9DAF, 0x9DBC, 0x9DBE, 0x9DBF, 0x9DC1, 0x9DE9, 0x9DEB, 0x9DFB,
            0x9DFD, 0x9E0D, 0x9E0F, 0x9E15, 0x9E17, 0x9E1B, 0x9E1D, 0x9E7A,
            0x9E7C, 0x9E8E, 0x9E91, 0x9E97, 0x9E99, 0x9E9D, 0x9E9F, 0x9EA1,
            0x9EA3, 0x9EAA, 0x9EAD, 0x9EB0, 0x9EB2, 0x9EEB, 0x9EED, 0x9EF0,
            0x9EF2, 0x9F02, 0x9F04, 0x9F10, 0x9F12, 0x9F13, 0x9F15, 0x9F25,
            0x9F27, 0x9F44, 0x9F46, 0x9F52, 0x9F54, 0x9F6C, 0x9F6E, 0x9FA0,
            0x9FA2, 0x9FA2, 0x9FA4, 0x9FA5, 0xA78D, 0xA78D, 0xA7AA, 0xA7AA,
            0xAA7B, 0xAA7B, 0xAC00, 0xD7A3, 0x11301, 0x11301, 0x11303, 0x11303,
            0x1133C, 0x1133C, 0x1E7E0, 0x1E7E6, 0x1E7E8, 0x1E7EB, 0x1E7ED, 0x1E7EE,
            0x1E7F0, 0x1E7FE, 0x2070E, 0x2070E, 0x20731, 0x20731, 0x20779, 0x20779,
            0x20C53, 0x20C53, 0x20C78, 0x20C78, 0x20C96, 0x20C96, 0x20CCF, 0x20CCF,
            0x20CD5, 0x20CD5, 0x20D15, 0x20D15, 0x20D7C, 0x20D7C, 0x20D7F, 0x20D7F,
            0x20E0E, 0x20E0F, 0x20E77, 0x20E77, 0x20E9D, 0x20E9D, 0x20EA2, 0x20EA2,
            0x20ED7, 0x20ED7, 0x20EF9, 0x20EFA, 0x20F2D, 0x20F2E, 0x20F4C, 0x20F4C,
            0x20FB4, 0x20FB4, 0x20FBC, 0x20FBC, 0x20FEA, 0x20FEA, 0x2105C, 0x2105C,
            0x2106F, 0x2106F, 0x21075, 0x21076, 0x2107B, 0x2107B, 0x210C1, 0x210C1,
            0x210C9, 0x210C9, 0x211D9, 0x211D9, 0x220C7, 0x220C7, 0x227B5, 0x227B5,
            0x22AD5, 0x22AD5, 0x22B43, 0x22B43, 0x22BCA, 0x22BCA, 0x22C51, 0x22C51,
            0x22C55, 0x22C55, 0x22CC2, 0x22CC2, 0x22D08, 0x22D08, 0x22D4C, 0x22D4C,
            0x22D67, 0x22D67, 0x22EB3, 0x22EB3, 0x23CB7, 0x23CB7, 0x244D3, 0x244D3,
            0x24DB8, 0x24DB8, 0x24DEA, 0x24DEA, 0x2512B, 0x2512B, 0x26258, 0x26258,
            0x267CC, 0x267CC, 0x269F2, 0x269F2, 0x269FA, 0x269FA, 0x27A3E, 0x27A3E,
            0x2815D, 0x2815D, 0x28207, 0x28207, 0x282E2, 0x282E2, 0x28CCA, 0x28CCA,
            0x28CCD, 0x28CCD, 0x28CD2, 0x28CD2, 0x29D98, 0x29D98,
        };
    }
    private static final int[][] IDTYPE_RANGES = {
        IDTYPE_ranges_0(), IDTYPE_ranges_1(), IDTYPE_ranges_2(), IDTYPE_ranges_3(), IDTYPE_ranges_4(), IDTYPE_ranges_5(), IDTYPE_ranges_6(), IDTYPE_ranges_7(), IDTYPE_ranges_8(), IDTYPE_ranges_9(), IDTYPE_ranges_10(), IDTYPE_ranges_11()
    };
    private static final Property IDTYPE = new Property(
            IDTYPE_VALUES, IDTYPE_SHORT_VALUES,
            IDTYPE_VALUE_ALIASES, IDTYPE_VALUE_ALIAS_INDEX,
            IDTYPE_PROPERTY_ALIASES, IDTYPE_RANGES);

    private static final String[] KEHCORE_VALUES = {
        "C", "L", "N"
    };
    private static final String[] KEHCORE_SHORT_VALUES = {
        "C", "L", "N"
    };
    private static final String[] KEHCORE_VALUE_ALIASES = {
        "c", "l", "n"
    };
    private static final byte[] KEHCORE_VALUE_ALIAS_INDEX = {
        0, 1, 2
    };
    private static final String[] KEHCORE_PROPERTY_ALIASES = {
        "kehcore"
    };
    private static int[] KEHCORE_ranges_0() {
        return new int[] {
            0x13000, 0x1305C, 0x1305F, 0x13069, 0x1306B, 0x1306B, 0x1306D, 0x13091,
            0x13093, 0x13096, 0x13098, 0x130B8, 0x130BA, 0x130C0, 0x130C2, 0x130F9,
            0x130FB, 0x1310B, 0x1310D, 0x13117, 0x13119, 0x13132, 0x13136, 0x13136,
            0x13139, 0x13139, 0x1313D, 0x13140, 0x13142, 0x13151, 0x13153, 0x13154,
            0x13158, 0x13168, 0x1316A, 0x1316A, 0x1316C, 0x13171, 0x13173, 0x13173,
            0x13177, 0x13195, 0x13197, 0x131A4, 0x131A6, 0x131A9, 0x131AB, 0x131AD,
            0x131B0, 0x131B1, 0x131B3, 0x131C5, 0x131C7, 0x131D7, 0x131D9, 0x131E0,
            0x131E3, 0x13201, 0x13203, 0x13209, 0x1320B, 0x13214, 0x13216, 0x13250,
            0x13253, 0x13255, 0x13257, 0x1325D, 0x13265, 0x13265, 0x13267, 0x1326F,
            0x13271, 0x1327B, 0x1327D, 0x1327D, 0x1327F, 0x13297, 0x13299, 0x132A2,
            0x132A4, 0x132A4, 0x132A6, 0x132DE, 0x132E2, 0x132F0, 0x132F2, 0x132F4,
            0x132F7, 0x132FA, 0x132FC, 0x1330B, 0x1330E, 0x1332C, 0x1332E, 0x1332E,
            0x13330, 0x13334, 0x13338, 0x13338, 0x1333C, 0x13352, 0x13354, 0x13359,
            0x1335B, 0x1339B, 0x1339D, 0x1339D, 0x1339F, 0x1339F, 0x133A1, 0x133A1,
            0x133A3, 0x133B1, 0x133B3, 0x133B8, 0x133BA, 0x133BF, 0x133C1, 0x133CC,
            0x133CE, 0x133D6, 0x133D8, 0x133DB, 0x133DD, 0x133DE, 0x133E0, 0x133E8,
            0x133EA, 0x133EA, 0x133ED, 0x13402, 0x13404, 0x13413, 0x13415, 0x13423,
            0x13425, 0x1342F, 0x13461, 0x1346D, 0x1346F, 0x13474, 0x13476, 0x13487,
            0x13489, 0x13494, 0x13496, 0x13496, 0x13498, 0x1349E, 0x134A0, 0x134A5,
            0x134A7, 0x134A8, 0x134AA, 0x134AD, 0x134AF, 0x134B6, 0x134B8, 0x134BD,
            0x134BF, 0x134C1, 0x134C3, 0x134CB, 0x134CD, 0x134F4, 0x134F6, 0x13502,
            0x13504, 0x13505, 0x13507, 0x13514, 0x13516, 0x1351A, 0x1351C, 0x13520,
            0x13522, 0x1352C, 0x1352E, 0x13531, 0x13533, 0x13543, 0x13546, 0x13549,
            0x1354B, 0x1355E, 0x13560, 0x13569, 0x1356B, 0x1356C, 0x1356E, 0x1357C,
            0x1357E, 0x13580, 0x13582, 0x1359F, 0x135A1, 0x135A2, 0x135A4, 0x135BC,
            0x135BE, 0x135BF, 0x135C1, 0x135CD, 0x135CF, 0x135D0, 0x135D3, 0x135D5,
            0x135D7, 0x135DA, 0x135DC, 0x135E9, 0x135EB, 0x135EB, 0x135ED, 0x1360D,
            0x1360F, 0x1361B, 0x1361D, 0x13623, 0x13625, 0x1362A, 0x1362C, 0x13630,
            0x13632, 0x13634, 0x13636, 0x13639, 0x1363B, 0x13648, 0x1364A, 0x1364E,
            0x13650, 0x13657, 0x13659, 0x13659, 0x1365B, 0x13669, 0x1366C, 0x136A2,
            0x136A4, 0x136A7, 0x136A9, 0x136AA, 0x136AC, 0x136AD, 0x136AF, 0x136AF,
            0x136B1, 0x136B2, 0x136B5, 0x136B9, 0x136BB, 0x136BB, 0x136BD, 0x136D7,
            0x136D9, 0x136DC, 0x136DE, 0x136EB, 0x136ED, 0x136F0, 0x136F2, 0x136F4,
            0x136F6, 0x136FC, 0x136FE, 0x13706, 0x13708, 0x1370A, 0x1370C, 0x13711,
            0x13713, 0x13729, 0x1372B, 0x1372C, 0x1372F, 0x1373D, 0x1373F, 0x13740,
            0x13742, 0x13745, 0x13747, 0x1374B, 0x1374D, 0x1374F, 0x13751, 0x13754,
            0x13758, 0x1375D, 0x1375F, 0x13769, 0x1376C, 0x1376E, 0x13770, 0x13774,
            0x13776, 0x13780, 0x13784, 0x13786, 0x13788, 0x1378D, 0x1378F, 0x13791,
            0x13793, 0x137BA, 0x137BC, 0x137BD, 0x137BF, 0x137BF, 0x137C1, 0x137C9,
            0x137CB, 0x137CE, 0x137D0, 0x137D8, 0x137DA, 0x137DC, 0x137DE, 0x137E0,
            0x137E2, 0x137F0, 0x137F2, 0x137F3, 0x137F5, 0x137FA, 0x137FC, 0x13803,
            0x13805, 0x13805, 0x13807, 0x13813, 0x13815, 0x1381E, 0x13820, 0x13820,
            0x13824, 0x13827, 0x13829, 0x1382B, 0x1382D, 0x13831, 0x13833, 0x13833,
            0x13835, 0x13847, 0x13849, 0x1384B, 0x1384E, 0x13853, 0x13855, 0x13868,
            0x1386A, 0x1386D, 0x1386F, 0x1386F, 0x13871, 0x13878, 0x1387A, 0x13886,
            0x13888, 0x13897, 0x13899, 0x13899, 0x1389B, 0x138A1, 0x138A4, 0x138B0,
            0x138B2, 0x138B2, 0x138B4, 0x138B4, 0x138B6, 0x138BB, 0x138BE, 0x138DA,
            0x138DC, 0x13900, 0x13902, 0x13905, 0x13907, 0x13923, 0x13925, 0x1393A,
            0x1393D, 0x13946, 0x13948, 0x1394B, 0x1394D, 0x1394D, 0x1394F, 0x13952,
            0x13954, 0x1395B, 0x1395D, 0x13960, 0x13962, 0x13967, 0x13969, 0x1396B,
            0x1396D, 0x13980, 0x13982, 0x13982, 0x13984, 0x13992, 0x13994, 0x139A7,
            0x139A9, 0x139BA, 0x139BC, 0x139BC, 0x139BE, 0x139D1, 0x139D3, 0x139D3,
            0x139D5, 0x139D7, 0x139D9, 0x139E2, 0x139E6, 0x13A24, 0x13A26, 0x13A2B,
            0x13A2D, 0x13A2D, 0x13A2F, 0x13A2F, 0x13A32, 0x13A39, 0x13A3B, 0x13A45,
            0x13A47, 0x13A47, 0x13A49, 0x13A49, 0x13A4C, 0x13A4C, 0x13A4E, 0x13A50,
            0x13A54, 0x13A60, 0x13A62, 0x13A6E, 0x13A70, 0x13A78, 0x13A7A, 0x13A8F,
            0x13A91, 0x13A95, 0x13A97, 0x13AA8, 0x13AAA, 0x13AAB, 0x13AAE, 0x13AB1,
            0x13AB3, 0x13ABB, 0x13ABD, 0x13ABF, 0x13AC1, 0x13AC5, 0x13AC7, 0x13AC8,
            0x13ACA, 0x13ADB, 0x13ADD, 0x13AF1, 0x13AF4, 0x13AF5, 0x13AF7, 0x13AFB,
            0x13AFE, 0x13B03, 0x13B05, 0x13B05, 0x13B07, 0x13B08, 0x13B0A, 0x13B0A,
            0x13B0C, 0x13B0F, 0x13B11, 0x13B1E, 0x13B20, 0x13B23, 0x13B25, 0x13B28,
            0x13B2B, 0x13B39, 0x13B3B, 0x13B3C, 0x13B3E, 0x13B4A, 0x13B4C, 0x13B51,
            0x13B53, 0x13B54, 0x13B56, 0x13B5D, 0x13B5F, 0x13B79, 0x13B7B, 0x13B7D,
            0x13B7F, 0x13B7F, 0x13B81, 0x13B83, 0x13B85, 0x13B8C, 0x13B8E, 0x13B95,
            0x13B97, 0x13B98, 0x13B9A, 0x13B9D, 0x13B9F, 0x13BA6, 0x13BA9, 0x13BAB,
            0x13BAE, 0x13BAE, 0x13BB2, 0x13BB9, 0x13BBC, 0x13BC0, 0x13BC2, 0x13BD8,
            0x13BDA, 0x13BE5, 0x13BE7, 0x13BEA, 0x13BEC, 0x13BEC, 0x13BEE, 0x13C05,
            0x13C07, 0x13C0B, 0x13C0D, 0x13C11, 0x13C13, 0x13C1D, 0x13C1F, 0x13C23,
            0x13C25, 0x13C25, 0x13C27, 0x13C2B, 0x13C2D, 0x13C31, 0x13C33, 0x13C34,
            0x13C36, 0x13C38, 0x13C3A, 0x13C3A, 0x13C3C, 0x13C3C, 0x13C3F, 0x13C40,
            0x13C43, 0x13C43, 0x13C45, 0x13C52, 0x13C54, 0x13C60, 0x13C62, 0x13C6A,
            0x13C6C, 0x13C7D, 0x13C7F, 0x13C88, 0x13C8A, 0x13C99, 0x13C9B, 0x13CA7,
            0x13CAA, 0x13CAD, 0x13CAF, 0x13CB0, 0x13CB2, 0x13CB8, 0x13CBA, 0x13CBA,
            0x13CBC, 0x13CBC, 0x13CBE, 0x13CCA, 0x13CCC, 0x13CCC, 0x13CCF, 0x13CD1,
            0x13CD3, 0x13CD6, 0x13CD9, 0x13CDA, 0x13CDC, 0x13CDE, 0x13CE0, 0x13CE3,
            0x13CE5, 0x13CE7, 0x13CE9, 0x13CFC, 0x13CFE, 0x13CFE, 0x13D00, 0x13D00,
            0x13D02, 0x13D0B, 0x13D0E, 0x13D1F, 0x13D23, 0x13D26, 0x13D28, 0x13D4E,
            0x13D51, 0x13D5F, 0x13D61, 0x13D65, 0x13D67, 0x13D7F, 0x13D82, 0x13D84,
            0x13D87, 0x13D9B, 0x13D9D, 0x13D9D, 0x13DA0, 0x13DA5, 0x13DA7, 0x13DAB,
            0x13DAD, 0x13DAF, 0x13DB1, 0x13DB4, 0x13DB6, 0x13DB9, 0x13DBB, 0x13DC1,
            0x13DC3, 0x13DC4, 0x13DCA, 0x13DDA, 0x13DDC, 0x13DDD, 0x13DDF, 0x13DDF,
            0x13DE1, 0x13DE7, 0x13DE9, 0x13DF2, 0x13DF4, 0x13DFB, 0x13DFD, 0x13E03,
            0x13E05, 0x13E0B, 0x13E0D, 0x13E0D, 0x13E0F, 0x13E11, 0x13E13, 0x13E17,
            0x13E19, 0x13E23, 0x13E26, 0x13E27, 0x13E2A, 0x13E2A, 0x13E2D, 0x13E36,
            0x13E38, 0x13E3A, 0x13E3C, 0x13E3C, 0x13E3F, 0x13E41, 0x13E43, 0x13E45,
            0x13E47, 0x13E48, 0x13E4A, 0x13E4C, 0x13E4E, 0x13E4F, 0x13E51, 0x13E55,
            0x13E58, 0x13E67, 0x13E6A, 0x13E70, 0x13E73, 0x13E7E, 0x13E80, 0x13E8C,
            0x13E8E, 0x13E9B, 0x13E9D, 0x13EA3, 0x13EA5, 0x13EA6, 0x13EA8, 0x13EAC,
            0x13EAF, 0x13EB5, 0x13EB7, 0x13EBC, 0x13EBE, 0x13EBE, 0x13EC0, 0x13EC0,
            0x13EC2, 0x13ED1, 0x13ED3, 0x13EDB, 0x13EDD, 0x13EF3, 0x13EF5, 0x13EF6,
            0x13EF8, 0x13F06, 0x13F08, 0x13F08, 0x13F0A, 0x13F0A, 0x13F0C, 0x13F21,
            0x13F23, 0x13F26, 0x13F28, 0x13F2A, 0x13F2C, 0x13F34, 0x13F36, 0x13F3C,
            0x13F3E, 0x13F48, 0x13F4A, 0x13F4A, 0x13F4C, 0x13F4D, 0x13F4F, 0x13F54,
            0x13F56, 0x13F57, 0x13F59, 0x13F67, 0x13F69, 0x13F76, 0x13F78, 0x13F7C,
            0x13F7F, 0x13F96, 0x13F98, 0x13F9A, 0x13F9C, 0x13F9F, 0x13FA1, 0x13FA3,
            0x13FA5, 0x13FA9, 0x13FAB, 0x13FAE, 0x13FB1, 0x13FB1, 0x13FB3, 0x13FC1,
            0x13FC3, 0x13FC6, 0x13FC9, 0x13FCB, 0x13FCD, 0x13FD0, 0x13FD2, 0x13FE2,
            0x13FE4, 0x13FE5, 0x13FE7, 0x13FE7, 0x13FEA, 0x13FEC, 0x13FEE, 0x13FF7,
            0x13FFA, 0x13FFB, 0x13FFD, 0x14000, 0x14002, 0x14003, 0x14005, 0x14012,
            0x14014, 0x14014, 0x14017, 0x14029, 0x1402B, 0x1402B, 0x1402D, 0x1402D,
            0x1402F, 0x1403A, 0x1403F, 0x14046, 0x14048, 0x14049, 0x1404B, 0x14052,
            0x14054, 0x14054, 0x14056, 0x1405A, 0x1405C, 0x1405F, 0x14061, 0x14063,
            0x14065, 0x14071, 0x14073, 0x1407A, 0x1407C, 0x1407E, 0x14080, 0x14082,
            0x14084, 0x14086, 0x14088, 0x1408D, 0x14090, 0x14090, 0x14093, 0x14095,
            0x14097, 0x14097, 0x14099, 0x1409C, 0x1409E, 0x140A1, 0x140A3, 0x140A6,
            0x140A8, 0x140AD, 0x140AF, 0x140BD, 0x140BF, 0x140BF, 0x140C1, 0x140C8,
            0x140CA, 0x140D0, 0x140D6, 0x140D6, 0x140D8, 0x140D8, 0x140DA, 0x140DE,
            0x140E1, 0x140E7, 0x140EA, 0x140EA, 0x140EC, 0x140F1, 0x140F3, 0x140F4,
            0x140F6, 0x140F6, 0x140F9, 0x140F9, 0x140FC, 0x14102, 0x14104, 0x14107,
            0x14109, 0x1410E, 0x14110, 0x14119, 0x1411B, 0x14122, 0x14124, 0x14124,
            0x14126, 0x14126, 0x14128, 0x1412D, 0x1412F, 0x1412F, 0x14131, 0x14132,
            0x14136, 0x14138, 0x1413A, 0x1413C, 0x1413E, 0x14142, 0x14144, 0x14145,
            0x14147, 0x14148, 0x1414C, 0x14162, 0x14164, 0x14166, 0x14168, 0x14169,
            0x1416B, 0x14170, 0x14173, 0x14187, 0x14189, 0x1418E, 0x14190, 0x14192,
            0x14194, 0x14197, 0x14199, 0x1419A, 0x1419C, 0x1419F, 0x141A1, 0x141A2,
            0x141A4, 0x141AD, 0x141AF, 0x141BA, 0x141BD, 0x141C3, 0x141C5, 0x141C9,
            0x141CB, 0x141D0, 0x141D2, 0x141D2, 0x141D4, 0x141D8, 0x141DA, 0x141EE,
            0x141F0, 0x141F7, 0x141FB, 0x14211, 0x14213, 0x14219, 0x1421B, 0x1421D,
            0x1421F, 0x1422B, 0x1422D, 0x14238, 0x1423A, 0x14243, 0x14245, 0x1424D,
            0x14250, 0x14251, 0x14253, 0x14253, 0x14256, 0x14256, 0x14259, 0x14263,
            0x14265, 0x14265, 0x14268, 0x14278, 0x1427A, 0x14280, 0x14282, 0x14283,
            0x14285, 0x14285, 0x14287, 0x14287, 0x14289, 0x1428D, 0x1428F, 0x14294,
            0x14296, 0x1429A, 0x1429C, 0x1429D, 0x1429F, 0x1429F, 0x142A1, 0x142A4,
            0x142A6, 0x142AC, 0x142AE, 0x142B5, 0x142B7, 0x142BF, 0x142C1, 0x142C2,
            0x142C4, 0x142CB, 0x142CD, 0x142CE, 0x142D0, 0x142D1, 0x142D3, 0x142E0,
            0x142E2, 0x142E5, 0x142E8, 0x142EC, 0x142EE, 0x142F4, 0x142F6, 0x14300,
            0x14303, 0x14304, 0x14306, 0x14308, 0x1430B, 0x1430B, 0x1430D, 0x1430D,
            0x1430F, 0x14310, 0x14312, 0x14315, 0x14317, 0x1431D, 0x1431F, 0x14325,
            0x14327, 0x14327, 0x14329, 0x1432F, 0x14331, 0x14334, 0x14336, 0x14339,
            0x1433B, 0x14346, 0x14348, 0x14350, 0x14352, 0x14364, 0x14366, 0x14367,
            0x14369, 0x1437D, 0x1437F, 0x14381, 0x14384, 0x14389, 0x1438B, 0x1438C,
            0x1438F, 0x14393, 0x14395, 0x14397, 0x14399, 0x143A5, 0x143A7, 0x143A9,
            0x143AB, 0x143AB, 0x143AE, 0x143B0, 0x143B3, 0x143B5, 0x143B7, 0x143BE,
            0x143C0, 0x143C2, 0x143C4, 0x143C9, 0x143CB, 0x143CC, 0x143CE, 0x143D5,
            0x143D7, 0x143DD, 0x143DF, 0x143EA, 0x143EE, 0x143F0, 0x143F3, 0x143F8,
            0x143FA, 0x143FA,
        };
    }
    private static int[] KEHCORE_ranges_1() {
        return new int[] {
            0x1305D, 0x1305E, 0x1306A, 0x1306A, 0x1306C, 0x1306C, 0x13092, 0x13092,
            0x13097, 0x13097, 0x130B9, 0x130B9, 0x130C1, 0x130C1, 0x130FA, 0x130FA,
            0x1310C, 0x1310C, 0x13118, 0x13118, 0x13133, 0x13135, 0x13137, 0x13138,
            0x1313A, 0x1313C, 0x13141, 0x13141, 0x13152, 0x13152, 0x13155, 0x13157,
            0x13169, 0x13169, 0x1316B, 0x1316B, 0x13172, 0x13172, 0x13174, 0x13176,
            0x13196, 0x13196, 0x131A5, 0x131A5, 0x131AA, 0x131AA, 0x131AE, 0x131AF,
            0x131B2, 0x131B2, 0x131C6, 0x131C6, 0x131D8, 0x131D8, 0x131E1, 0x131E2,
            0x13202, 0x13202, 0x1320A, 0x1320A, 0x13215, 0x13215, 0x13251, 0x13252,
            0x13256, 0x13256, 0x1325E, 0x13264, 0x13266, 0x13266, 0x13270, 0x13270,
            0x1327C, 0x1327C, 0x1327E, 0x1327E, 0x13298, 0x13298, 0x132A3, 0x132A3,
            0x132A5, 0x132A5, 0x132DF, 0x132E1, 0x132F1, 0x132F1, 0x132F5, 0x132F6,
            0x132FB, 0x132FB, 0x1330C, 0x1330D, 0x1332D, 0x1332D, 0x1332F, 0x1332F,
            0x13335, 0x13337, 0x13339, 0x1333B, 0x13353, 0x13353, 0x1335A, 0x1335A,
            0x1339C, 0x1339C, 0x1339E, 0x1339E, 0x133A0, 0x133A0, 0x133A2, 0x133A2,
            0x133B2, 0x133B2, 0x133B9, 0x133B9, 0x133C0, 0x133C0, 0x133CD, 0x133CD,
            0x133D7, 0x133D7, 0x133DC, 0x133DC, 0x133DF, 0x133DF, 0x133E9, 0x133E9,
            0x133EB, 0x133EC, 0x13403, 0x13403, 0x13414, 0x13414, 0x13424, 0x13424,
        };
    }
    private static int[] KEHCORE_ranges_2() {
        return new int[] {
            0x0, 0x12FFF, 0x13430, 0x13460, 0x1346E, 0x1346E, 0x13475, 0x13475,
            0x13488, 0x13488, 0x13495, 0x13495, 0x13497, 0x13497, 0x1349F, 0x1349F,
            0x134A6, 0x134A6, 0x134A9, 0x134A9, 0x134AE, 0x134AE, 0x134B7, 0x134B7,
            0x134BE, 0x134BE, 0x134C2, 0x134C2, 0x134CC, 0x134CC, 0x134F5, 0x134F5,
            0x13503, 0x13503, 0x13506, 0x13506, 0x13515, 0x13515, 0x1351B, 0x1351B,
            0x13521, 0x13521, 0x1352D, 0x1352D, 0x13532, 0x13532, 0x13544, 0x13545,
            0x1354A, 0x1354A, 0x1355F, 0x1355F, 0x1356A, 0x1356A, 0x1356D, 0x1356D,
            0x1357D, 0x1357D, 0x13581, 0x13581, 0x135A0, 0x135A0, 0x135A3, 0x135A3,
            0x135BD, 0x135BD, 0x135C0, 0x135C0, 0x135CE, 0x135CE, 0x135D1, 0x135D2,
            0x135D6, 0x135D6, 0x135DB, 0x135DB, 0x135EA, 0x135EA, 0x135EC, 0x135EC,
            0x1360E, 0x1360E, 0x1361C, 0x1361C, 0x13624, 0x13624, 0x1362B, 0x1362B,
            0x13631, 0x13631, 0x13635, 0x13635, 0x1363A, 0x1363A, 0x13649, 0x13649,
            0x1364F, 0x1364F, 0x13658, 0x13658, 0x1365A, 0x1365A, 0x1366A, 0x1366B,
            0x136A3, 0x136A3, 0x136A8, 0x136A8, 0x136AB, 0x136AB, 0x136AE, 0x136AE,
            0x136B0, 0x136B0, 0x136B3, 0x136B4, 0x136BA, 0x136BA, 0x136BC, 0x136BC,
            0x136D8, 0x136D8, 0x136DD, 0x136DD, 0x136EC, 0x136EC, 0x136F1, 0x136F1,
            0x136F5, 0x136F5, 0x136FD, 0x136FD, 0x13707, 0x13707, 0x1370B, 0x1370B,
            0x13712, 0x13712, 0x1372A, 0x1372A, 0x1372D, 0x1372E, 0x1373E, 0x1373E,
            0x13741, 0x13741, 0x13746, 0x13746, 0x1374C, 0x1374C, 0x13750, 0x13750,
            0x13755, 0x13757, 0x1375E, 0x1375E, 0x1376A, 0x1376B, 0x1376F, 0x1376F,
            0x13775, 0x13775, 0x13781, 0x13783, 0x13787, 0x13787, 0x1378E, 0x1378E,
            0x13792, 0x13792, 0x137BB, 0x137BB, 0x137BE, 0x137BE, 0x137C0, 0x137C0,
            0x137CA, 0x137CA, 0x137CF, 0x137CF, 0x137D9, 0x137D9, 0x137DD, 0x137DD,
            0x137E1, 0x137E1, 0x137F1, 0x137F1, 0x137F4, 0x137F4, 0x137FB, 0x137FB,
            0x13804, 0x13804, 0x13806, 0x13806, 0x13814, 0x13814, 0x1381F, 0x1381F,
            0x13821, 0x13823, 0x13828, 0x13828, 0x1382C, 0x1382C, 0x13832, 0x13832,
            0x13834, 0x13834, 0x13848, 0x13848, 0x1384C, 0x1384D, 0x13854, 0x13854,
            0x13869, 0x13869, 0x1386E, 0x1386E, 0x13870, 0x13870, 0x13879, 0x13879,
            0x13887, 0x13887, 0x13898, 0x13898, 0x1389A, 0x1389A, 0x138A2, 0x138A3,
            0x138B1, 0x138B1, 0x138B3, 0x138B3, 0x138B5, 0x138B5, 0x138BC, 0x138BD,
            0x138DB, 0x138DB, 0x13901, 0x13901, 0x13906, 0x13906, 0x13924, 0x13924,
            0x1393B, 0x1393C, 0x13947, 0x13947, 0x1394C, 0x1394C, 0x1394E, 0x1394E,
            0x13953, 0x13953, 0x1395C, 0x1395C, 0x13961, 0x13961, 0x13968, 0x13968,
            0x1396C, 0x1396C, 0x13981, 0x13981, 0x13983, 0x13983, 0x13993, 0x13993,
            0x139A8, 0x139A8, 0x139BB, 0x139BB, 0x139BD, 0x139BD, 0x139D2, 0x139D2,
            0x139D4, 0x139D4, 0x139D8, 0x139D8, 0x139E3, 0x139E5, 0x13A25, 0x13A25,
            0x13A2C, 0x13A2C, 0x13A2E, 0x13A2E, 0x13A30, 0x13A31, 0x13A3A, 0x13A3A,
            0x13A46, 0x13A46, 0x13A48, 0x13A48, 0x13A4A, 0x13A4B, 0x13A4D, 0x13A4D,
            0x13A51, 0x13A53, 0x13A61, 0x13A61, 0x13A6F, 0x13A6F, 0x13A79, 0x13A79,
            0x13A90, 0x13A90, 0x13A96, 0x13A96, 0x13AA9, 0x13AA9, 0x13AAC, 0x13AAD,
            0x13AB2, 0x13AB2, 0x13ABC, 0x13ABC, 0x13AC0, 0x13AC0, 0x13AC6, 0x13AC6,
            0x13AC9, 0x13AC9, 0x13ADC, 0x13ADC, 0x13AF2, 0x13AF3, 0x13AF6, 0x13AF6,
            0x13AFC, 0x13AFD, 0x13B04, 0x13B04, 0x13B06, 0x13B06, 0x13B09, 0x13B09,
            0x13B0B, 0x13B0B, 0x13B10, 0x13B10, 0x13B1F, 0x13B1F, 0x13B24, 0x13B24,
            0x13B29, 0x13B2A, 0x13B3A, 0x13B3A, 0x13B3D, 0x13B3D, 0x13B4B, 0x13B4B,
            0x13B52, 0x13B52, 0x13B55, 0x13B55, 0x13B5E, 0x13B5E, 0x13B7A, 0x13B7A,
            0x13B7E, 0x13B7E, 0x13B80, 0x13B80, 0x13B84, 0x13B84, 0x13B8D, 0x13B8D,
            0x13B96, 0x13B96, 0x13B99, 0x13B99, 0x13B9E, 0x13B9E, 0x13BA7, 0x13BA8,
            0x13BAC, 0x13BAD, 0x13BAF, 0x13BB1, 0x13BBA, 0x13BBB, 0x13BC1, 0x13BC1,
            0x13BD9, 0x13BD9, 0x13BE6, 0x13BE6, 0x13BEB, 0x13BEB, 0x13BED, 0x13BED,
            0x13C06, 0x13C06, 0x13C0C, 0x13C0C, 0x13C12, 0x13C12, 0x13C1E, 0x13C1E,
            0x13C24, 0x13C24, 0x13C26, 0x13C26, 0x13C2C, 0x13C2C, 0x13C32, 0x13C32,
            0x13C35, 0x13C35, 0x13C39, 0x13C39, 0x13C3B, 0x13C3B, 0x13C3D, 0x13C3E,
            0x13C41, 0x13C42, 0x13C44, 0x13C44, 0x13C53, 0x13C53, 0x13C61, 0x13C61,
            0x13C6B, 0x13C6B, 0x13C7E, 0x13C7E, 0x13C89, 0x13C89, 0x13C9A, 0x13C9A,
            0x13CA8, 0x13CA9, 0x13CAE, 0x13CAE, 0x13CB1, 0x13CB1, 0x13CB9, 0x13CB9,
            0x13CBB, 0x13CBB, 0x13CBD, 0x13CBD, 0x13CCB, 0x13CCB, 0x13CCD, 0x13CCE,
            0x13CD2, 0x13CD2, 0x13CD7, 0x13CD8, 0x13CDB, 0x13CDB, 0x13CDF, 0x13CDF,
            0x13CE4, 0x13CE4, 0x13CE8, 0x13CE8, 0x13CFD, 0x13CFD, 0x13CFF, 0x13CFF,
            0x13D01, 0x13D01, 0x13D0C, 0x13D0D, 0x13D20, 0x13D22, 0x13D27, 0x13D27,
            0x13D4F, 0x13D50, 0x13D60, 0x13D60, 0x13D66, 0x13D66, 0x13D80, 0x13D81,
            0x13D85, 0x13D86, 0x13D9C, 0x13D9C, 0x13D9E, 0x13D9F, 0x13DA6, 0x13DA6,
            0x13DAC, 0x13DAC, 0x13DB0, 0x13DB0, 0x13DB5, 0x13DB5, 0x13DBA, 0x13DBA,
            0x13DC2, 0x13DC2, 0x13DC5, 0x13DC9, 0x13DDB, 0x13DDB, 0x13DDE, 0x13DDE,
            0x13DE0, 0x13DE0, 0x13DE8, 0x13DE8, 0x13DF3, 0x13DF3, 0x13DFC, 0x13DFC,
            0x13E04, 0x13E04, 0x13E0C, 0x13E0C, 0x13E0E, 0x13E0E, 0x13E12, 0x13E12,
            0x13E18, 0x13E18, 0x13E24, 0x13E25, 0x13E28, 0x13E29, 0x13E2B, 0x13E2C,
            0x13E37, 0x13E37, 0x13E3B, 0x13E3B, 0x13E3D, 0x13E3E, 0x13E42, 0x13E42,
            0x13E46, 0x13E46, 0x13E49, 0x13E49, 0x13E4D, 0x13E4D, 0x13E50, 0x13E50,
            0x13E56, 0x13E57, 0x13E68, 0x13E69, 0x13E71, 0x13E72, 0x13E7F, 0x13E7F,
            0x13E8D, 0x13E8D, 0x13E9C, 0x13E9C, 0x13EA4, 0x13EA4, 0x13EA7, 0x13EA7,
            0x13EAD, 0x13EAE, 0x13EB6, 0x13EB6, 0x13EBD, 0x13EBD, 0x13EBF, 0x13EBF,
            0x13EC1, 0x13EC1, 0x13ED2, 0x13ED2, 0x13EDC, 0x13EDC, 0x13EF4, 0x13EF4,
            0x13EF7, 0x13EF7, 0x13F07, 0x13F07, 0x13F09, 0x13F09, 0x13F0B, 0x13F0B,
            0x13F22, 0x13F22, 0x13F27, 0x13F27, 0x13F2B, 0x13F2B, 0x13F35, 0x13F35,
            0x13F3D, 0x13F3D, 0x13F49, 0x13F49, 0x13F4B, 0x13F4B, 0x13F4E, 0x13F4E,
            0x13F55, 0x13F55, 0x13F58, 0x13F58, 0x13F68, 0x13F68, 0x13F77, 0x13F77,
            0x13F7D, 0x13F7E, 0x13F97, 0x13F97, 0x13F9B, 0x13F9B, 0x13FA0, 0x13FA0,
            0x13FA4, 0x13FA4, 0x13FAA, 0x13FAA, 0x13FAF, 0x13FB0, 0x13FB2, 0x13FB2,
            0x13FC2, 0x13FC2, 0x13FC7, 0x13FC8, 0x13FCC, 0x13FCC, 0x13FD1, 0x13FD1,
            0x13FE3, 0x13FE3, 0x13FE6, 0x13FE6, 0x13FE8, 0x13FE9, 0x13FED, 0x13FED,
            0x13FF8, 0x13FF9, 0x13FFC, 0x13FFC, 0x14001, 0x14001, 0x14004, 0x14004,
            0x14013, 0x14013, 0x14015, 0x14016, 0x1402A, 0x1402A, 0x1402C, 0x1402C,
            0x1402E, 0x1402E, 0x1403B, 0x1403E, 0x14047, 0x14047, 0x1404A, 0x1404A,
            0x14053, 0x14053, 0x14055, 0x14055, 0x1405B, 0x1405B, 0x14060, 0x14060,
            0x14064, 0x14064, 0x14072, 0x14072, 0x1407B, 0x1407B, 0x1407F, 0x1407F,
            0x14083, 0x14083, 0x14087, 0x14087, 0x1408E, 0x1408F, 0x14091, 0x14092,
            0x14096, 0x14096, 0x14098, 0x14098, 0x1409D, 0x1409D, 0x140A2, 0x140A2,
            0x140A7, 0x140A7, 0x140AE, 0x140AE, 0x140BE, 0x140BE, 0x140C0, 0x140C0,
            0x140C9, 0x140C9, 0x140D1, 0x140D5, 0x140D7, 0x140D7, 0x140D9, 0x140D9,
            0x140DF, 0x140E0, 0x140E8, 0x140E9, 0x140EB, 0x140EB, 0x140F2, 0x140F2,
            0x140F5, 0x140F5, 0x140F7, 0x140F8, 0x140FA, 0x140FB, 0x14103, 0x14103,
            0x14108, 0x14108, 0x1410F, 0x1410F, 0x1411A, 0x1411A, 0x14123, 0x14123,
            0x14125, 0x14125, 0x14127, 0x14127, 0x1412E, 0x1412E, 0x14130, 0x14130,
            0x14133, 0x14135, 0x14139, 0x14139, 0x1413D, 0x1413D, 0x14143, 0x14143,
            0x14146, 0x14146, 0x14149, 0x1414B, 0x14163, 0x14163, 0x14167, 0x14167,
            0x1416A, 0x1416A, 0x14171, 0x14172, 0x14188, 0x14188, 0x1418F, 0x1418F,
            0x14193, 0x14193, 0x14198, 0x14198, 0x1419B, 0x1419B, 0x141A0, 0x141A0,
            0x141A3, 0x141A3, 0x141AE, 0x141AE, 0x141BB, 0x141BC, 0x141C4, 0x141C4,
            0x141CA, 0x141CA, 0x141D1, 0x141D1, 0x141D3, 0x141D3, 0x141D9, 0x141D9,
            0x141EF, 0x141EF, 0x141F8, 0x141FA, 0x14212, 0x14212, 0x1421A, 0x1421A,
            0x1421E, 0x1421E, 0x1422C, 0x1422C, 0x14239, 0x14239, 0x14244, 0x14244,
            0x1424E, 0x1424F, 0x14252, 0x14252, 0x14254, 0x14255, 0x14257, 0x14258,
            0x14264, 0x14264, 0x14266, 0x14267, 0x14279, 0x14279, 0x14281, 0x14281,
            0x14284, 0x14284, 0x14286, 0x14286, 0x14288, 0x14288, 0x1428E, 0x1428E,
            0x14295, 0x14295, 0x1429B, 0x1429B, 0x1429E, 0x1429E, 0x142A0, 0x142A0,
            0x142A5, 0x142A5, 0x142AD, 0x142AD, 0x142B6, 0x142B6, 0x142C0, 0x142C0,
            0x142C3, 0x142C3, 0x142CC, 0x142CC, 0x142CF, 0x142CF, 0x142D2, 0x142D2,
            0x142E1, 0x142E1, 0x142E6, 0x142E7, 0x142ED, 0x142ED, 0x142F5, 0x142F5,
            0x14301, 0x14302, 0x14305, 0x14305, 0x14309, 0x1430A, 0x1430C, 0x1430C,
            0x1430E, 0x1430E, 0x14311, 0x14311, 0x14316, 0x14316, 0x1431E, 0x1431E,
            0x14326, 0x14326, 0x14328, 0x14328, 0x14330, 0x14330, 0x14335, 0x14335,
            0x1433A, 0x1433A, 0x14347, 0x14347, 0x14351, 0x14351, 0x14365, 0x14365,
            0x14368, 0x14368, 0x1437E, 0x1437E, 0x14382, 0x14383, 0x1438A, 0x1438A,
            0x1438D, 0x1438E, 0x14394, 0x14394, 0x14398, 0x14398, 0x143A6, 0x143A6,
            0x143AA, 0x143AA, 0x143AC, 0x143AD, 0x143B1, 0x143B2, 0x143B6, 0x143B6,
            0x143BF, 0x143BF, 0x143C3, 0x143C3, 0x143CA, 0x143CA, 0x143CD, 0x143CD,
            0x143D6, 0x143D6, 0x143DE, 0x143DE, 0x143EB, 0x143ED, 0x143F1, 0x143F2,
            0x143F9, 0x143F9, 0x143FB, 0x10FFFF,
        };
    }
    private static final int[][] KEHCORE_RANGES = {
        KEHCORE_ranges_0(), KEHCORE_ranges_1(), KEHCORE_ranges_2()
    };
    private static final Property KEHCORE = new Property(
            KEHCORE_VALUES, KEHCORE_SHORT_VALUES,
            KEHCORE_VALUE_ALIASES, KEHCORE_VALUE_ALIAS_INDEX,
            KEHCORE_PROPERTY_ALIASES, KEHCORE_RANGES);

    private static final int[] HEX_RANGES = {
        0x30, 0x39, 0x41, 0x46, 0x61, 0x66, 0xFF10, 0xFF19,
        0xFF21, 0xFF26, 0xFF41, 0xFF46,
    };
    private static final UnicodeSet HEX = buildSet(HEX_RANGES);

    static boolean isPropertyAlias(String alias) { return property(alias) != null; }
    static boolean isBinaryPropertyAlias(String alias) {
        String loose = loose(alias);
        return loose.equals("hex") || loose.equals("hexdigit");
    }
    static UnicodeSet binarySet(String alias) {
        return isBinaryPropertyAlias(alias) ? HEX : null;
    }
    static UnicodeSet valueSet(String propertyAlias, String valueAlias) {
        Property property = property(propertyAlias);
        return property == null ? null : property.valueSet(valueAlias);
    }
    static int valueCount(String propertyAlias) {
        Property property = property(propertyAlias);
        return property == null ? 0 : property.values.length;
    }
    static String value(String propertyAlias, int index) {
        Property property = property(propertyAlias);
        return property == null ? null : property.values[index];
    }
    static String shortValue(String propertyAlias, int index) {
        Property property = property(propertyAlias);
        return property == null ? null : property.shortValues[index];
    }
    private static Property property(String alias) {
        String loose = loose(alias);
        if (GCB.hasAlias(loose)) return GCB;
        if (InCB.hasAlias(loose)) return InCB;
        if (IDTYPE.hasAlias(loose)) return IDTYPE;
        if (KEHCORE.hasAlias(loose)) return KEHCORE;
        return null;
    }
    private static String loose(String value) {
        return value == null ? "" : value.toLowerCase(java.util.Locale.ROOT)
                .replaceAll("[\\t-\\r _-]+", "");
    }
    private static UnicodeSet buildSet(int[] ranges) {
        UnicodeSet set = new UnicodeSet();
        for (int index = 0; index < ranges.length; index += 2) {
            set.add(ranges[index], ranges[index + 1]);
        }
        return set.freeze();
    }
    private static final class Property {
        private final String[] values;
        private final String[] shortValues;
        private final String[] valueAliases;
        private final byte[] valueAliasIndex;
        private final String[] propertyAliases;
        private final int[][] ranges;
        private final UnicodeSet[] sets;
        private Property(String[] values, String[] shortValues,
                String[] valueAliases, byte[] valueAliasIndex,
                String[] propertyAliases, int[][] ranges) {
            this.values = values;
            this.shortValues = shortValues;
            this.valueAliases = valueAliases;
            this.valueAliasIndex = valueAliasIndex;
            this.propertyAliases = propertyAliases;
            this.ranges = ranges;
            this.sets = new UnicodeSet[values.length];
        }
        private boolean hasAlias(String alias) {
            return java.util.Arrays.binarySearch(propertyAliases, alias) >= 0;
        }
        private UnicodeSet valueSet(String alias) {
            int found = java.util.Arrays.binarySearch(valueAliases, loose(alias));
            if (found < 0) return null;
            int index = valueAliasIndex[found];
            UnicodeSet result = sets[index];
            if (result == null) sets[index] = result = buildSet(ranges[index]);
            return result;
        }
    }
    private PerlUnicodeResidualPropertyData() {}
}
