/*
 * Generated from Perl 5.44's Unicode Character Database. Do not edit manually.
 *
 * Unicode data source copyright:
 * © 2025 Unicode®, Inc.
 * Unicode and the Unicode Logo are registered trademarks of Unicode, Inc. in
 * the U.S. and other countries.
 * For terms of use and license, see https://www.unicode.org/terms_of_use.html
 */
package org.perlonjava.runtime.regex;

import com.ibm.icu.text.UnicodeSet;

import java.util.HashMap;
import java.util.Map;

final class PerlUnicodeGeneralCategoryData {
    static final String UNICODE_VERSION = "17.0.0";
    private static final String[] VALUES = {
        "Cn", "Lu", "Ll", "Lt", "Lm", "Lo", "Mn", "Me", "Mc", "Nd", "Nl", "No", "Zs", "Zl", "Zp", "Cc", "Cf", "Co", "Cs", "Pd", "Ps", "Pe", "Pc", "Po", "Sm", "Sc", "Sk", "So", "Pi", "Pf", "C", "L", "LC", "M", "N", "P", "S", "Z"
    };

    private static int[] rangeChunk0() {
        return new int[] {
            0x378, 0x379, 0, 0x380, 0x383, 0, 0x38B, 0x38B, 0, 0x38D, 0x38D, 0,
            0x3A2, 0x3A2, 0, 0x530, 0x530, 0, 0x557, 0x558, 0, 0x58B, 0x58C, 0,
            0x590, 0x590, 0, 0x5C8, 0x5CF, 0, 0x5EB, 0x5EE, 0, 0x5F5, 0x5FF, 0,
            0x70E, 0x70E, 0, 0x74B, 0x74C, 0, 0x7B2, 0x7BF, 0, 0x7FB, 0x7FC, 0,
            0x82E, 0x82F, 0, 0x83F, 0x83F, 0, 0x85C, 0x85D, 0, 0x85F, 0x85F, 0,
            0x86B, 0x86F, 0, 0x892, 0x896, 0, 0x984, 0x984, 0, 0x98D, 0x98E, 0,
            0x991, 0x992, 0, 0x9A9, 0x9A9, 0, 0x9B1, 0x9B1, 0, 0x9B3, 0x9B5, 0,
            0x9BA, 0x9BB, 0, 0x9C5, 0x9C6, 0, 0x9C9, 0x9CA, 0, 0x9CF, 0x9D6, 0,
            0x9D8, 0x9DB, 0, 0x9DE, 0x9DE, 0, 0x9E4, 0x9E5, 0, 0x9FF, 0xA00, 0,
            0xA04, 0xA04, 0, 0xA0B, 0xA0E, 0, 0xA11, 0xA12, 0, 0xA29, 0xA29, 0,
            0xA31, 0xA31, 0, 0xA34, 0xA34, 0, 0xA37, 0xA37, 0, 0xA3A, 0xA3B, 0,
            0xA3D, 0xA3D, 0, 0xA43, 0xA46, 0, 0xA49, 0xA4A, 0, 0xA4E, 0xA50, 0,
            0xA52, 0xA58, 0, 0xA5D, 0xA5D, 0, 0xA5F, 0xA65, 0, 0xA77, 0xA80, 0,
            0xA84, 0xA84, 0, 0xA8E, 0xA8E, 0, 0xA92, 0xA92, 0, 0xAA9, 0xAA9, 0,
            0xAB1, 0xAB1, 0, 0xAB4, 0xAB4, 0, 0xABA, 0xABB, 0, 0xAC6, 0xAC6, 0,
            0xACA, 0xACA, 0, 0xACE, 0xACF, 0, 0xAD1, 0xADF, 0, 0xAE4, 0xAE5, 0,
            0xAF2, 0xAF8, 0, 0xB00, 0xB00, 0, 0xB04, 0xB04, 0, 0xB0D, 0xB0E, 0,
            0xB11, 0xB12, 0, 0xB29, 0xB29, 0, 0xB31, 0xB31, 0, 0xB34, 0xB34, 0,
            0xB3A, 0xB3B, 0, 0xB45, 0xB46, 0, 0xB49, 0xB4A, 0, 0xB4E, 0xB54, 0,
            0xB58, 0xB5B, 0, 0xB5E, 0xB5E, 0, 0xB64, 0xB65, 0, 0xB78, 0xB81, 0,
            0xB84, 0xB84, 0, 0xB8B, 0xB8D, 0, 0xB91, 0xB91, 0, 0xB96, 0xB98, 0,
            0xB9B, 0xB9B, 0, 0xB9D, 0xB9D, 0, 0xBA0, 0xBA2, 0, 0xBA5, 0xBA7, 0,
            0xBAB, 0xBAD, 0, 0xBBA, 0xBBD, 0, 0xBC3, 0xBC5, 0, 0xBC9, 0xBC9, 0,
            0xBCE, 0xBCF, 0, 0xBD1, 0xBD6, 0, 0xBD8, 0xBE5, 0, 0xBFB, 0xBFF, 0,
            0xC0D, 0xC0D, 0, 0xC11, 0xC11, 0, 0xC29, 0xC29, 0, 0xC3A, 0xC3B, 0,
            0xC45, 0xC45, 0, 0xC49, 0xC49, 0, 0xC4E, 0xC54, 0, 0xC57, 0xC57, 0,
            0xC5B, 0xC5B, 0, 0xC5E, 0xC5F, 0, 0xC64, 0xC65, 0, 0xC70, 0xC76, 0,
            0xC8D, 0xC8D, 0, 0xC91, 0xC91, 0, 0xCA9, 0xCA9, 0, 0xCB4, 0xCB4, 0,
            0xCBA, 0xCBB, 0, 0xCC5, 0xCC5, 0, 0xCC9, 0xCC9, 0, 0xCCE, 0xCD4, 0,
            0xCD7, 0xCDB, 0, 0xCDF, 0xCDF, 0, 0xCE4, 0xCE5, 0, 0xCF0, 0xCF0, 0,
            0xCF4, 0xCFF, 0, 0xD0D, 0xD0D, 0, 0xD11, 0xD11, 0, 0xD45, 0xD45, 0,
            0xD49, 0xD49, 0, 0xD50, 0xD53, 0, 0xD64, 0xD65, 0, 0xD80, 0xD80, 0,
            0xD84, 0xD84, 0, 0xD97, 0xD99, 0, 0xDB2, 0xDB2, 0, 0xDBC, 0xDBC, 0,
            0xDBE, 0xDBF, 0, 0xDC7, 0xDC9, 0, 0xDCB, 0xDCE, 0, 0xDD5, 0xDD5, 0,
            0xDD7, 0xDD7, 0, 0xDE0, 0xDE5, 0, 0xDF0, 0xDF1, 0, 0xDF5, 0xE00, 0,
            0xE3B, 0xE3E, 0, 0xE5C, 0xE80, 0, 0xE83, 0xE83, 0, 0xE85, 0xE85, 0,
            0xE8B, 0xE8B, 0, 0xEA4, 0xEA4, 0, 0xEA6, 0xEA6, 0, 0xEBE, 0xEBF, 0,
            0xEC5, 0xEC5, 0, 0xEC7, 0xEC7, 0, 0xECF, 0xECF, 0, 0xEDA, 0xEDB, 0,
            0xEE0, 0xEFF, 0, 0xF48, 0xF48, 0, 0xF6D, 0xF70, 0, 0xF98, 0xF98, 0,
            0xFBD, 0xFBD, 0, 0xFCD, 0xFCD, 0, 0xFDB, 0xFFF, 0, 0x10C6, 0x10C6, 0,
            0x10C8, 0x10CC, 0, 0x10CE, 0x10CF, 0, 0x1249, 0x1249, 0, 0x124E, 0x124F, 0,
            0x1257, 0x1257, 0, 0x1259, 0x1259, 0, 0x125E, 0x125F, 0, 0x1289, 0x1289, 0,
            0x128E, 0x128F, 0, 0x12B1, 0x12B1, 0, 0x12B6, 0x12B7, 0, 0x12BF, 0x12BF, 0,
            0x12C1, 0x12C1, 0, 0x12C6, 0x12C7, 0, 0x12D7, 0x12D7, 0, 0x1311, 0x1311, 0,
            0x1316, 0x1317, 0, 0x135B, 0x135C, 0, 0x137D, 0x137F, 0, 0x139A, 0x139F, 0,
            0x13F6, 0x13F7, 0, 0x13FE, 0x13FF, 0, 0x169D, 0x169F, 0, 0x16F9, 0x16FF, 0,
            0x1716, 0x171E, 0, 0x1737, 0x173F, 0, 0x1754, 0x175F, 0, 0x176D, 0x176D, 0,
            0x1771, 0x1771, 0, 0x1774, 0x177F, 0, 0x17DE, 0x17DF, 0, 0x17EA, 0x17EF, 0,
            0x17FA, 0x17FF, 0, 0x181A, 0x181F, 0, 0x1879, 0x187F, 0, 0x18AB, 0x18AF, 0,
            0x18F6, 0x18FF, 0, 0x191F, 0x191F, 0, 0x192C, 0x192F, 0, 0x193C, 0x193F, 0,
            0x1941, 0x1943, 0, 0x196E, 0x196F, 0, 0x1975, 0x197F, 0, 0x19AC, 0x19AF, 0,
            0x19CA, 0x19CF, 0, 0x19DB, 0x19DD, 0, 0x1A1C, 0x1A1D, 0, 0x1A5F, 0x1A5F, 0,
            0x1A7D, 0x1A7E, 0, 0x1A8A, 0x1A8F, 0, 0x1A9A, 0x1A9F, 0, 0x1AAE, 0x1AAF, 0,
            0x1ADE, 0x1ADF, 0, 0x1AEC, 0x1AFF, 0, 0x1B4D, 0x1B4D, 0, 0x1BF4, 0x1BFB, 0,
            0x1C38, 0x1C3A, 0, 0x1C4A, 0x1C4C, 0, 0x1C8B, 0x1C8F, 0, 0x1CBB, 0x1CBC, 0,
            0x1CC8, 0x1CCF, 0, 0x1CFB, 0x1CFF, 0, 0x1F16, 0x1F17, 0, 0x1F1E, 0x1F1F, 0,
            0x1F46, 0x1F47, 0, 0x1F4E, 0x1F4F, 0, 0x1F58, 0x1F58, 0, 0x1F5A, 0x1F5A, 0,
            0x1F5C, 0x1F5C, 0, 0x1F5E, 0x1F5E, 0, 0x1F7E, 0x1F7F, 0, 0x1FB5, 0x1FB5, 0,
            0x1FC5, 0x1FC5, 0, 0x1FD4, 0x1FD5, 0, 0x1FDC, 0x1FDC, 0, 0x1FF0, 0x1FF1, 0,
            0x1FF5, 0x1FF5, 0, 0x1FFF, 0x1FFF, 0, 0x2065, 0x2065, 0, 0x2072, 0x2073, 0,
            0x208F, 0x208F, 0, 0x209D, 0x209F, 0, 0x20C2, 0x20CF, 0, 0x20F1, 0x20FF, 0,
            0x218C, 0x218F, 0, 0x242A, 0x243F, 0, 0x244B, 0x245F, 0, 0x2B74, 0x2B75, 0,
            0x2CF4, 0x2CF8, 0, 0x2D26, 0x2D26, 0, 0x2D28, 0x2D2C, 0, 0x2D2E, 0x2D2F, 0,
            0x2D68, 0x2D6E, 0, 0x2D71, 0x2D7E, 0, 0x2D97, 0x2D9F, 0, 0x2DA7, 0x2DA7, 0,
            0x2DAF, 0x2DAF, 0, 0x2DB7, 0x2DB7, 0, 0x2DBF, 0x2DBF, 0, 0x2DC7, 0x2DC7, 0,
            0x2DCF, 0x2DCF, 0, 0x2DD7, 0x2DD7, 0, 0x2DDF, 0x2DDF, 0, 0x2E5E, 0x2E7F, 0,
            0x2E9A, 0x2E9A, 0, 0x2EF4, 0x2EFF, 0, 0x2FD6, 0x2FEF, 0, 0x3040, 0x3040, 0,
            0x3097, 0x3098, 0, 0x3100, 0x3104, 0, 0x3130, 0x3130, 0, 0x318F, 0x318F, 0,
            0x31E6, 0x31EE, 0, 0x321F, 0x321F, 0, 0xA48D, 0xA48F, 0, 0xA4C7, 0xA4CF, 0,
            0xA62C, 0xA63F, 0, 0xA6F8, 0xA6FF, 0, 0xA7DD, 0xA7F0, 0, 0xA82D, 0xA82F, 0,
            0xA83A, 0xA83F, 0, 0xA878, 0xA87F, 0, 0xA8C6, 0xA8CD, 0, 0xA8DA, 0xA8DF, 0,
            0xA954, 0xA95E, 0, 0xA97D, 0xA97F, 0, 0xA9CE, 0xA9CE, 0, 0xA9DA, 0xA9DD, 0,
            0xA9FF, 0xA9FF, 0, 0xAA37, 0xAA3F, 0, 0xAA4E, 0xAA4F, 0, 0xAA5A, 0xAA5B, 0,
            0xAAC3, 0xAADA, 0, 0xAAF7, 0xAB00, 0, 0xAB07, 0xAB08, 0, 0xAB0F, 0xAB10, 0,
            0xAB17, 0xAB1F, 0, 0xAB27, 0xAB27, 0, 0xAB2F, 0xAB2F, 0, 0xAB6C, 0xAB6F, 0,
            0xABEE, 0xABEF, 0, 0xABFA, 0xABFF, 0, 0xD7A4, 0xD7AF, 0, 0xD7C7, 0xD7CA, 0,
            0xD7FC, 0xD7FF, 0, 0xFA6E, 0xFA6F, 0, 0xFADA, 0xFAFF, 0, 0xFB07, 0xFB12, 0,
            0xFB18, 0xFB1C, 0, 0xFB37, 0xFB37, 0, 0xFB3D, 0xFB3D, 0, 0xFB3F, 0xFB3F, 0,
            0xFB42, 0xFB42, 0, 0xFB45, 0xFB45, 0, 0xFDD0, 0xFDEF, 0, 0xFE1A, 0xFE1F, 0,
            0xFE53, 0xFE53, 0, 0xFE67, 0xFE67, 0, 0xFE6C, 0xFE6F, 0, 0xFE75, 0xFE75, 0,
            0xFEFD, 0xFEFE, 0, 0xFF00, 0xFF00, 0, 0xFFBF, 0xFFC1, 0, 0xFFC8, 0xFFC9, 0,
            0xFFD0, 0xFFD1, 0, 0xFFD8, 0xFFD9, 0, 0xFFDD, 0xFFDF, 0, 0xFFE7, 0xFFE7, 0,
            0xFFEF, 0xFFF8, 0, 0xFFFE, 0xFFFF, 0, 0x1000C, 0x1000C, 0, 0x10027, 0x10027, 0,
            0x1003B, 0x1003B, 0, 0x1003E, 0x1003E, 0, 0x1004E, 0x1004F, 0, 0x1005E, 0x1007F, 0,
            0x100FB, 0x100FF, 0, 0x10103, 0x10106, 0, 0x10134, 0x10136, 0, 0x1018F, 0x1018F, 0,
            0x1019D, 0x1019F, 0, 0x101A1, 0x101CF, 0, 0x101FE, 0x1027F, 0, 0x1029D, 0x1029F, 0,
            0x102D1, 0x102DF, 0, 0x102FC, 0x102FF, 0, 0x10324, 0x1032C, 0, 0x1034B, 0x1034F, 0,
            0x1037B, 0x1037F, 0, 0x1039E, 0x1039E, 0, 0x103C4, 0x103C7, 0, 0x103D6, 0x103FF, 0,
            0x1049E, 0x1049F, 0, 0x104AA, 0x104AF, 0, 0x104D4, 0x104D7, 0, 0x104FC, 0x104FF, 0,
            0x10528, 0x1052F, 0, 0x10564, 0x1056E, 0, 0x1057B, 0x1057B, 0, 0x1058B, 0x1058B, 0,
            0x10593, 0x10593, 0, 0x10596, 0x10596, 0, 0x105A2, 0x105A2, 0, 0x105B2, 0x105B2, 0,
            0x105BA, 0x105BA, 0, 0x105BD, 0x105BF, 0, 0x105F4, 0x105FF, 0, 0x10737, 0x1073F, 0,
            0x10756, 0x1075F, 0, 0x10768, 0x1077F, 0, 0x10786, 0x10786, 0, 0x107B1, 0x107B1, 0,
            0x107BB, 0x107FF, 0, 0x10806, 0x10807, 0, 0x10809, 0x10809, 0, 0x10836, 0x10836, 0,
            0x10839, 0x1083B, 0, 0x1083D, 0x1083E, 0, 0x10856, 0x10856, 0, 0x1089F, 0x108A6, 0,
            0x108B0, 0x108DF, 0, 0x108F3, 0x108F3, 0, 0x108F6, 0x108FA, 0, 0x1091C, 0x1091E, 0,
            0x1093A, 0x1093E, 0, 0x1095A, 0x1097F, 0, 0x109B8, 0x109BB, 0, 0x109D0, 0x109D1, 0,
            0x10A04, 0x10A04, 0, 0x10A07, 0x10A0B, 0, 0x10A14, 0x10A14, 0, 0x10A18, 0x10A18, 0,
            0x10A36, 0x10A37, 0, 0x10A3B, 0x10A3E, 0, 0x10A49, 0x10A4F, 0, 0x10A59, 0x10A5F, 0,
            0x10AA0, 0x10ABF, 0, 0x10AE7, 0x10AEA, 0, 0x10AF7, 0x10AFF, 0, 0x10B36, 0x10B38, 0,
        };
    }

    private static int[] rangeChunk1() {
        return new int[] {
            0x10B56, 0x10B57, 0, 0x10B73, 0x10B77, 0, 0x10B92, 0x10B98, 0, 0x10B9D, 0x10BA8, 0,
            0x10BB0, 0x10BFF, 0, 0x10C49, 0x10C7F, 0, 0x10CB3, 0x10CBF, 0, 0x10CF3, 0x10CF9, 0,
            0x10D28, 0x10D2F, 0, 0x10D3A, 0x10D3F, 0, 0x10D66, 0x10D68, 0, 0x10D86, 0x10D8D, 0,
            0x10D90, 0x10E5F, 0, 0x10E7F, 0x10E7F, 0, 0x10EAA, 0x10EAA, 0, 0x10EAE, 0x10EAF, 0,
            0x10EB2, 0x10EC1, 0, 0x10EC8, 0x10ECF, 0, 0x10ED9, 0x10EF9, 0, 0x10F28, 0x10F2F, 0,
            0x10F5A, 0x10F6F, 0, 0x10F8A, 0x10FAF, 0, 0x10FCC, 0x10FDF, 0, 0x10FF7, 0x10FFF, 0,
            0x1104E, 0x11051, 0, 0x11076, 0x1107E, 0, 0x110C3, 0x110CC, 0, 0x110CE, 0x110CF, 0,
            0x110E9, 0x110EF, 0, 0x110FA, 0x110FF, 0, 0x11135, 0x11135, 0, 0x11148, 0x1114F, 0,
            0x11177, 0x1117F, 0, 0x111E0, 0x111E0, 0, 0x111F5, 0x111FF, 0, 0x11212, 0x11212, 0,
            0x11242, 0x1127F, 0, 0x11287, 0x11287, 0, 0x11289, 0x11289, 0, 0x1128E, 0x1128E, 0,
            0x1129E, 0x1129E, 0, 0x112AA, 0x112AF, 0, 0x112EB, 0x112EF, 0, 0x112FA, 0x112FF, 0,
            0x11304, 0x11304, 0, 0x1130D, 0x1130E, 0, 0x11311, 0x11312, 0, 0x11329, 0x11329, 0,
            0x11331, 0x11331, 0, 0x11334, 0x11334, 0, 0x1133A, 0x1133A, 0, 0x11345, 0x11346, 0,
            0x11349, 0x1134A, 0, 0x1134E, 0x1134F, 0, 0x11351, 0x11356, 0, 0x11358, 0x1135C, 0,
            0x11364, 0x11365, 0, 0x1136D, 0x1136F, 0, 0x11375, 0x1137F, 0, 0x1138A, 0x1138A, 0,
            0x1138C, 0x1138D, 0, 0x1138F, 0x1138F, 0, 0x113B6, 0x113B6, 0, 0x113C1, 0x113C1, 0,
            0x113C3, 0x113C4, 0, 0x113C6, 0x113C6, 0, 0x113CB, 0x113CB, 0, 0x113D6, 0x113D6, 0,
            0x113D9, 0x113E0, 0, 0x113E3, 0x113FF, 0, 0x1145C, 0x1145C, 0, 0x11462, 0x1147F, 0,
            0x114C8, 0x114CF, 0, 0x114DA, 0x1157F, 0, 0x115B6, 0x115B7, 0, 0x115DE, 0x115FF, 0,
            0x11645, 0x1164F, 0, 0x1165A, 0x1165F, 0, 0x1166D, 0x1167F, 0, 0x116BA, 0x116BF, 0,
            0x116CA, 0x116CF, 0, 0x116E4, 0x116FF, 0, 0x1171B, 0x1171C, 0, 0x1172C, 0x1172F, 0,
            0x11747, 0x117FF, 0, 0x1183C, 0x1189F, 0, 0x118F3, 0x118FE, 0, 0x11907, 0x11908, 0,
            0x1190A, 0x1190B, 0, 0x11914, 0x11914, 0, 0x11917, 0x11917, 0, 0x11936, 0x11936, 0,
            0x11939, 0x1193A, 0, 0x11947, 0x1194F, 0, 0x1195A, 0x1199F, 0, 0x119A8, 0x119A9, 0,
            0x119D8, 0x119D9, 0, 0x119E5, 0x119FF, 0, 0x11A48, 0x11A4F, 0, 0x11AA3, 0x11AAF, 0,
            0x11AF9, 0x11AFF, 0, 0x11B0A, 0x11B5F, 0, 0x11B68, 0x11BBF, 0, 0x11BE2, 0x11BEF, 0,
            0x11BFA, 0x11BFF, 0, 0x11C09, 0x11C09, 0, 0x11C37, 0x11C37, 0, 0x11C46, 0x11C4F, 0,
            0x11C6D, 0x11C6F, 0, 0x11C90, 0x11C91, 0, 0x11CA8, 0x11CA8, 0, 0x11CB7, 0x11CFF, 0,
            0x11D07, 0x11D07, 0, 0x11D0A, 0x11D0A, 0, 0x11D37, 0x11D39, 0, 0x11D3B, 0x11D3B, 0,
            0x11D3E, 0x11D3E, 0, 0x11D48, 0x11D4F, 0, 0x11D5A, 0x11D5F, 0, 0x11D66, 0x11D66, 0,
            0x11D69, 0x11D69, 0, 0x11D8F, 0x11D8F, 0, 0x11D92, 0x11D92, 0, 0x11D99, 0x11D9F, 0,
            0x11DAA, 0x11DAF, 0, 0x11DDC, 0x11DDF, 0, 0x11DEA, 0x11EDF, 0, 0x11EF9, 0x11EFF, 0,
            0x11F11, 0x11F11, 0, 0x11F3B, 0x11F3D, 0, 0x11F5B, 0x11FAF, 0, 0x11FB1, 0x11FBF, 0,
            0x11FF2, 0x11FFE, 0, 0x1239A, 0x123FF, 0, 0x1246F, 0x1246F, 0, 0x12475, 0x1247F, 0,
            0x12544, 0x12F8F, 0, 0x12FF3, 0x12FFF, 0, 0x13456, 0x1345F, 0, 0x143FB, 0x143FF, 0,
            0x14647, 0x160FF, 0, 0x1613A, 0x167FF, 0, 0x16A39, 0x16A3F, 0, 0x16A5F, 0x16A5F, 0,
            0x16A6A, 0x16A6D, 0, 0x16ABF, 0x16ABF, 0, 0x16ACA, 0x16ACF, 0, 0x16AEE, 0x16AEF, 0,
            0x16AF6, 0x16AFF, 0, 0x16B46, 0x16B4F, 0, 0x16B5A, 0x16B5A, 0, 0x16B62, 0x16B62, 0,
            0x16B78, 0x16B7C, 0, 0x16B90, 0x16D3F, 0, 0x16D7A, 0x16E3F, 0, 0x16E9B, 0x16E9F, 0,
            0x16EB9, 0x16EBA, 0, 0x16ED4, 0x16EFF, 0, 0x16F4B, 0x16F4E, 0, 0x16F88, 0x16F8E, 0,
            0x16FA0, 0x16FDF, 0, 0x16FE5, 0x16FEF, 0, 0x16FF7, 0x16FFF, 0, 0x18CD6, 0x18CFE, 0,
            0x18D1F, 0x18D7F, 0, 0x18DF3, 0x1AFEF, 0, 0x1AFF4, 0x1AFF4, 0, 0x1AFFC, 0x1AFFC, 0,
            0x1AFFF, 0x1AFFF, 0, 0x1B123, 0x1B131, 0, 0x1B133, 0x1B14F, 0, 0x1B153, 0x1B154, 0,
            0x1B156, 0x1B163, 0, 0x1B168, 0x1B16F, 0, 0x1B2FC, 0x1BBFF, 0, 0x1BC6B, 0x1BC6F, 0,
            0x1BC7D, 0x1BC7F, 0, 0x1BC89, 0x1BC8F, 0, 0x1BC9A, 0x1BC9B, 0, 0x1BCA4, 0x1CBFF, 0,
            0x1CCFD, 0x1CCFF, 0, 0x1CEB4, 0x1CEB9, 0, 0x1CED1, 0x1CEDF, 0, 0x1CEF1, 0x1CEFF, 0,
            0x1CF2E, 0x1CF2F, 0, 0x1CF47, 0x1CF4F, 0, 0x1CFC4, 0x1CFFF, 0, 0x1D0F6, 0x1D0FF, 0,
            0x1D127, 0x1D128, 0, 0x1D1EB, 0x1D1FF, 0, 0x1D246, 0x1D2BF, 0, 0x1D2D4, 0x1D2DF, 0,
            0x1D2F4, 0x1D2FF, 0, 0x1D357, 0x1D35F, 0, 0x1D379, 0x1D3FF, 0, 0x1D455, 0x1D455, 0,
            0x1D49D, 0x1D49D, 0, 0x1D4A0, 0x1D4A1, 0, 0x1D4A3, 0x1D4A4, 0, 0x1D4A7, 0x1D4A8, 0,
            0x1D4AD, 0x1D4AD, 0, 0x1D4BA, 0x1D4BA, 0, 0x1D4BC, 0x1D4BC, 0, 0x1D4C4, 0x1D4C4, 0,
            0x1D506, 0x1D506, 0, 0x1D50B, 0x1D50C, 0, 0x1D515, 0x1D515, 0, 0x1D51D, 0x1D51D, 0,
            0x1D53A, 0x1D53A, 0, 0x1D53F, 0x1D53F, 0, 0x1D545, 0x1D545, 0, 0x1D547, 0x1D549, 0,
            0x1D551, 0x1D551, 0, 0x1D6A6, 0x1D6A7, 0, 0x1D7CC, 0x1D7CD, 0, 0x1DA8C, 0x1DA9A, 0,
            0x1DAA0, 0x1DAA0, 0, 0x1DAB0, 0x1DEFF, 0, 0x1DF1F, 0x1DF24, 0, 0x1DF2B, 0x1DFFF, 0,
            0x1E007, 0x1E007, 0, 0x1E019, 0x1E01A, 0, 0x1E022, 0x1E022, 0, 0x1E025, 0x1E025, 0,
            0x1E02B, 0x1E02F, 0, 0x1E06E, 0x1E08E, 0, 0x1E090, 0x1E0FF, 0, 0x1E12D, 0x1E12F, 0,
            0x1E13E, 0x1E13F, 0, 0x1E14A, 0x1E14D, 0, 0x1E150, 0x1E28F, 0, 0x1E2AF, 0x1E2BF, 0,
            0x1E2FA, 0x1E2FE, 0, 0x1E300, 0x1E4CF, 0, 0x1E4FA, 0x1E5CF, 0, 0x1E5FB, 0x1E5FE, 0,
            0x1E600, 0x1E6BF, 0, 0x1E6DF, 0x1E6DF, 0, 0x1E6F6, 0x1E6FD, 0, 0x1E700, 0x1E7DF, 0,
            0x1E7E7, 0x1E7E7, 0, 0x1E7EC, 0x1E7EC, 0, 0x1E7EF, 0x1E7EF, 0, 0x1E7FF, 0x1E7FF, 0,
            0x1E8C5, 0x1E8C6, 0, 0x1E8D7, 0x1E8FF, 0, 0x1E94C, 0x1E94F, 0, 0x1E95A, 0x1E95D, 0,
            0x1E960, 0x1EC70, 0, 0x1ECB5, 0x1ED00, 0, 0x1ED3E, 0x1EDFF, 0, 0x1EE04, 0x1EE04, 0,
            0x1EE20, 0x1EE20, 0, 0x1EE23, 0x1EE23, 0, 0x1EE25, 0x1EE26, 0, 0x1EE28, 0x1EE28, 0,
            0x1EE33, 0x1EE33, 0, 0x1EE38, 0x1EE38, 0, 0x1EE3A, 0x1EE3A, 0, 0x1EE3C, 0x1EE41, 0,
            0x1EE43, 0x1EE46, 0, 0x1EE48, 0x1EE48, 0, 0x1EE4A, 0x1EE4A, 0, 0x1EE4C, 0x1EE4C, 0,
            0x1EE50, 0x1EE50, 0, 0x1EE53, 0x1EE53, 0, 0x1EE55, 0x1EE56, 0, 0x1EE58, 0x1EE58, 0,
            0x1EE5A, 0x1EE5A, 0, 0x1EE5C, 0x1EE5C, 0, 0x1EE5E, 0x1EE5E, 0, 0x1EE60, 0x1EE60, 0,
            0x1EE63, 0x1EE63, 0, 0x1EE65, 0x1EE66, 0, 0x1EE6B, 0x1EE6B, 0, 0x1EE73, 0x1EE73, 0,
            0x1EE78, 0x1EE78, 0, 0x1EE7D, 0x1EE7D, 0, 0x1EE7F, 0x1EE7F, 0, 0x1EE8A, 0x1EE8A, 0,
            0x1EE9C, 0x1EEA0, 0, 0x1EEA4, 0x1EEA4, 0, 0x1EEAA, 0x1EEAA, 0, 0x1EEBC, 0x1EEEF, 0,
            0x1EEF2, 0x1EFFF, 0, 0x1F02C, 0x1F02F, 0, 0x1F094, 0x1F09F, 0, 0x1F0AF, 0x1F0B0, 0,
            0x1F0C0, 0x1F0C0, 0, 0x1F0D0, 0x1F0D0, 0, 0x1F0F6, 0x1F0FF, 0, 0x1F1AE, 0x1F1E5, 0,
            0x1F203, 0x1F20F, 0, 0x1F23C, 0x1F23F, 0, 0x1F249, 0x1F24F, 0, 0x1F252, 0x1F25F, 0,
            0x1F266, 0x1F2FF, 0, 0x1F6D9, 0x1F6DB, 0, 0x1F6ED, 0x1F6EF, 0, 0x1F6FD, 0x1F6FF, 0,
            0x1F7DA, 0x1F7DF, 0, 0x1F7EC, 0x1F7EF, 0, 0x1F7F1, 0x1F7FF, 0, 0x1F80C, 0x1F80F, 0,
            0x1F848, 0x1F84F, 0, 0x1F85A, 0x1F85F, 0, 0x1F888, 0x1F88F, 0, 0x1F8AE, 0x1F8AF, 0,
            0x1F8BC, 0x1F8BF, 0, 0x1F8C2, 0x1F8CF, 0, 0x1F8D9, 0x1F8FF, 0, 0x1FA58, 0x1FA5F, 0,
            0x1FA6E, 0x1FA6F, 0, 0x1FA7D, 0x1FA7F, 0, 0x1FA8B, 0x1FA8D, 0, 0x1FAC7, 0x1FAC7, 0,
            0x1FAC9, 0x1FACC, 0, 0x1FADD, 0x1FADE, 0, 0x1FAEB, 0x1FAEE, 0, 0x1FAF9, 0x1FAFF, 0,
            0x1FB93, 0x1FB93, 0, 0x1FBFB, 0x1FFFF, 0, 0x2A6E0, 0x2A6FF, 0, 0x2B81E, 0x2B81F, 0,
            0x2CEAE, 0x2CEAF, 0, 0x2EBE1, 0x2EBEF, 0, 0x2EE5E, 0x2F7FF, 0, 0x2FA1E, 0x2FFFF, 0,
            0x3134B, 0x3134F, 0, 0x3347A, 0xE0000, 0, 0xE0002, 0xE001F, 0, 0xE0080, 0xE00FF, 0,
            0xE01F0, 0xEFFFF, 0, 0xFFFFE, 0xFFFFF, 0, 0x10FFFE, 0x10FFFF, 0, 0x41, 0x5A, 1,
            0xC0, 0xD6, 1, 0xD8, 0xDE, 1, 0x100, 0x100, 1, 0x102, 0x102, 1,
            0x104, 0x104, 1, 0x106, 0x106, 1, 0x108, 0x108, 1, 0x10A, 0x10A, 1,
            0x10C, 0x10C, 1, 0x10E, 0x10E, 1, 0x110, 0x110, 1, 0x112, 0x112, 1,
            0x114, 0x114, 1, 0x116, 0x116, 1, 0x118, 0x118, 1, 0x11A, 0x11A, 1,
            0x11C, 0x11C, 1, 0x11E, 0x11E, 1, 0x120, 0x120, 1, 0x122, 0x122, 1,
            0x124, 0x124, 1, 0x126, 0x126, 1, 0x128, 0x128, 1, 0x12A, 0x12A, 1,
            0x12C, 0x12C, 1, 0x12E, 0x12E, 1, 0x130, 0x130, 1, 0x132, 0x132, 1,
            0x134, 0x134, 1, 0x136, 0x136, 1, 0x139, 0x139, 1, 0x13B, 0x13B, 1,
            0x13D, 0x13D, 1, 0x13F, 0x13F, 1, 0x141, 0x141, 1, 0x143, 0x143, 1,
            0x145, 0x145, 1, 0x147, 0x147, 1, 0x14A, 0x14A, 1, 0x14C, 0x14C, 1,
            0x14E, 0x14E, 1, 0x150, 0x150, 1, 0x152, 0x152, 1, 0x154, 0x154, 1,
            0x156, 0x156, 1, 0x158, 0x158, 1, 0x15A, 0x15A, 1, 0x15C, 0x15C, 1,
            0x15E, 0x15E, 1, 0x160, 0x160, 1, 0x162, 0x162, 1, 0x164, 0x164, 1,
            0x166, 0x166, 1, 0x168, 0x168, 1, 0x16A, 0x16A, 1, 0x16C, 0x16C, 1,
            0x16E, 0x16E, 1, 0x170, 0x170, 1, 0x172, 0x172, 1, 0x174, 0x174, 1,
            0x176, 0x176, 1, 0x178, 0x179, 1, 0x17B, 0x17B, 1, 0x17D, 0x17D, 1,
        };
    }

    private static int[] rangeChunk2() {
        return new int[] {
            0x181, 0x182, 1, 0x184, 0x184, 1, 0x186, 0x187, 1, 0x189, 0x18B, 1,
            0x18E, 0x191, 1, 0x193, 0x194, 1, 0x196, 0x198, 1, 0x19C, 0x19D, 1,
            0x19F, 0x1A0, 1, 0x1A2, 0x1A2, 1, 0x1A4, 0x1A4, 1, 0x1A6, 0x1A7, 1,
            0x1A9, 0x1A9, 1, 0x1AC, 0x1AC, 1, 0x1AE, 0x1AF, 1, 0x1B1, 0x1B3, 1,
            0x1B5, 0x1B5, 1, 0x1B7, 0x1B8, 1, 0x1BC, 0x1BC, 1, 0x1C4, 0x1C4, 1,
            0x1C7, 0x1C7, 1, 0x1CA, 0x1CA, 1, 0x1CD, 0x1CD, 1, 0x1CF, 0x1CF, 1,
            0x1D1, 0x1D1, 1, 0x1D3, 0x1D3, 1, 0x1D5, 0x1D5, 1, 0x1D7, 0x1D7, 1,
            0x1D9, 0x1D9, 1, 0x1DB, 0x1DB, 1, 0x1DE, 0x1DE, 1, 0x1E0, 0x1E0, 1,
            0x1E2, 0x1E2, 1, 0x1E4, 0x1E4, 1, 0x1E6, 0x1E6, 1, 0x1E8, 0x1E8, 1,
            0x1EA, 0x1EA, 1, 0x1EC, 0x1EC, 1, 0x1EE, 0x1EE, 1, 0x1F1, 0x1F1, 1,
            0x1F4, 0x1F4, 1, 0x1F6, 0x1F8, 1, 0x1FA, 0x1FA, 1, 0x1FC, 0x1FC, 1,
            0x1FE, 0x1FE, 1, 0x200, 0x200, 1, 0x202, 0x202, 1, 0x204, 0x204, 1,
            0x206, 0x206, 1, 0x208, 0x208, 1, 0x20A, 0x20A, 1, 0x20C, 0x20C, 1,
            0x20E, 0x20E, 1, 0x210, 0x210, 1, 0x212, 0x212, 1, 0x214, 0x214, 1,
            0x216, 0x216, 1, 0x218, 0x218, 1, 0x21A, 0x21A, 1, 0x21C, 0x21C, 1,
            0x21E, 0x21E, 1, 0x220, 0x220, 1, 0x222, 0x222, 1, 0x224, 0x224, 1,
            0x226, 0x226, 1, 0x228, 0x228, 1, 0x22A, 0x22A, 1, 0x22C, 0x22C, 1,
            0x22E, 0x22E, 1, 0x230, 0x230, 1, 0x232, 0x232, 1, 0x23A, 0x23B, 1,
            0x23D, 0x23E, 1, 0x241, 0x241, 1, 0x243, 0x246, 1, 0x248, 0x248, 1,
            0x24A, 0x24A, 1, 0x24C, 0x24C, 1, 0x24E, 0x24E, 1, 0x370, 0x370, 1,
            0x372, 0x372, 1, 0x376, 0x376, 1, 0x37F, 0x37F, 1, 0x386, 0x386, 1,
            0x388, 0x38A, 1, 0x38C, 0x38C, 1, 0x38E, 0x38F, 1, 0x391, 0x3A1, 1,
            0x3A3, 0x3AB, 1, 0x3CF, 0x3CF, 1, 0x3D2, 0x3D4, 1, 0x3D8, 0x3D8, 1,
            0x3DA, 0x3DA, 1, 0x3DC, 0x3DC, 1, 0x3DE, 0x3DE, 1, 0x3E0, 0x3E0, 1,
            0x3E2, 0x3E2, 1, 0x3E4, 0x3E4, 1, 0x3E6, 0x3E6, 1, 0x3E8, 0x3E8, 1,
            0x3EA, 0x3EA, 1, 0x3EC, 0x3EC, 1, 0x3EE, 0x3EE, 1, 0x3F4, 0x3F4, 1,
            0x3F7, 0x3F7, 1, 0x3F9, 0x3FA, 1, 0x3FD, 0x42F, 1, 0x460, 0x460, 1,
            0x462, 0x462, 1, 0x464, 0x464, 1, 0x466, 0x466, 1, 0x468, 0x468, 1,
            0x46A, 0x46A, 1, 0x46C, 0x46C, 1, 0x46E, 0x46E, 1, 0x470, 0x470, 1,
            0x472, 0x472, 1, 0x474, 0x474, 1, 0x476, 0x476, 1, 0x478, 0x478, 1,
            0x47A, 0x47A, 1, 0x47C, 0x47C, 1, 0x47E, 0x47E, 1, 0x480, 0x480, 1,
            0x48A, 0x48A, 1, 0x48C, 0x48C, 1, 0x48E, 0x48E, 1, 0x490, 0x490, 1,
            0x492, 0x492, 1, 0x494, 0x494, 1, 0x496, 0x496, 1, 0x498, 0x498, 1,
            0x49A, 0x49A, 1, 0x49C, 0x49C, 1, 0x49E, 0x49E, 1, 0x4A0, 0x4A0, 1,
            0x4A2, 0x4A2, 1, 0x4A4, 0x4A4, 1, 0x4A6, 0x4A6, 1, 0x4A8, 0x4A8, 1,
            0x4AA, 0x4AA, 1, 0x4AC, 0x4AC, 1, 0x4AE, 0x4AE, 1, 0x4B0, 0x4B0, 1,
            0x4B2, 0x4B2, 1, 0x4B4, 0x4B4, 1, 0x4B6, 0x4B6, 1, 0x4B8, 0x4B8, 1,
            0x4BA, 0x4BA, 1, 0x4BC, 0x4BC, 1, 0x4BE, 0x4BE, 1, 0x4C0, 0x4C1, 1,
            0x4C3, 0x4C3, 1, 0x4C5, 0x4C5, 1, 0x4C7, 0x4C7, 1, 0x4C9, 0x4C9, 1,
            0x4CB, 0x4CB, 1, 0x4CD, 0x4CD, 1, 0x4D0, 0x4D0, 1, 0x4D2, 0x4D2, 1,
            0x4D4, 0x4D4, 1, 0x4D6, 0x4D6, 1, 0x4D8, 0x4D8, 1, 0x4DA, 0x4DA, 1,
            0x4DC, 0x4DC, 1, 0x4DE, 0x4DE, 1, 0x4E0, 0x4E0, 1, 0x4E2, 0x4E2, 1,
            0x4E4, 0x4E4, 1, 0x4E6, 0x4E6, 1, 0x4E8, 0x4E8, 1, 0x4EA, 0x4EA, 1,
            0x4EC, 0x4EC, 1, 0x4EE, 0x4EE, 1, 0x4F0, 0x4F0, 1, 0x4F2, 0x4F2, 1,
            0x4F4, 0x4F4, 1, 0x4F6, 0x4F6, 1, 0x4F8, 0x4F8, 1, 0x4FA, 0x4FA, 1,
            0x4FC, 0x4FC, 1, 0x4FE, 0x4FE, 1, 0x500, 0x500, 1, 0x502, 0x502, 1,
            0x504, 0x504, 1, 0x506, 0x506, 1, 0x508, 0x508, 1, 0x50A, 0x50A, 1,
            0x50C, 0x50C, 1, 0x50E, 0x50E, 1, 0x510, 0x510, 1, 0x512, 0x512, 1,
            0x514, 0x514, 1, 0x516, 0x516, 1, 0x518, 0x518, 1, 0x51A, 0x51A, 1,
            0x51C, 0x51C, 1, 0x51E, 0x51E, 1, 0x520, 0x520, 1, 0x522, 0x522, 1,
            0x524, 0x524, 1, 0x526, 0x526, 1, 0x528, 0x528, 1, 0x52A, 0x52A, 1,
            0x52C, 0x52C, 1, 0x52E, 0x52E, 1, 0x531, 0x556, 1, 0x10A0, 0x10C5, 1,
            0x10C7, 0x10C7, 1, 0x10CD, 0x10CD, 1, 0x13A0, 0x13F5, 1, 0x1C89, 0x1C89, 1,
            0x1C90, 0x1CBA, 1, 0x1CBD, 0x1CBF, 1, 0x1E00, 0x1E00, 1, 0x1E02, 0x1E02, 1,
            0x1E04, 0x1E04, 1, 0x1E06, 0x1E06, 1, 0x1E08, 0x1E08, 1, 0x1E0A, 0x1E0A, 1,
            0x1E0C, 0x1E0C, 1, 0x1E0E, 0x1E0E, 1, 0x1E10, 0x1E10, 1, 0x1E12, 0x1E12, 1,
            0x1E14, 0x1E14, 1, 0x1E16, 0x1E16, 1, 0x1E18, 0x1E18, 1, 0x1E1A, 0x1E1A, 1,
            0x1E1C, 0x1E1C, 1, 0x1E1E, 0x1E1E, 1, 0x1E20, 0x1E20, 1, 0x1E22, 0x1E22, 1,
            0x1E24, 0x1E24, 1, 0x1E26, 0x1E26, 1, 0x1E28, 0x1E28, 1, 0x1E2A, 0x1E2A, 1,
            0x1E2C, 0x1E2C, 1, 0x1E2E, 0x1E2E, 1, 0x1E30, 0x1E30, 1, 0x1E32, 0x1E32, 1,
            0x1E34, 0x1E34, 1, 0x1E36, 0x1E36, 1, 0x1E38, 0x1E38, 1, 0x1E3A, 0x1E3A, 1,
            0x1E3C, 0x1E3C, 1, 0x1E3E, 0x1E3E, 1, 0x1E40, 0x1E40, 1, 0x1E42, 0x1E42, 1,
            0x1E44, 0x1E44, 1, 0x1E46, 0x1E46, 1, 0x1E48, 0x1E48, 1, 0x1E4A, 0x1E4A, 1,
            0x1E4C, 0x1E4C, 1, 0x1E4E, 0x1E4E, 1, 0x1E50, 0x1E50, 1, 0x1E52, 0x1E52, 1,
            0x1E54, 0x1E54, 1, 0x1E56, 0x1E56, 1, 0x1E58, 0x1E58, 1, 0x1E5A, 0x1E5A, 1,
            0x1E5C, 0x1E5C, 1, 0x1E5E, 0x1E5E, 1, 0x1E60, 0x1E60, 1, 0x1E62, 0x1E62, 1,
            0x1E64, 0x1E64, 1, 0x1E66, 0x1E66, 1, 0x1E68, 0x1E68, 1, 0x1E6A, 0x1E6A, 1,
            0x1E6C, 0x1E6C, 1, 0x1E6E, 0x1E6E, 1, 0x1E70, 0x1E70, 1, 0x1E72, 0x1E72, 1,
            0x1E74, 0x1E74, 1, 0x1E76, 0x1E76, 1, 0x1E78, 0x1E78, 1, 0x1E7A, 0x1E7A, 1,
            0x1E7C, 0x1E7C, 1, 0x1E7E, 0x1E7E, 1, 0x1E80, 0x1E80, 1, 0x1E82, 0x1E82, 1,
            0x1E84, 0x1E84, 1, 0x1E86, 0x1E86, 1, 0x1E88, 0x1E88, 1, 0x1E8A, 0x1E8A, 1,
            0x1E8C, 0x1E8C, 1, 0x1E8E, 0x1E8E, 1, 0x1E90, 0x1E90, 1, 0x1E92, 0x1E92, 1,
            0x1E94, 0x1E94, 1, 0x1E9E, 0x1E9E, 1, 0x1EA0, 0x1EA0, 1, 0x1EA2, 0x1EA2, 1,
            0x1EA4, 0x1EA4, 1, 0x1EA6, 0x1EA6, 1, 0x1EA8, 0x1EA8, 1, 0x1EAA, 0x1EAA, 1,
            0x1EAC, 0x1EAC, 1, 0x1EAE, 0x1EAE, 1, 0x1EB0, 0x1EB0, 1, 0x1EB2, 0x1EB2, 1,
            0x1EB4, 0x1EB4, 1, 0x1EB6, 0x1EB6, 1, 0x1EB8, 0x1EB8, 1, 0x1EBA, 0x1EBA, 1,
            0x1EBC, 0x1EBC, 1, 0x1EBE, 0x1EBE, 1, 0x1EC0, 0x1EC0, 1, 0x1EC2, 0x1EC2, 1,
            0x1EC4, 0x1EC4, 1, 0x1EC6, 0x1EC6, 1, 0x1EC8, 0x1EC8, 1, 0x1ECA, 0x1ECA, 1,
            0x1ECC, 0x1ECC, 1, 0x1ECE, 0x1ECE, 1, 0x1ED0, 0x1ED0, 1, 0x1ED2, 0x1ED2, 1,
            0x1ED4, 0x1ED4, 1, 0x1ED6, 0x1ED6, 1, 0x1ED8, 0x1ED8, 1, 0x1EDA, 0x1EDA, 1,
            0x1EDC, 0x1EDC, 1, 0x1EDE, 0x1EDE, 1, 0x1EE0, 0x1EE0, 1, 0x1EE2, 0x1EE2, 1,
            0x1EE4, 0x1EE4, 1, 0x1EE6, 0x1EE6, 1, 0x1EE8, 0x1EE8, 1, 0x1EEA, 0x1EEA, 1,
            0x1EEC, 0x1EEC, 1, 0x1EEE, 0x1EEE, 1, 0x1EF0, 0x1EF0, 1, 0x1EF2, 0x1EF2, 1,
            0x1EF4, 0x1EF4, 1, 0x1EF6, 0x1EF6, 1, 0x1EF8, 0x1EF8, 1, 0x1EFA, 0x1EFA, 1,
            0x1EFC, 0x1EFC, 1, 0x1EFE, 0x1EFE, 1, 0x1F08, 0x1F0F, 1, 0x1F18, 0x1F1D, 1,
            0x1F28, 0x1F2F, 1, 0x1F38, 0x1F3F, 1, 0x1F48, 0x1F4D, 1, 0x1F59, 0x1F59, 1,
            0x1F5B, 0x1F5B, 1, 0x1F5D, 0x1F5D, 1, 0x1F5F, 0x1F5F, 1, 0x1F68, 0x1F6F, 1,
            0x1FB8, 0x1FBB, 1, 0x1FC8, 0x1FCB, 1, 0x1FD8, 0x1FDB, 1, 0x1FE8, 0x1FEC, 1,
            0x1FF8, 0x1FFB, 1, 0x2102, 0x2102, 1, 0x2107, 0x2107, 1, 0x210B, 0x210D, 1,
            0x2110, 0x2112, 1, 0x2115, 0x2115, 1, 0x2119, 0x211D, 1, 0x2124, 0x2124, 1,
            0x2126, 0x2126, 1, 0x2128, 0x2128, 1, 0x212A, 0x212D, 1, 0x2130, 0x2133, 1,
            0x213E, 0x213F, 1, 0x2145, 0x2145, 1, 0x2183, 0x2183, 1, 0x2C00, 0x2C2F, 1,
            0x2C60, 0x2C60, 1, 0x2C62, 0x2C64, 1, 0x2C67, 0x2C67, 1, 0x2C69, 0x2C69, 1,
            0x2C6B, 0x2C6B, 1, 0x2C6D, 0x2C70, 1, 0x2C72, 0x2C72, 1, 0x2C75, 0x2C75, 1,
            0x2C7E, 0x2C80, 1, 0x2C82, 0x2C82, 1, 0x2C84, 0x2C84, 1, 0x2C86, 0x2C86, 1,
            0x2C88, 0x2C88, 1, 0x2C8A, 0x2C8A, 1, 0x2C8C, 0x2C8C, 1, 0x2C8E, 0x2C8E, 1,
            0x2C90, 0x2C90, 1, 0x2C92, 0x2C92, 1, 0x2C94, 0x2C94, 1, 0x2C96, 0x2C96, 1,
            0x2C98, 0x2C98, 1, 0x2C9A, 0x2C9A, 1, 0x2C9C, 0x2C9C, 1, 0x2C9E, 0x2C9E, 1,
            0x2CA0, 0x2CA0, 1, 0x2CA2, 0x2CA2, 1, 0x2CA4, 0x2CA4, 1, 0x2CA6, 0x2CA6, 1,
            0x2CA8, 0x2CA8, 1, 0x2CAA, 0x2CAA, 1, 0x2CAC, 0x2CAC, 1, 0x2CAE, 0x2CAE, 1,
        };
    }

    private static int[] rangeChunk3() {
        return new int[] {
            0x2CB0, 0x2CB0, 1, 0x2CB2, 0x2CB2, 1, 0x2CB4, 0x2CB4, 1, 0x2CB6, 0x2CB6, 1,
            0x2CB8, 0x2CB8, 1, 0x2CBA, 0x2CBA, 1, 0x2CBC, 0x2CBC, 1, 0x2CBE, 0x2CBE, 1,
            0x2CC0, 0x2CC0, 1, 0x2CC2, 0x2CC2, 1, 0x2CC4, 0x2CC4, 1, 0x2CC6, 0x2CC6, 1,
            0x2CC8, 0x2CC8, 1, 0x2CCA, 0x2CCA, 1, 0x2CCC, 0x2CCC, 1, 0x2CCE, 0x2CCE, 1,
            0x2CD0, 0x2CD0, 1, 0x2CD2, 0x2CD2, 1, 0x2CD4, 0x2CD4, 1, 0x2CD6, 0x2CD6, 1,
            0x2CD8, 0x2CD8, 1, 0x2CDA, 0x2CDA, 1, 0x2CDC, 0x2CDC, 1, 0x2CDE, 0x2CDE, 1,
            0x2CE0, 0x2CE0, 1, 0x2CE2, 0x2CE2, 1, 0x2CEB, 0x2CEB, 1, 0x2CED, 0x2CED, 1,
            0x2CF2, 0x2CF2, 1, 0xA640, 0xA640, 1, 0xA642, 0xA642, 1, 0xA644, 0xA644, 1,
            0xA646, 0xA646, 1, 0xA648, 0xA648, 1, 0xA64A, 0xA64A, 1, 0xA64C, 0xA64C, 1,
            0xA64E, 0xA64E, 1, 0xA650, 0xA650, 1, 0xA652, 0xA652, 1, 0xA654, 0xA654, 1,
            0xA656, 0xA656, 1, 0xA658, 0xA658, 1, 0xA65A, 0xA65A, 1, 0xA65C, 0xA65C, 1,
            0xA65E, 0xA65E, 1, 0xA660, 0xA660, 1, 0xA662, 0xA662, 1, 0xA664, 0xA664, 1,
            0xA666, 0xA666, 1, 0xA668, 0xA668, 1, 0xA66A, 0xA66A, 1, 0xA66C, 0xA66C, 1,
            0xA680, 0xA680, 1, 0xA682, 0xA682, 1, 0xA684, 0xA684, 1, 0xA686, 0xA686, 1,
            0xA688, 0xA688, 1, 0xA68A, 0xA68A, 1, 0xA68C, 0xA68C, 1, 0xA68E, 0xA68E, 1,
            0xA690, 0xA690, 1, 0xA692, 0xA692, 1, 0xA694, 0xA694, 1, 0xA696, 0xA696, 1,
            0xA698, 0xA698, 1, 0xA69A, 0xA69A, 1, 0xA722, 0xA722, 1, 0xA724, 0xA724, 1,
            0xA726, 0xA726, 1, 0xA728, 0xA728, 1, 0xA72A, 0xA72A, 1, 0xA72C, 0xA72C, 1,
            0xA72E, 0xA72E, 1, 0xA732, 0xA732, 1, 0xA734, 0xA734, 1, 0xA736, 0xA736, 1,
            0xA738, 0xA738, 1, 0xA73A, 0xA73A, 1, 0xA73C, 0xA73C, 1, 0xA73E, 0xA73E, 1,
            0xA740, 0xA740, 1, 0xA742, 0xA742, 1, 0xA744, 0xA744, 1, 0xA746, 0xA746, 1,
            0xA748, 0xA748, 1, 0xA74A, 0xA74A, 1, 0xA74C, 0xA74C, 1, 0xA74E, 0xA74E, 1,
            0xA750, 0xA750, 1, 0xA752, 0xA752, 1, 0xA754, 0xA754, 1, 0xA756, 0xA756, 1,
            0xA758, 0xA758, 1, 0xA75A, 0xA75A, 1, 0xA75C, 0xA75C, 1, 0xA75E, 0xA75E, 1,
            0xA760, 0xA760, 1, 0xA762, 0xA762, 1, 0xA764, 0xA764, 1, 0xA766, 0xA766, 1,
            0xA768, 0xA768, 1, 0xA76A, 0xA76A, 1, 0xA76C, 0xA76C, 1, 0xA76E, 0xA76E, 1,
            0xA779, 0xA779, 1, 0xA77B, 0xA77B, 1, 0xA77D, 0xA77E, 1, 0xA780, 0xA780, 1,
            0xA782, 0xA782, 1, 0xA784, 0xA784, 1, 0xA786, 0xA786, 1, 0xA78B, 0xA78B, 1,
            0xA78D, 0xA78D, 1, 0xA790, 0xA790, 1, 0xA792, 0xA792, 1, 0xA796, 0xA796, 1,
            0xA798, 0xA798, 1, 0xA79A, 0xA79A, 1, 0xA79C, 0xA79C, 1, 0xA79E, 0xA79E, 1,
            0xA7A0, 0xA7A0, 1, 0xA7A2, 0xA7A2, 1, 0xA7A4, 0xA7A4, 1, 0xA7A6, 0xA7A6, 1,
            0xA7A8, 0xA7A8, 1, 0xA7AA, 0xA7AE, 1, 0xA7B0, 0xA7B4, 1, 0xA7B6, 0xA7B6, 1,
            0xA7B8, 0xA7B8, 1, 0xA7BA, 0xA7BA, 1, 0xA7BC, 0xA7BC, 1, 0xA7BE, 0xA7BE, 1,
            0xA7C0, 0xA7C0, 1, 0xA7C2, 0xA7C2, 1, 0xA7C4, 0xA7C7, 1, 0xA7C9, 0xA7C9, 1,
            0xA7CB, 0xA7CC, 1, 0xA7CE, 0xA7CE, 1, 0xA7D0, 0xA7D0, 1, 0xA7D2, 0xA7D2, 1,
            0xA7D4, 0xA7D4, 1, 0xA7D6, 0xA7D6, 1, 0xA7D8, 0xA7D8, 1, 0xA7DA, 0xA7DA, 1,
            0xA7DC, 0xA7DC, 1, 0xA7F5, 0xA7F5, 1, 0xFF21, 0xFF3A, 1, 0x10400, 0x10427, 1,
            0x104B0, 0x104D3, 1, 0x10570, 0x1057A, 1, 0x1057C, 0x1058A, 1, 0x1058C, 0x10592, 1,
            0x10594, 0x10595, 1, 0x10C80, 0x10CB2, 1, 0x10D50, 0x10D65, 1, 0x118A0, 0x118BF, 1,
            0x16E40, 0x16E5F, 1, 0x16EA0, 0x16EB8, 1, 0x1D400, 0x1D419, 1, 0x1D434, 0x1D44D, 1,
            0x1D468, 0x1D481, 1, 0x1D49C, 0x1D49C, 1, 0x1D49E, 0x1D49F, 1, 0x1D4A2, 0x1D4A2, 1,
            0x1D4A5, 0x1D4A6, 1, 0x1D4A9, 0x1D4AC, 1, 0x1D4AE, 0x1D4B5, 1, 0x1D4D0, 0x1D4E9, 1,
            0x1D504, 0x1D505, 1, 0x1D507, 0x1D50A, 1, 0x1D50D, 0x1D514, 1, 0x1D516, 0x1D51C, 1,
            0x1D538, 0x1D539, 1, 0x1D53B, 0x1D53E, 1, 0x1D540, 0x1D544, 1, 0x1D546, 0x1D546, 1,
            0x1D54A, 0x1D550, 1, 0x1D56C, 0x1D585, 1, 0x1D5A0, 0x1D5B9, 1, 0x1D5D4, 0x1D5ED, 1,
            0x1D608, 0x1D621, 1, 0x1D63C, 0x1D655, 1, 0x1D670, 0x1D689, 1, 0x1D6A8, 0x1D6C0, 1,
            0x1D6E2, 0x1D6FA, 1, 0x1D71C, 0x1D734, 1, 0x1D756, 0x1D76E, 1, 0x1D790, 0x1D7A8, 1,
            0x1D7CA, 0x1D7CA, 1, 0x1E900, 0x1E921, 1, 0x61, 0x7A, 2, 0xB5, 0xB5, 2,
            0xDF, 0xF6, 2, 0xF8, 0xFF, 2, 0x101, 0x101, 2, 0x103, 0x103, 2,
            0x105, 0x105, 2, 0x107, 0x107, 2, 0x109, 0x109, 2, 0x10B, 0x10B, 2,
            0x10D, 0x10D, 2, 0x10F, 0x10F, 2, 0x111, 0x111, 2, 0x113, 0x113, 2,
            0x115, 0x115, 2, 0x117, 0x117, 2, 0x119, 0x119, 2, 0x11B, 0x11B, 2,
            0x11D, 0x11D, 2, 0x11F, 0x11F, 2, 0x121, 0x121, 2, 0x123, 0x123, 2,
            0x125, 0x125, 2, 0x127, 0x127, 2, 0x129, 0x129, 2, 0x12B, 0x12B, 2,
            0x12D, 0x12D, 2, 0x12F, 0x12F, 2, 0x131, 0x131, 2, 0x133, 0x133, 2,
            0x135, 0x135, 2, 0x137, 0x138, 2, 0x13A, 0x13A, 2, 0x13C, 0x13C, 2,
            0x13E, 0x13E, 2, 0x140, 0x140, 2, 0x142, 0x142, 2, 0x144, 0x144, 2,
            0x146, 0x146, 2, 0x148, 0x149, 2, 0x14B, 0x14B, 2, 0x14D, 0x14D, 2,
            0x14F, 0x14F, 2, 0x151, 0x151, 2, 0x153, 0x153, 2, 0x155, 0x155, 2,
            0x157, 0x157, 2, 0x159, 0x159, 2, 0x15B, 0x15B, 2, 0x15D, 0x15D, 2,
            0x15F, 0x15F, 2, 0x161, 0x161, 2, 0x163, 0x163, 2, 0x165, 0x165, 2,
            0x167, 0x167, 2, 0x169, 0x169, 2, 0x16B, 0x16B, 2, 0x16D, 0x16D, 2,
            0x16F, 0x16F, 2, 0x171, 0x171, 2, 0x173, 0x173, 2, 0x175, 0x175, 2,
            0x177, 0x177, 2, 0x17A, 0x17A, 2, 0x17C, 0x17C, 2, 0x17E, 0x180, 2,
            0x183, 0x183, 2, 0x185, 0x185, 2, 0x188, 0x188, 2, 0x18C, 0x18D, 2,
            0x192, 0x192, 2, 0x195, 0x195, 2, 0x199, 0x19B, 2, 0x19E, 0x19E, 2,
            0x1A1, 0x1A1, 2, 0x1A3, 0x1A3, 2, 0x1A5, 0x1A5, 2, 0x1A8, 0x1A8, 2,
            0x1AA, 0x1AB, 2, 0x1AD, 0x1AD, 2, 0x1B0, 0x1B0, 2, 0x1B4, 0x1B4, 2,
            0x1B6, 0x1B6, 2, 0x1B9, 0x1BA, 2, 0x1BD, 0x1BF, 2, 0x1C6, 0x1C6, 2,
            0x1C9, 0x1C9, 2, 0x1CC, 0x1CC, 2, 0x1CE, 0x1CE, 2, 0x1D0, 0x1D0, 2,
            0x1D2, 0x1D2, 2, 0x1D4, 0x1D4, 2, 0x1D6, 0x1D6, 2, 0x1D8, 0x1D8, 2,
            0x1DA, 0x1DA, 2, 0x1DC, 0x1DD, 2, 0x1DF, 0x1DF, 2, 0x1E1, 0x1E1, 2,
            0x1E3, 0x1E3, 2, 0x1E5, 0x1E5, 2, 0x1E7, 0x1E7, 2, 0x1E9, 0x1E9, 2,
            0x1EB, 0x1EB, 2, 0x1ED, 0x1ED, 2, 0x1EF, 0x1F0, 2, 0x1F3, 0x1F3, 2,
            0x1F5, 0x1F5, 2, 0x1F9, 0x1F9, 2, 0x1FB, 0x1FB, 2, 0x1FD, 0x1FD, 2,
            0x1FF, 0x1FF, 2, 0x201, 0x201, 2, 0x203, 0x203, 2, 0x205, 0x205, 2,
            0x207, 0x207, 2, 0x209, 0x209, 2, 0x20B, 0x20B, 2, 0x20D, 0x20D, 2,
            0x20F, 0x20F, 2, 0x211, 0x211, 2, 0x213, 0x213, 2, 0x215, 0x215, 2,
            0x217, 0x217, 2, 0x219, 0x219, 2, 0x21B, 0x21B, 2, 0x21D, 0x21D, 2,
            0x21F, 0x21F, 2, 0x221, 0x221, 2, 0x223, 0x223, 2, 0x225, 0x225, 2,
            0x227, 0x227, 2, 0x229, 0x229, 2, 0x22B, 0x22B, 2, 0x22D, 0x22D, 2,
            0x22F, 0x22F, 2, 0x231, 0x231, 2, 0x233, 0x239, 2, 0x23C, 0x23C, 2,
            0x23F, 0x240, 2, 0x242, 0x242, 2, 0x247, 0x247, 2, 0x249, 0x249, 2,
            0x24B, 0x24B, 2, 0x24D, 0x24D, 2, 0x24F, 0x293, 2, 0x296, 0x2AF, 2,
            0x371, 0x371, 2, 0x373, 0x373, 2, 0x377, 0x377, 2, 0x37B, 0x37D, 2,
            0x390, 0x390, 2, 0x3AC, 0x3CE, 2, 0x3D0, 0x3D1, 2, 0x3D5, 0x3D7, 2,
            0x3D9, 0x3D9, 2, 0x3DB, 0x3DB, 2, 0x3DD, 0x3DD, 2, 0x3DF, 0x3DF, 2,
            0x3E1, 0x3E1, 2, 0x3E3, 0x3E3, 2, 0x3E5, 0x3E5, 2, 0x3E7, 0x3E7, 2,
            0x3E9, 0x3E9, 2, 0x3EB, 0x3EB, 2, 0x3ED, 0x3ED, 2, 0x3EF, 0x3F3, 2,
            0x3F5, 0x3F5, 2, 0x3F8, 0x3F8, 2, 0x3FB, 0x3FC, 2, 0x430, 0x45F, 2,
            0x461, 0x461, 2, 0x463, 0x463, 2, 0x465, 0x465, 2, 0x467, 0x467, 2,
            0x469, 0x469, 2, 0x46B, 0x46B, 2, 0x46D, 0x46D, 2, 0x46F, 0x46F, 2,
            0x471, 0x471, 2, 0x473, 0x473, 2, 0x475, 0x475, 2, 0x477, 0x477, 2,
            0x479, 0x479, 2, 0x47B, 0x47B, 2, 0x47D, 0x47D, 2, 0x47F, 0x47F, 2,
            0x481, 0x481, 2, 0x48B, 0x48B, 2, 0x48D, 0x48D, 2, 0x48F, 0x48F, 2,
            0x491, 0x491, 2, 0x493, 0x493, 2, 0x495, 0x495, 2, 0x497, 0x497, 2,
            0x499, 0x499, 2, 0x49B, 0x49B, 2, 0x49D, 0x49D, 2, 0x49F, 0x49F, 2,
            0x4A1, 0x4A1, 2, 0x4A3, 0x4A3, 2, 0x4A5, 0x4A5, 2, 0x4A7, 0x4A7, 2,
            0x4A9, 0x4A9, 2, 0x4AB, 0x4AB, 2, 0x4AD, 0x4AD, 2, 0x4AF, 0x4AF, 2,
            0x4B1, 0x4B1, 2, 0x4B3, 0x4B3, 2, 0x4B5, 0x4B5, 2, 0x4B7, 0x4B7, 2,
        };
    }

    private static int[] rangeChunk4() {
        return new int[] {
            0x4B9, 0x4B9, 2, 0x4BB, 0x4BB, 2, 0x4BD, 0x4BD, 2, 0x4BF, 0x4BF, 2,
            0x4C2, 0x4C2, 2, 0x4C4, 0x4C4, 2, 0x4C6, 0x4C6, 2, 0x4C8, 0x4C8, 2,
            0x4CA, 0x4CA, 2, 0x4CC, 0x4CC, 2, 0x4CE, 0x4CF, 2, 0x4D1, 0x4D1, 2,
            0x4D3, 0x4D3, 2, 0x4D5, 0x4D5, 2, 0x4D7, 0x4D7, 2, 0x4D9, 0x4D9, 2,
            0x4DB, 0x4DB, 2, 0x4DD, 0x4DD, 2, 0x4DF, 0x4DF, 2, 0x4E1, 0x4E1, 2,
            0x4E3, 0x4E3, 2, 0x4E5, 0x4E5, 2, 0x4E7, 0x4E7, 2, 0x4E9, 0x4E9, 2,
            0x4EB, 0x4EB, 2, 0x4ED, 0x4ED, 2, 0x4EF, 0x4EF, 2, 0x4F1, 0x4F1, 2,
            0x4F3, 0x4F3, 2, 0x4F5, 0x4F5, 2, 0x4F7, 0x4F7, 2, 0x4F9, 0x4F9, 2,
            0x4FB, 0x4FB, 2, 0x4FD, 0x4FD, 2, 0x4FF, 0x4FF, 2, 0x501, 0x501, 2,
            0x503, 0x503, 2, 0x505, 0x505, 2, 0x507, 0x507, 2, 0x509, 0x509, 2,
            0x50B, 0x50B, 2, 0x50D, 0x50D, 2, 0x50F, 0x50F, 2, 0x511, 0x511, 2,
            0x513, 0x513, 2, 0x515, 0x515, 2, 0x517, 0x517, 2, 0x519, 0x519, 2,
            0x51B, 0x51B, 2, 0x51D, 0x51D, 2, 0x51F, 0x51F, 2, 0x521, 0x521, 2,
            0x523, 0x523, 2, 0x525, 0x525, 2, 0x527, 0x527, 2, 0x529, 0x529, 2,
            0x52B, 0x52B, 2, 0x52D, 0x52D, 2, 0x52F, 0x52F, 2, 0x560, 0x588, 2,
            0x10D0, 0x10FA, 2, 0x10FD, 0x10FF, 2, 0x13F8, 0x13FD, 2, 0x1C80, 0x1C88, 2,
            0x1C8A, 0x1C8A, 2, 0x1D00, 0x1D2B, 2, 0x1D6B, 0x1D77, 2, 0x1D79, 0x1D9A, 2,
            0x1E01, 0x1E01, 2, 0x1E03, 0x1E03, 2, 0x1E05, 0x1E05, 2, 0x1E07, 0x1E07, 2,
            0x1E09, 0x1E09, 2, 0x1E0B, 0x1E0B, 2, 0x1E0D, 0x1E0D, 2, 0x1E0F, 0x1E0F, 2,
            0x1E11, 0x1E11, 2, 0x1E13, 0x1E13, 2, 0x1E15, 0x1E15, 2, 0x1E17, 0x1E17, 2,
            0x1E19, 0x1E19, 2, 0x1E1B, 0x1E1B, 2, 0x1E1D, 0x1E1D, 2, 0x1E1F, 0x1E1F, 2,
            0x1E21, 0x1E21, 2, 0x1E23, 0x1E23, 2, 0x1E25, 0x1E25, 2, 0x1E27, 0x1E27, 2,
            0x1E29, 0x1E29, 2, 0x1E2B, 0x1E2B, 2, 0x1E2D, 0x1E2D, 2, 0x1E2F, 0x1E2F, 2,
            0x1E31, 0x1E31, 2, 0x1E33, 0x1E33, 2, 0x1E35, 0x1E35, 2, 0x1E37, 0x1E37, 2,
            0x1E39, 0x1E39, 2, 0x1E3B, 0x1E3B, 2, 0x1E3D, 0x1E3D, 2, 0x1E3F, 0x1E3F, 2,
            0x1E41, 0x1E41, 2, 0x1E43, 0x1E43, 2, 0x1E45, 0x1E45, 2, 0x1E47, 0x1E47, 2,
            0x1E49, 0x1E49, 2, 0x1E4B, 0x1E4B, 2, 0x1E4D, 0x1E4D, 2, 0x1E4F, 0x1E4F, 2,
            0x1E51, 0x1E51, 2, 0x1E53, 0x1E53, 2, 0x1E55, 0x1E55, 2, 0x1E57, 0x1E57, 2,
            0x1E59, 0x1E59, 2, 0x1E5B, 0x1E5B, 2, 0x1E5D, 0x1E5D, 2, 0x1E5F, 0x1E5F, 2,
            0x1E61, 0x1E61, 2, 0x1E63, 0x1E63, 2, 0x1E65, 0x1E65, 2, 0x1E67, 0x1E67, 2,
            0x1E69, 0x1E69, 2, 0x1E6B, 0x1E6B, 2, 0x1E6D, 0x1E6D, 2, 0x1E6F, 0x1E6F, 2,
            0x1E71, 0x1E71, 2, 0x1E73, 0x1E73, 2, 0x1E75, 0x1E75, 2, 0x1E77, 0x1E77, 2,
            0x1E79, 0x1E79, 2, 0x1E7B, 0x1E7B, 2, 0x1E7D, 0x1E7D, 2, 0x1E7F, 0x1E7F, 2,
            0x1E81, 0x1E81, 2, 0x1E83, 0x1E83, 2, 0x1E85, 0x1E85, 2, 0x1E87, 0x1E87, 2,
            0x1E89, 0x1E89, 2, 0x1E8B, 0x1E8B, 2, 0x1E8D, 0x1E8D, 2, 0x1E8F, 0x1E8F, 2,
            0x1E91, 0x1E91, 2, 0x1E93, 0x1E93, 2, 0x1E95, 0x1E9D, 2, 0x1E9F, 0x1E9F, 2,
            0x1EA1, 0x1EA1, 2, 0x1EA3, 0x1EA3, 2, 0x1EA5, 0x1EA5, 2, 0x1EA7, 0x1EA7, 2,
            0x1EA9, 0x1EA9, 2, 0x1EAB, 0x1EAB, 2, 0x1EAD, 0x1EAD, 2, 0x1EAF, 0x1EAF, 2,
            0x1EB1, 0x1EB1, 2, 0x1EB3, 0x1EB3, 2, 0x1EB5, 0x1EB5, 2, 0x1EB7, 0x1EB7, 2,
            0x1EB9, 0x1EB9, 2, 0x1EBB, 0x1EBB, 2, 0x1EBD, 0x1EBD, 2, 0x1EBF, 0x1EBF, 2,
            0x1EC1, 0x1EC1, 2, 0x1EC3, 0x1EC3, 2, 0x1EC5, 0x1EC5, 2, 0x1EC7, 0x1EC7, 2,
            0x1EC9, 0x1EC9, 2, 0x1ECB, 0x1ECB, 2, 0x1ECD, 0x1ECD, 2, 0x1ECF, 0x1ECF, 2,
            0x1ED1, 0x1ED1, 2, 0x1ED3, 0x1ED3, 2, 0x1ED5, 0x1ED5, 2, 0x1ED7, 0x1ED7, 2,
            0x1ED9, 0x1ED9, 2, 0x1EDB, 0x1EDB, 2, 0x1EDD, 0x1EDD, 2, 0x1EDF, 0x1EDF, 2,
            0x1EE1, 0x1EE1, 2, 0x1EE3, 0x1EE3, 2, 0x1EE5, 0x1EE5, 2, 0x1EE7, 0x1EE7, 2,
            0x1EE9, 0x1EE9, 2, 0x1EEB, 0x1EEB, 2, 0x1EED, 0x1EED, 2, 0x1EEF, 0x1EEF, 2,
            0x1EF1, 0x1EF1, 2, 0x1EF3, 0x1EF3, 2, 0x1EF5, 0x1EF5, 2, 0x1EF7, 0x1EF7, 2,
            0x1EF9, 0x1EF9, 2, 0x1EFB, 0x1EFB, 2, 0x1EFD, 0x1EFD, 2, 0x1EFF, 0x1F07, 2,
            0x1F10, 0x1F15, 2, 0x1F20, 0x1F27, 2, 0x1F30, 0x1F37, 2, 0x1F40, 0x1F45, 2,
            0x1F50, 0x1F57, 2, 0x1F60, 0x1F67, 2, 0x1F70, 0x1F7D, 2, 0x1F80, 0x1F87, 2,
            0x1F90, 0x1F97, 2, 0x1FA0, 0x1FA7, 2, 0x1FB0, 0x1FB4, 2, 0x1FB6, 0x1FB7, 2,
            0x1FBE, 0x1FBE, 2, 0x1FC2, 0x1FC4, 2, 0x1FC6, 0x1FC7, 2, 0x1FD0, 0x1FD3, 2,
            0x1FD6, 0x1FD7, 2, 0x1FE0, 0x1FE7, 2, 0x1FF2, 0x1FF4, 2, 0x1FF6, 0x1FF7, 2,
            0x210A, 0x210A, 2, 0x210E, 0x210F, 2, 0x2113, 0x2113, 2, 0x212F, 0x212F, 2,
            0x2134, 0x2134, 2, 0x2139, 0x2139, 2, 0x213C, 0x213D, 2, 0x2146, 0x2149, 2,
            0x214E, 0x214E, 2, 0x2184, 0x2184, 2, 0x2C30, 0x2C5F, 2, 0x2C61, 0x2C61, 2,
            0x2C65, 0x2C66, 2, 0x2C68, 0x2C68, 2, 0x2C6A, 0x2C6A, 2, 0x2C6C, 0x2C6C, 2,
            0x2C71, 0x2C71, 2, 0x2C73, 0x2C74, 2, 0x2C76, 0x2C7B, 2, 0x2C81, 0x2C81, 2,
            0x2C83, 0x2C83, 2, 0x2C85, 0x2C85, 2, 0x2C87, 0x2C87, 2, 0x2C89, 0x2C89, 2,
            0x2C8B, 0x2C8B, 2, 0x2C8D, 0x2C8D, 2, 0x2C8F, 0x2C8F, 2, 0x2C91, 0x2C91, 2,
            0x2C93, 0x2C93, 2, 0x2C95, 0x2C95, 2, 0x2C97, 0x2C97, 2, 0x2C99, 0x2C99, 2,
            0x2C9B, 0x2C9B, 2, 0x2C9D, 0x2C9D, 2, 0x2C9F, 0x2C9F, 2, 0x2CA1, 0x2CA1, 2,
            0x2CA3, 0x2CA3, 2, 0x2CA5, 0x2CA5, 2, 0x2CA7, 0x2CA7, 2, 0x2CA9, 0x2CA9, 2,
            0x2CAB, 0x2CAB, 2, 0x2CAD, 0x2CAD, 2, 0x2CAF, 0x2CAF, 2, 0x2CB1, 0x2CB1, 2,
            0x2CB3, 0x2CB3, 2, 0x2CB5, 0x2CB5, 2, 0x2CB7, 0x2CB7, 2, 0x2CB9, 0x2CB9, 2,
            0x2CBB, 0x2CBB, 2, 0x2CBD, 0x2CBD, 2, 0x2CBF, 0x2CBF, 2, 0x2CC1, 0x2CC1, 2,
            0x2CC3, 0x2CC3, 2, 0x2CC5, 0x2CC5, 2, 0x2CC7, 0x2CC7, 2, 0x2CC9, 0x2CC9, 2,
            0x2CCB, 0x2CCB, 2, 0x2CCD, 0x2CCD, 2, 0x2CCF, 0x2CCF, 2, 0x2CD1, 0x2CD1, 2,
            0x2CD3, 0x2CD3, 2, 0x2CD5, 0x2CD5, 2, 0x2CD7, 0x2CD7, 2, 0x2CD9, 0x2CD9, 2,
            0x2CDB, 0x2CDB, 2, 0x2CDD, 0x2CDD, 2, 0x2CDF, 0x2CDF, 2, 0x2CE1, 0x2CE1, 2,
            0x2CE3, 0x2CE4, 2, 0x2CEC, 0x2CEC, 2, 0x2CEE, 0x2CEE, 2, 0x2CF3, 0x2CF3, 2,
            0x2D00, 0x2D25, 2, 0x2D27, 0x2D27, 2, 0x2D2D, 0x2D2D, 2, 0xA641, 0xA641, 2,
            0xA643, 0xA643, 2, 0xA645, 0xA645, 2, 0xA647, 0xA647, 2, 0xA649, 0xA649, 2,
            0xA64B, 0xA64B, 2, 0xA64D, 0xA64D, 2, 0xA64F, 0xA64F, 2, 0xA651, 0xA651, 2,
            0xA653, 0xA653, 2, 0xA655, 0xA655, 2, 0xA657, 0xA657, 2, 0xA659, 0xA659, 2,
            0xA65B, 0xA65B, 2, 0xA65D, 0xA65D, 2, 0xA65F, 0xA65F, 2, 0xA661, 0xA661, 2,
            0xA663, 0xA663, 2, 0xA665, 0xA665, 2, 0xA667, 0xA667, 2, 0xA669, 0xA669, 2,
            0xA66B, 0xA66B, 2, 0xA66D, 0xA66D, 2, 0xA681, 0xA681, 2, 0xA683, 0xA683, 2,
            0xA685, 0xA685, 2, 0xA687, 0xA687, 2, 0xA689, 0xA689, 2, 0xA68B, 0xA68B, 2,
            0xA68D, 0xA68D, 2, 0xA68F, 0xA68F, 2, 0xA691, 0xA691, 2, 0xA693, 0xA693, 2,
            0xA695, 0xA695, 2, 0xA697, 0xA697, 2, 0xA699, 0xA699, 2, 0xA69B, 0xA69B, 2,
            0xA723, 0xA723, 2, 0xA725, 0xA725, 2, 0xA727, 0xA727, 2, 0xA729, 0xA729, 2,
            0xA72B, 0xA72B, 2, 0xA72D, 0xA72D, 2, 0xA72F, 0xA731, 2, 0xA733, 0xA733, 2,
            0xA735, 0xA735, 2, 0xA737, 0xA737, 2, 0xA739, 0xA739, 2, 0xA73B, 0xA73B, 2,
            0xA73D, 0xA73D, 2, 0xA73F, 0xA73F, 2, 0xA741, 0xA741, 2, 0xA743, 0xA743, 2,
            0xA745, 0xA745, 2, 0xA747, 0xA747, 2, 0xA749, 0xA749, 2, 0xA74B, 0xA74B, 2,
            0xA74D, 0xA74D, 2, 0xA74F, 0xA74F, 2, 0xA751, 0xA751, 2, 0xA753, 0xA753, 2,
            0xA755, 0xA755, 2, 0xA757, 0xA757, 2, 0xA759, 0xA759, 2, 0xA75B, 0xA75B, 2,
            0xA75D, 0xA75D, 2, 0xA75F, 0xA75F, 2, 0xA761, 0xA761, 2, 0xA763, 0xA763, 2,
            0xA765, 0xA765, 2, 0xA767, 0xA767, 2, 0xA769, 0xA769, 2, 0xA76B, 0xA76B, 2,
            0xA76D, 0xA76D, 2, 0xA76F, 0xA76F, 2, 0xA771, 0xA778, 2, 0xA77A, 0xA77A, 2,
            0xA77C, 0xA77C, 2, 0xA77F, 0xA77F, 2, 0xA781, 0xA781, 2, 0xA783, 0xA783, 2,
            0xA785, 0xA785, 2, 0xA787, 0xA787, 2, 0xA78C, 0xA78C, 2, 0xA78E, 0xA78E, 2,
            0xA791, 0xA791, 2, 0xA793, 0xA795, 2, 0xA797, 0xA797, 2, 0xA799, 0xA799, 2,
            0xA79B, 0xA79B, 2, 0xA79D, 0xA79D, 2, 0xA79F, 0xA79F, 2, 0xA7A1, 0xA7A1, 2,
            0xA7A3, 0xA7A3, 2, 0xA7A5, 0xA7A5, 2, 0xA7A7, 0xA7A7, 2, 0xA7A9, 0xA7A9, 2,
            0xA7AF, 0xA7AF, 2, 0xA7B5, 0xA7B5, 2, 0xA7B7, 0xA7B7, 2, 0xA7B9, 0xA7B9, 2,
            0xA7BB, 0xA7BB, 2, 0xA7BD, 0xA7BD, 2, 0xA7BF, 0xA7BF, 2, 0xA7C1, 0xA7C1, 2,
            0xA7C3, 0xA7C3, 2, 0xA7C8, 0xA7C8, 2, 0xA7CA, 0xA7CA, 2, 0xA7CD, 0xA7CD, 2,
            0xA7CF, 0xA7CF, 2, 0xA7D1, 0xA7D1, 2, 0xA7D3, 0xA7D3, 2, 0xA7D5, 0xA7D5, 2,
        };
    }

    private static int[] rangeChunk5() {
        return new int[] {
            0xA7D7, 0xA7D7, 2, 0xA7D9, 0xA7D9, 2, 0xA7DB, 0xA7DB, 2, 0xA7F6, 0xA7F6, 2,
            0xA7FA, 0xA7FA, 2, 0xAB30, 0xAB5A, 2, 0xAB60, 0xAB68, 2, 0xAB70, 0xABBF, 2,
            0xFB00, 0xFB06, 2, 0xFB13, 0xFB17, 2, 0xFF41, 0xFF5A, 2, 0x10428, 0x1044F, 2,
            0x104D8, 0x104FB, 2, 0x10597, 0x105A1, 2, 0x105A3, 0x105B1, 2, 0x105B3, 0x105B9, 2,
            0x105BB, 0x105BC, 2, 0x10CC0, 0x10CF2, 2, 0x10D70, 0x10D85, 2, 0x118C0, 0x118DF, 2,
            0x16E60, 0x16E7F, 2, 0x16EBB, 0x16ED3, 2, 0x1D41A, 0x1D433, 2, 0x1D44E, 0x1D454, 2,
            0x1D456, 0x1D467, 2, 0x1D482, 0x1D49B, 2, 0x1D4B6, 0x1D4B9, 2, 0x1D4BB, 0x1D4BB, 2,
            0x1D4BD, 0x1D4C3, 2, 0x1D4C5, 0x1D4CF, 2, 0x1D4EA, 0x1D503, 2, 0x1D51E, 0x1D537, 2,
            0x1D552, 0x1D56B, 2, 0x1D586, 0x1D59F, 2, 0x1D5BA, 0x1D5D3, 2, 0x1D5EE, 0x1D607, 2,
            0x1D622, 0x1D63B, 2, 0x1D656, 0x1D66F, 2, 0x1D68A, 0x1D6A5, 2, 0x1D6C2, 0x1D6DA, 2,
            0x1D6DC, 0x1D6E1, 2, 0x1D6FC, 0x1D714, 2, 0x1D716, 0x1D71B, 2, 0x1D736, 0x1D74E, 2,
            0x1D750, 0x1D755, 2, 0x1D770, 0x1D788, 2, 0x1D78A, 0x1D78F, 2, 0x1D7AA, 0x1D7C2, 2,
            0x1D7C4, 0x1D7C9, 2, 0x1D7CB, 0x1D7CB, 2, 0x1DF00, 0x1DF09, 2, 0x1DF0B, 0x1DF1E, 2,
            0x1DF25, 0x1DF2A, 2, 0x1E922, 0x1E943, 2, 0x1C5, 0x1C5, 3, 0x1C8, 0x1C8, 3,
            0x1CB, 0x1CB, 3, 0x1F2, 0x1F2, 3, 0x1F88, 0x1F8F, 3, 0x1F98, 0x1F9F, 3,
            0x1FA8, 0x1FAF, 3, 0x1FBC, 0x1FBC, 3, 0x1FCC, 0x1FCC, 3, 0x1FFC, 0x1FFC, 3,
            0x2B0, 0x2C1, 4, 0x2C6, 0x2D1, 4, 0x2E0, 0x2E4, 4, 0x2EC, 0x2EC, 4,
            0x2EE, 0x2EE, 4, 0x374, 0x374, 4, 0x37A, 0x37A, 4, 0x559, 0x559, 4,
            0x640, 0x640, 4, 0x6E5, 0x6E6, 4, 0x7F4, 0x7F5, 4, 0x7FA, 0x7FA, 4,
            0x81A, 0x81A, 4, 0x824, 0x824, 4, 0x828, 0x828, 4, 0x8C9, 0x8C9, 4,
            0x971, 0x971, 4, 0xE46, 0xE46, 4, 0xEC6, 0xEC6, 4, 0x10FC, 0x10FC, 4,
            0x17D7, 0x17D7, 4, 0x1843, 0x1843, 4, 0x1AA7, 0x1AA7, 4, 0x1C78, 0x1C7D, 4,
            0x1D2C, 0x1D6A, 4, 0x1D78, 0x1D78, 4, 0x1D9B, 0x1DBF, 4, 0x2071, 0x2071, 4,
            0x207F, 0x207F, 4, 0x2090, 0x209C, 4, 0x2C7C, 0x2C7D, 4, 0x2D6F, 0x2D6F, 4,
            0x2E2F, 0x2E2F, 4, 0x3005, 0x3005, 4, 0x3031, 0x3035, 4, 0x303B, 0x303B, 4,
            0x309D, 0x309E, 4, 0x30FC, 0x30FE, 4, 0xA015, 0xA015, 4, 0xA4F8, 0xA4FD, 4,
            0xA60C, 0xA60C, 4, 0xA67F, 0xA67F, 4, 0xA69C, 0xA69D, 4, 0xA717, 0xA71F, 4,
            0xA770, 0xA770, 4, 0xA788, 0xA788, 4, 0xA7F1, 0xA7F4, 4, 0xA7F8, 0xA7F9, 4,
            0xA9CF, 0xA9CF, 4, 0xA9E6, 0xA9E6, 4, 0xAA70, 0xAA70, 4, 0xAADD, 0xAADD, 4,
            0xAAF3, 0xAAF4, 4, 0xAB5C, 0xAB5F, 4, 0xAB69, 0xAB69, 4, 0xFF70, 0xFF70, 4,
            0xFF9E, 0xFF9F, 4, 0x10780, 0x10785, 4, 0x10787, 0x107B0, 4, 0x107B2, 0x107BA, 4,
            0x10D4E, 0x10D4E, 4, 0x10D6F, 0x10D6F, 4, 0x10EC5, 0x10EC5, 4, 0x11DD9, 0x11DD9, 4,
            0x16B40, 0x16B43, 4, 0x16D40, 0x16D42, 4, 0x16D6B, 0x16D6C, 4, 0x16F93, 0x16F9F, 4,
            0x16FE0, 0x16FE1, 4, 0x16FE3, 0x16FE3, 4, 0x16FF2, 0x16FF3, 4, 0x1AFF0, 0x1AFF3, 4,
            0x1AFF5, 0x1AFFB, 4, 0x1AFFD, 0x1AFFE, 4, 0x1E030, 0x1E06D, 4, 0x1E137, 0x1E13D, 4,
            0x1E4EB, 0x1E4EB, 4, 0x1E6FF, 0x1E6FF, 4, 0x1E94B, 0x1E94B, 4, 0xAA, 0xAA, 5,
            0xBA, 0xBA, 5, 0x1BB, 0x1BB, 5, 0x1C0, 0x1C3, 5, 0x294, 0x295, 5,
            0x5D0, 0x5EA, 5, 0x5EF, 0x5F2, 5, 0x620, 0x63F, 5, 0x641, 0x64A, 5,
            0x66E, 0x66F, 5, 0x671, 0x6D3, 5, 0x6D5, 0x6D5, 5, 0x6EE, 0x6EF, 5,
            0x6FA, 0x6FC, 5, 0x6FF, 0x6FF, 5, 0x710, 0x710, 5, 0x712, 0x72F, 5,
            0x74D, 0x7A5, 5, 0x7B1, 0x7B1, 5, 0x7CA, 0x7EA, 5, 0x800, 0x815, 5,
            0x840, 0x858, 5, 0x860, 0x86A, 5, 0x870, 0x887, 5, 0x889, 0x88F, 5,
            0x8A0, 0x8C8, 5, 0x904, 0x939, 5, 0x93D, 0x93D, 5, 0x950, 0x950, 5,
            0x958, 0x961, 5, 0x972, 0x980, 5, 0x985, 0x98C, 5, 0x98F, 0x990, 5,
            0x993, 0x9A8, 5, 0x9AA, 0x9B0, 5, 0x9B2, 0x9B2, 5, 0x9B6, 0x9B9, 5,
            0x9BD, 0x9BD, 5, 0x9CE, 0x9CE, 5, 0x9DC, 0x9DD, 5, 0x9DF, 0x9E1, 5,
            0x9F0, 0x9F1, 5, 0x9FC, 0x9FC, 5, 0xA05, 0xA0A, 5, 0xA0F, 0xA10, 5,
            0xA13, 0xA28, 5, 0xA2A, 0xA30, 5, 0xA32, 0xA33, 5, 0xA35, 0xA36, 5,
            0xA38, 0xA39, 5, 0xA59, 0xA5C, 5, 0xA5E, 0xA5E, 5, 0xA72, 0xA74, 5,
            0xA85, 0xA8D, 5, 0xA8F, 0xA91, 5, 0xA93, 0xAA8, 5, 0xAAA, 0xAB0, 5,
            0xAB2, 0xAB3, 5, 0xAB5, 0xAB9, 5, 0xABD, 0xABD, 5, 0xAD0, 0xAD0, 5,
            0xAE0, 0xAE1, 5, 0xAF9, 0xAF9, 5, 0xB05, 0xB0C, 5, 0xB0F, 0xB10, 5,
            0xB13, 0xB28, 5, 0xB2A, 0xB30, 5, 0xB32, 0xB33, 5, 0xB35, 0xB39, 5,
            0xB3D, 0xB3D, 5, 0xB5C, 0xB5D, 5, 0xB5F, 0xB61, 5, 0xB71, 0xB71, 5,
            0xB83, 0xB83, 5, 0xB85, 0xB8A, 5, 0xB8E, 0xB90, 5, 0xB92, 0xB95, 5,
            0xB99, 0xB9A, 5, 0xB9C, 0xB9C, 5, 0xB9E, 0xB9F, 5, 0xBA3, 0xBA4, 5,
            0xBA8, 0xBAA, 5, 0xBAE, 0xBB9, 5, 0xBD0, 0xBD0, 5, 0xC05, 0xC0C, 5,
            0xC0E, 0xC10, 5, 0xC12, 0xC28, 5, 0xC2A, 0xC39, 5, 0xC3D, 0xC3D, 5,
            0xC58, 0xC5A, 5, 0xC5C, 0xC5D, 5, 0xC60, 0xC61, 5, 0xC80, 0xC80, 5,
            0xC85, 0xC8C, 5, 0xC8E, 0xC90, 5, 0xC92, 0xCA8, 5, 0xCAA, 0xCB3, 5,
            0xCB5, 0xCB9, 5, 0xCBD, 0xCBD, 5, 0xCDC, 0xCDE, 5, 0xCE0, 0xCE1, 5,
            0xCF1, 0xCF2, 5, 0xD04, 0xD0C, 5, 0xD0E, 0xD10, 5, 0xD12, 0xD3A, 5,
            0xD3D, 0xD3D, 5, 0xD4E, 0xD4E, 5, 0xD54, 0xD56, 5, 0xD5F, 0xD61, 5,
            0xD7A, 0xD7F, 5, 0xD85, 0xD96, 5, 0xD9A, 0xDB1, 5, 0xDB3, 0xDBB, 5,
            0xDBD, 0xDBD, 5, 0xDC0, 0xDC6, 5, 0xE01, 0xE30, 5, 0xE32, 0xE33, 5,
            0xE40, 0xE45, 5, 0xE81, 0xE82, 5, 0xE84, 0xE84, 5, 0xE86, 0xE8A, 5,
            0xE8C, 0xEA3, 5, 0xEA5, 0xEA5, 5, 0xEA7, 0xEB0, 5, 0xEB2, 0xEB3, 5,
            0xEBD, 0xEBD, 5, 0xEC0, 0xEC4, 5, 0xEDC, 0xEDF, 5, 0xF00, 0xF00, 5,
            0xF40, 0xF47, 5, 0xF49, 0xF6C, 5, 0xF88, 0xF8C, 5, 0x1000, 0x102A, 5,
            0x103F, 0x103F, 5, 0x1050, 0x1055, 5, 0x105A, 0x105D, 5, 0x1061, 0x1061, 5,
            0x1065, 0x1066, 5, 0x106E, 0x1070, 5, 0x1075, 0x1081, 5, 0x108E, 0x108E, 5,
            0x1100, 0x1248, 5, 0x124A, 0x124D, 5, 0x1250, 0x1256, 5, 0x1258, 0x1258, 5,
            0x125A, 0x125D, 5, 0x1260, 0x1288, 5, 0x128A, 0x128D, 5, 0x1290, 0x12B0, 5,
            0x12B2, 0x12B5, 5, 0x12B8, 0x12BE, 5, 0x12C0, 0x12C0, 5, 0x12C2, 0x12C5, 5,
            0x12C8, 0x12D6, 5, 0x12D8, 0x1310, 5, 0x1312, 0x1315, 5, 0x1318, 0x135A, 5,
            0x1380, 0x138F, 5, 0x1401, 0x166C, 5, 0x166F, 0x167F, 5, 0x1681, 0x169A, 5,
            0x16A0, 0x16EA, 5, 0x16F1, 0x16F8, 5, 0x1700, 0x1711, 5, 0x171F, 0x1731, 5,
            0x1740, 0x1751, 5, 0x1760, 0x176C, 5, 0x176E, 0x1770, 5, 0x1780, 0x17B3, 5,
            0x17DC, 0x17DC, 5, 0x1820, 0x1842, 5, 0x1844, 0x1878, 5, 0x1880, 0x1884, 5,
            0x1887, 0x18A8, 5, 0x18AA, 0x18AA, 5, 0x18B0, 0x18F5, 5, 0x1900, 0x191E, 5,
            0x1950, 0x196D, 5, 0x1970, 0x1974, 5, 0x1980, 0x19AB, 5, 0x19B0, 0x19C9, 5,
            0x1A00, 0x1A16, 5, 0x1A20, 0x1A54, 5, 0x1B05, 0x1B33, 5, 0x1B45, 0x1B4C, 5,
            0x1B83, 0x1BA0, 5, 0x1BAE, 0x1BAF, 5, 0x1BBA, 0x1BE5, 5, 0x1C00, 0x1C23, 5,
            0x1C4D, 0x1C4F, 5, 0x1C5A, 0x1C77, 5, 0x1CE9, 0x1CEC, 5, 0x1CEE, 0x1CF3, 5,
            0x1CF5, 0x1CF6, 5, 0x1CFA, 0x1CFA, 5, 0x2135, 0x2138, 5, 0x2D30, 0x2D67, 5,
            0x2D80, 0x2D96, 5, 0x2DA0, 0x2DA6, 5, 0x2DA8, 0x2DAE, 5, 0x2DB0, 0x2DB6, 5,
            0x2DB8, 0x2DBE, 5, 0x2DC0, 0x2DC6, 5, 0x2DC8, 0x2DCE, 5, 0x2DD0, 0x2DD6, 5,
            0x2DD8, 0x2DDE, 5, 0x3006, 0x3006, 5, 0x303C, 0x303C, 5, 0x3041, 0x3096, 5,
            0x309F, 0x309F, 5, 0x30A1, 0x30FA, 5, 0x30FF, 0x30FF, 5, 0x3105, 0x312F, 5,
            0x3131, 0x318E, 5, 0x31A0, 0x31BF, 5, 0x31F0, 0x31FF, 5, 0x3400, 0x4DBF, 5,
            0x4E00, 0xA014, 5, 0xA016, 0xA48C, 5, 0xA4D0, 0xA4F7, 5, 0xA500, 0xA60B, 5,
            0xA610, 0xA61F, 5, 0xA62A, 0xA62B, 5, 0xA66E, 0xA66E, 5, 0xA6A0, 0xA6E5, 5,
            0xA78F, 0xA78F, 5, 0xA7F7, 0xA7F7, 5, 0xA7FB, 0xA801, 5, 0xA803, 0xA805, 5,
            0xA807, 0xA80A, 5, 0xA80C, 0xA822, 5, 0xA840, 0xA873, 5, 0xA882, 0xA8B3, 5,
            0xA8F2, 0xA8F7, 5, 0xA8FB, 0xA8FB, 5, 0xA8FD, 0xA8FE, 5, 0xA90A, 0xA925, 5,
            0xA930, 0xA946, 5, 0xA960, 0xA97C, 5, 0xA984, 0xA9B2, 5, 0xA9E0, 0xA9E4, 5,
            0xA9E7, 0xA9EF, 5, 0xA9FA, 0xA9FE, 5, 0xAA00, 0xAA28, 5, 0xAA40, 0xAA42, 5,
            0xAA44, 0xAA4B, 5, 0xAA60, 0xAA6F, 5, 0xAA71, 0xAA76, 5, 0xAA7A, 0xAA7A, 5,
            0xAA7E, 0xAAAF, 5, 0xAAB1, 0xAAB1, 5, 0xAAB5, 0xAAB6, 5, 0xAAB9, 0xAABD, 5,
            0xAAC0, 0xAAC0, 5, 0xAAC2, 0xAAC2, 5, 0xAADB, 0xAADC, 5, 0xAAE0, 0xAAEA, 5,
        };
    }

    private static int[] rangeChunk6() {
        return new int[] {
            0xAAF2, 0xAAF2, 5, 0xAB01, 0xAB06, 5, 0xAB09, 0xAB0E, 5, 0xAB11, 0xAB16, 5,
            0xAB20, 0xAB26, 5, 0xAB28, 0xAB2E, 5, 0xABC0, 0xABE2, 5, 0xAC00, 0xD7A3, 5,
            0xD7B0, 0xD7C6, 5, 0xD7CB, 0xD7FB, 5, 0xF900, 0xFA6D, 5, 0xFA70, 0xFAD9, 5,
            0xFB1D, 0xFB1D, 5, 0xFB1F, 0xFB28, 5, 0xFB2A, 0xFB36, 5, 0xFB38, 0xFB3C, 5,
            0xFB3E, 0xFB3E, 5, 0xFB40, 0xFB41, 5, 0xFB43, 0xFB44, 5, 0xFB46, 0xFBB1, 5,
            0xFBD3, 0xFD3D, 5, 0xFD50, 0xFD8F, 5, 0xFD92, 0xFDC7, 5, 0xFDF0, 0xFDFB, 5,
            0xFE70, 0xFE74, 5, 0xFE76, 0xFEFC, 5, 0xFF66, 0xFF6F, 5, 0xFF71, 0xFF9D, 5,
            0xFFA0, 0xFFBE, 5, 0xFFC2, 0xFFC7, 5, 0xFFCA, 0xFFCF, 5, 0xFFD2, 0xFFD7, 5,
            0xFFDA, 0xFFDC, 5, 0x10000, 0x1000B, 5, 0x1000D, 0x10026, 5, 0x10028, 0x1003A, 5,
            0x1003C, 0x1003D, 5, 0x1003F, 0x1004D, 5, 0x10050, 0x1005D, 5, 0x10080, 0x100FA, 5,
            0x10280, 0x1029C, 5, 0x102A0, 0x102D0, 5, 0x10300, 0x1031F, 5, 0x1032D, 0x10340, 5,
            0x10342, 0x10349, 5, 0x10350, 0x10375, 5, 0x10380, 0x1039D, 5, 0x103A0, 0x103C3, 5,
            0x103C8, 0x103CF, 5, 0x10450, 0x1049D, 5, 0x10500, 0x10527, 5, 0x10530, 0x10563, 5,
            0x105C0, 0x105F3, 5, 0x10600, 0x10736, 5, 0x10740, 0x10755, 5, 0x10760, 0x10767, 5,
            0x10800, 0x10805, 5, 0x10808, 0x10808, 5, 0x1080A, 0x10835, 5, 0x10837, 0x10838, 5,
            0x1083C, 0x1083C, 5, 0x1083F, 0x10855, 5, 0x10860, 0x10876, 5, 0x10880, 0x1089E, 5,
            0x108E0, 0x108F2, 5, 0x108F4, 0x108F5, 5, 0x10900, 0x10915, 5, 0x10920, 0x10939, 5,
            0x10940, 0x10959, 5, 0x10980, 0x109B7, 5, 0x109BE, 0x109BF, 5, 0x10A00, 0x10A00, 5,
            0x10A10, 0x10A13, 5, 0x10A15, 0x10A17, 5, 0x10A19, 0x10A35, 5, 0x10A60, 0x10A7C, 5,
            0x10A80, 0x10A9C, 5, 0x10AC0, 0x10AC7, 5, 0x10AC9, 0x10AE4, 5, 0x10B00, 0x10B35, 5,
            0x10B40, 0x10B55, 5, 0x10B60, 0x10B72, 5, 0x10B80, 0x10B91, 5, 0x10C00, 0x10C48, 5,
            0x10D00, 0x10D23, 5, 0x10D4A, 0x10D4D, 5, 0x10D4F, 0x10D4F, 5, 0x10E80, 0x10EA9, 5,
            0x10EB0, 0x10EB1, 5, 0x10EC2, 0x10EC4, 5, 0x10EC6, 0x10EC7, 5, 0x10F00, 0x10F1C, 5,
            0x10F27, 0x10F27, 5, 0x10F30, 0x10F45, 5, 0x10F70, 0x10F81, 5, 0x10FB0, 0x10FC4, 5,
            0x10FE0, 0x10FF6, 5, 0x11003, 0x11037, 5, 0x11071, 0x11072, 5, 0x11075, 0x11075, 5,
            0x11083, 0x110AF, 5, 0x110D0, 0x110E8, 5, 0x11103, 0x11126, 5, 0x11144, 0x11144, 5,
            0x11147, 0x11147, 5, 0x11150, 0x11172, 5, 0x11176, 0x11176, 5, 0x11183, 0x111B2, 5,
            0x111C1, 0x111C4, 5, 0x111DA, 0x111DA, 5, 0x111DC, 0x111DC, 5, 0x11200, 0x11211, 5,
            0x11213, 0x1122B, 5, 0x1123F, 0x11240, 5, 0x11280, 0x11286, 5, 0x11288, 0x11288, 5,
            0x1128A, 0x1128D, 5, 0x1128F, 0x1129D, 5, 0x1129F, 0x112A8, 5, 0x112B0, 0x112DE, 5,
            0x11305, 0x1130C, 5, 0x1130F, 0x11310, 5, 0x11313, 0x11328, 5, 0x1132A, 0x11330, 5,
            0x11332, 0x11333, 5, 0x11335, 0x11339, 5, 0x1133D, 0x1133D, 5, 0x11350, 0x11350, 5,
            0x1135D, 0x11361, 5, 0x11380, 0x11389, 5, 0x1138B, 0x1138B, 5, 0x1138E, 0x1138E, 5,
            0x11390, 0x113B5, 5, 0x113B7, 0x113B7, 5, 0x113D1, 0x113D1, 5, 0x113D3, 0x113D3, 5,
            0x11400, 0x11434, 5, 0x11447, 0x1144A, 5, 0x1145F, 0x11461, 5, 0x11480, 0x114AF, 5,
            0x114C4, 0x114C5, 5, 0x114C7, 0x114C7, 5, 0x11580, 0x115AE, 5, 0x115D8, 0x115DB, 5,
            0x11600, 0x1162F, 5, 0x11644, 0x11644, 5, 0x11680, 0x116AA, 5, 0x116B8, 0x116B8, 5,
            0x11700, 0x1171A, 5, 0x11740, 0x11746, 5, 0x11800, 0x1182B, 5, 0x118FF, 0x11906, 5,
            0x11909, 0x11909, 5, 0x1190C, 0x11913, 5, 0x11915, 0x11916, 5, 0x11918, 0x1192F, 5,
            0x1193F, 0x1193F, 5, 0x11941, 0x11941, 5, 0x119A0, 0x119A7, 5, 0x119AA, 0x119D0, 5,
            0x119E1, 0x119E1, 5, 0x119E3, 0x119E3, 5, 0x11A00, 0x11A00, 5, 0x11A0B, 0x11A32, 5,
            0x11A3A, 0x11A3A, 5, 0x11A50, 0x11A50, 5, 0x11A5C, 0x11A89, 5, 0x11A9D, 0x11A9D, 5,
            0x11AB0, 0x11AF8, 5, 0x11BC0, 0x11BE0, 5, 0x11C00, 0x11C08, 5, 0x11C0A, 0x11C2E, 5,
            0x11C40, 0x11C40, 5, 0x11C72, 0x11C8F, 5, 0x11D00, 0x11D06, 5, 0x11D08, 0x11D09, 5,
            0x11D0B, 0x11D30, 5, 0x11D46, 0x11D46, 5, 0x11D60, 0x11D65, 5, 0x11D67, 0x11D68, 5,
            0x11D6A, 0x11D89, 5, 0x11D98, 0x11D98, 5, 0x11DB0, 0x11DD8, 5, 0x11DDA, 0x11DDB, 5,
            0x11EE0, 0x11EF2, 5, 0x11F02, 0x11F02, 5, 0x11F04, 0x11F10, 5, 0x11F12, 0x11F33, 5,
            0x11FB0, 0x11FB0, 5, 0x12000, 0x12399, 5, 0x12480, 0x12543, 5, 0x12F90, 0x12FF0, 5,
            0x13000, 0x1342F, 5, 0x13441, 0x13446, 5, 0x13460, 0x143FA, 5, 0x14400, 0x14646, 5,
            0x16100, 0x1611D, 5, 0x16800, 0x16A38, 5, 0x16A40, 0x16A5E, 5, 0x16A70, 0x16ABE, 5,
            0x16AD0, 0x16AED, 5, 0x16B00, 0x16B2F, 5, 0x16B63, 0x16B77, 5, 0x16B7D, 0x16B8F, 5,
            0x16D43, 0x16D6A, 5, 0x16F00, 0x16F4A, 5, 0x16F50, 0x16F50, 5, 0x17000, 0x18CD5, 5,
            0x18CFF, 0x18D1E, 5, 0x18D80, 0x18DF2, 5, 0x1B000, 0x1B122, 5, 0x1B132, 0x1B132, 5,
            0x1B150, 0x1B152, 5, 0x1B155, 0x1B155, 5, 0x1B164, 0x1B167, 5, 0x1B170, 0x1B2FB, 5,
            0x1BC00, 0x1BC6A, 5, 0x1BC70, 0x1BC7C, 5, 0x1BC80, 0x1BC88, 5, 0x1BC90, 0x1BC99, 5,
            0x1DF0A, 0x1DF0A, 5, 0x1E100, 0x1E12C, 5, 0x1E14E, 0x1E14E, 5, 0x1E290, 0x1E2AD, 5,
            0x1E2C0, 0x1E2EB, 5, 0x1E4D0, 0x1E4EA, 5, 0x1E5D0, 0x1E5ED, 5, 0x1E5F0, 0x1E5F0, 5,
            0x1E6C0, 0x1E6DE, 5, 0x1E6E0, 0x1E6E2, 5, 0x1E6E4, 0x1E6E5, 5, 0x1E6E7, 0x1E6ED, 5,
            0x1E6F0, 0x1E6F4, 5, 0x1E6FE, 0x1E6FE, 5, 0x1E7E0, 0x1E7E6, 5, 0x1E7E8, 0x1E7EB, 5,
            0x1E7ED, 0x1E7EE, 5, 0x1E7F0, 0x1E7FE, 5, 0x1E800, 0x1E8C4, 5, 0x1EE00, 0x1EE03, 5,
            0x1EE05, 0x1EE1F, 5, 0x1EE21, 0x1EE22, 5, 0x1EE24, 0x1EE24, 5, 0x1EE27, 0x1EE27, 5,
            0x1EE29, 0x1EE32, 5, 0x1EE34, 0x1EE37, 5, 0x1EE39, 0x1EE39, 5, 0x1EE3B, 0x1EE3B, 5,
            0x1EE42, 0x1EE42, 5, 0x1EE47, 0x1EE47, 5, 0x1EE49, 0x1EE49, 5, 0x1EE4B, 0x1EE4B, 5,
            0x1EE4D, 0x1EE4F, 5, 0x1EE51, 0x1EE52, 5, 0x1EE54, 0x1EE54, 5, 0x1EE57, 0x1EE57, 5,
            0x1EE59, 0x1EE59, 5, 0x1EE5B, 0x1EE5B, 5, 0x1EE5D, 0x1EE5D, 5, 0x1EE5F, 0x1EE5F, 5,
            0x1EE61, 0x1EE62, 5, 0x1EE64, 0x1EE64, 5, 0x1EE67, 0x1EE6A, 5, 0x1EE6C, 0x1EE72, 5,
            0x1EE74, 0x1EE77, 5, 0x1EE79, 0x1EE7C, 5, 0x1EE7E, 0x1EE7E, 5, 0x1EE80, 0x1EE89, 5,
            0x1EE8B, 0x1EE9B, 5, 0x1EEA1, 0x1EEA3, 5, 0x1EEA5, 0x1EEA9, 5, 0x1EEAB, 0x1EEBB, 5,
            0x20000, 0x2A6DF, 5, 0x2A700, 0x2B81D, 5, 0x2B820, 0x2CEAD, 5, 0x2CEB0, 0x2EBE0, 5,
            0x2EBF0, 0x2EE5D, 5, 0x2F800, 0x2FA1D, 5, 0x30000, 0x3134A, 5, 0x31350, 0x33479, 5,
            0x300, 0x36F, 6, 0x483, 0x487, 6, 0x591, 0x5BD, 6, 0x5BF, 0x5BF, 6,
            0x5C1, 0x5C2, 6, 0x5C4, 0x5C5, 6, 0x5C7, 0x5C7, 6, 0x610, 0x61A, 6,
            0x64B, 0x65F, 6, 0x670, 0x670, 6, 0x6D6, 0x6DC, 6, 0x6DF, 0x6E4, 6,
            0x6E7, 0x6E8, 6, 0x6EA, 0x6ED, 6, 0x711, 0x711, 6, 0x730, 0x74A, 6,
            0x7A6, 0x7B0, 6, 0x7EB, 0x7F3, 6, 0x7FD, 0x7FD, 6, 0x816, 0x819, 6,
            0x81B, 0x823, 6, 0x825, 0x827, 6, 0x829, 0x82D, 6, 0x859, 0x85B, 6,
            0x897, 0x89F, 6, 0x8CA, 0x8E1, 6, 0x8E3, 0x902, 6, 0x93A, 0x93A, 6,
            0x93C, 0x93C, 6, 0x941, 0x948, 6, 0x94D, 0x94D, 6, 0x951, 0x957, 6,
            0x962, 0x963, 6, 0x981, 0x981, 6, 0x9BC, 0x9BC, 6, 0x9C1, 0x9C4, 6,
            0x9CD, 0x9CD, 6, 0x9E2, 0x9E3, 6, 0x9FE, 0x9FE, 6, 0xA01, 0xA02, 6,
            0xA3C, 0xA3C, 6, 0xA41, 0xA42, 6, 0xA47, 0xA48, 6, 0xA4B, 0xA4D, 6,
            0xA51, 0xA51, 6, 0xA70, 0xA71, 6, 0xA75, 0xA75, 6, 0xA81, 0xA82, 6,
            0xABC, 0xABC, 6, 0xAC1, 0xAC5, 6, 0xAC7, 0xAC8, 6, 0xACD, 0xACD, 6,
            0xAE2, 0xAE3, 6, 0xAFA, 0xAFF, 6, 0xB01, 0xB01, 6, 0xB3C, 0xB3C, 6,
            0xB3F, 0xB3F, 6, 0xB41, 0xB44, 6, 0xB4D, 0xB4D, 6, 0xB55, 0xB56, 6,
            0xB62, 0xB63, 6, 0xB82, 0xB82, 6, 0xBC0, 0xBC0, 6, 0xBCD, 0xBCD, 6,
            0xC00, 0xC00, 6, 0xC04, 0xC04, 6, 0xC3C, 0xC3C, 6, 0xC3E, 0xC40, 6,
            0xC46, 0xC48, 6, 0xC4A, 0xC4D, 6, 0xC55, 0xC56, 6, 0xC62, 0xC63, 6,
            0xC81, 0xC81, 6, 0xCBC, 0xCBC, 6, 0xCBF, 0xCBF, 6, 0xCC6, 0xCC6, 6,
            0xCCC, 0xCCD, 6, 0xCE2, 0xCE3, 6, 0xD00, 0xD01, 6, 0xD3B, 0xD3C, 6,
            0xD41, 0xD44, 6, 0xD4D, 0xD4D, 6, 0xD62, 0xD63, 6, 0xD81, 0xD81, 6,
            0xDCA, 0xDCA, 6, 0xDD2, 0xDD4, 6, 0xDD6, 0xDD6, 6, 0xE31, 0xE31, 6,
            0xE34, 0xE3A, 6, 0xE47, 0xE4E, 6, 0xEB1, 0xEB1, 6, 0xEB4, 0xEBC, 6,
            0xEC8, 0xECE, 6, 0xF18, 0xF19, 6, 0xF35, 0xF35, 6, 0xF37, 0xF37, 6,
            0xF39, 0xF39, 6, 0xF71, 0xF7E, 6, 0xF80, 0xF84, 6, 0xF86, 0xF87, 6,
            0xF8D, 0xF97, 6, 0xF99, 0xFBC, 6, 0xFC6, 0xFC6, 6, 0x102D, 0x1030, 6,
            0x1032, 0x1037, 6, 0x1039, 0x103A, 6, 0x103D, 0x103E, 6, 0x1058, 0x1059, 6,
            0x105E, 0x1060, 6, 0x1071, 0x1074, 6, 0x1082, 0x1082, 6, 0x1085, 0x1086, 6,
            0x108D, 0x108D, 6, 0x109D, 0x109D, 6, 0x135D, 0x135F, 6, 0x1712, 0x1714, 6,
            0x1732, 0x1733, 6, 0x1752, 0x1753, 6, 0x1772, 0x1773, 6, 0x17B4, 0x17B5, 6,
        };
    }

    private static int[] rangeChunk7() {
        return new int[] {
            0x17B7, 0x17BD, 6, 0x17C6, 0x17C6, 6, 0x17C9, 0x17D3, 6, 0x17DD, 0x17DD, 6,
            0x180B, 0x180D, 6, 0x180F, 0x180F, 6, 0x1885, 0x1886, 6, 0x18A9, 0x18A9, 6,
            0x1920, 0x1922, 6, 0x1927, 0x1928, 6, 0x1932, 0x1932, 6, 0x1939, 0x193B, 6,
            0x1A17, 0x1A18, 6, 0x1A1B, 0x1A1B, 6, 0x1A56, 0x1A56, 6, 0x1A58, 0x1A5E, 6,
            0x1A60, 0x1A60, 6, 0x1A62, 0x1A62, 6, 0x1A65, 0x1A6C, 6, 0x1A73, 0x1A7C, 6,
            0x1A7F, 0x1A7F, 6, 0x1AB0, 0x1ABD, 6, 0x1ABF, 0x1ADD, 6, 0x1AE0, 0x1AEB, 6,
            0x1B00, 0x1B03, 6, 0x1B34, 0x1B34, 6, 0x1B36, 0x1B3A, 6, 0x1B3C, 0x1B3C, 6,
            0x1B42, 0x1B42, 6, 0x1B6B, 0x1B73, 6, 0x1B80, 0x1B81, 6, 0x1BA2, 0x1BA5, 6,
            0x1BA8, 0x1BA9, 6, 0x1BAB, 0x1BAD, 6, 0x1BE6, 0x1BE6, 6, 0x1BE8, 0x1BE9, 6,
            0x1BED, 0x1BED, 6, 0x1BEF, 0x1BF1, 6, 0x1C2C, 0x1C33, 6, 0x1C36, 0x1C37, 6,
            0x1CD0, 0x1CD2, 6, 0x1CD4, 0x1CE0, 6, 0x1CE2, 0x1CE8, 6, 0x1CED, 0x1CED, 6,
            0x1CF4, 0x1CF4, 6, 0x1CF8, 0x1CF9, 6, 0x1DC0, 0x1DFF, 6, 0x20D0, 0x20DC, 6,
            0x20E1, 0x20E1, 6, 0x20E5, 0x20F0, 6, 0x2CEF, 0x2CF1, 6, 0x2D7F, 0x2D7F, 6,
            0x2DE0, 0x2DFF, 6, 0x302A, 0x302D, 6, 0x3099, 0x309A, 6, 0xA66F, 0xA66F, 6,
            0xA674, 0xA67D, 6, 0xA69E, 0xA69F, 6, 0xA6F0, 0xA6F1, 6, 0xA802, 0xA802, 6,
            0xA806, 0xA806, 6, 0xA80B, 0xA80B, 6, 0xA825, 0xA826, 6, 0xA82C, 0xA82C, 6,
            0xA8C4, 0xA8C5, 6, 0xA8E0, 0xA8F1, 6, 0xA8FF, 0xA8FF, 6, 0xA926, 0xA92D, 6,
            0xA947, 0xA951, 6, 0xA980, 0xA982, 6, 0xA9B3, 0xA9B3, 6, 0xA9B6, 0xA9B9, 6,
            0xA9BC, 0xA9BD, 6, 0xA9E5, 0xA9E5, 6, 0xAA29, 0xAA2E, 6, 0xAA31, 0xAA32, 6,
            0xAA35, 0xAA36, 6, 0xAA43, 0xAA43, 6, 0xAA4C, 0xAA4C, 6, 0xAA7C, 0xAA7C, 6,
            0xAAB0, 0xAAB0, 6, 0xAAB2, 0xAAB4, 6, 0xAAB7, 0xAAB8, 6, 0xAABE, 0xAABF, 6,
            0xAAC1, 0xAAC1, 6, 0xAAEC, 0xAAED, 6, 0xAAF6, 0xAAF6, 6, 0xABE5, 0xABE5, 6,
            0xABE8, 0xABE8, 6, 0xABED, 0xABED, 6, 0xFB1E, 0xFB1E, 6, 0xFE00, 0xFE0F, 6,
            0xFE20, 0xFE2F, 6, 0x101FD, 0x101FD, 6, 0x102E0, 0x102E0, 6, 0x10376, 0x1037A, 6,
            0x10A01, 0x10A03, 6, 0x10A05, 0x10A06, 6, 0x10A0C, 0x10A0F, 6, 0x10A38, 0x10A3A, 6,
            0x10A3F, 0x10A3F, 6, 0x10AE5, 0x10AE6, 6, 0x10D24, 0x10D27, 6, 0x10D69, 0x10D6D, 6,
            0x10EAB, 0x10EAC, 6, 0x10EFA, 0x10EFF, 6, 0x10F46, 0x10F50, 6, 0x10F82, 0x10F85, 6,
            0x11001, 0x11001, 6, 0x11038, 0x11046, 6, 0x11070, 0x11070, 6, 0x11073, 0x11074, 6,
            0x1107F, 0x11081, 6, 0x110B3, 0x110B6, 6, 0x110B9, 0x110BA, 6, 0x110C2, 0x110C2, 6,
            0x11100, 0x11102, 6, 0x11127, 0x1112B, 6, 0x1112D, 0x11134, 6, 0x11173, 0x11173, 6,
            0x11180, 0x11181, 6, 0x111B6, 0x111BE, 6, 0x111C9, 0x111CC, 6, 0x111CF, 0x111CF, 6,
            0x1122F, 0x11231, 6, 0x11234, 0x11234, 6, 0x11236, 0x11237, 6, 0x1123E, 0x1123E, 6,
            0x11241, 0x11241, 6, 0x112DF, 0x112DF, 6, 0x112E3, 0x112EA, 6, 0x11300, 0x11301, 6,
            0x1133B, 0x1133C, 6, 0x11340, 0x11340, 6, 0x11366, 0x1136C, 6, 0x11370, 0x11374, 6,
            0x113BB, 0x113C0, 6, 0x113CE, 0x113CE, 6, 0x113D0, 0x113D0, 6, 0x113D2, 0x113D2, 6,
            0x113E1, 0x113E2, 6, 0x11438, 0x1143F, 6, 0x11442, 0x11444, 6, 0x11446, 0x11446, 6,
            0x1145E, 0x1145E, 6, 0x114B3, 0x114B8, 6, 0x114BA, 0x114BA, 6, 0x114BF, 0x114C0, 6,
            0x114C2, 0x114C3, 6, 0x115B2, 0x115B5, 6, 0x115BC, 0x115BD, 6, 0x115BF, 0x115C0, 6,
            0x115DC, 0x115DD, 6, 0x11633, 0x1163A, 6, 0x1163D, 0x1163D, 6, 0x1163F, 0x11640, 6,
            0x116AB, 0x116AB, 6, 0x116AD, 0x116AD, 6, 0x116B0, 0x116B5, 6, 0x116B7, 0x116B7, 6,
            0x1171D, 0x1171D, 6, 0x1171F, 0x1171F, 6, 0x11722, 0x11725, 6, 0x11727, 0x1172B, 6,
            0x1182F, 0x11837, 6, 0x11839, 0x1183A, 6, 0x1193B, 0x1193C, 6, 0x1193E, 0x1193E, 6,
            0x11943, 0x11943, 6, 0x119D4, 0x119D7, 6, 0x119DA, 0x119DB, 6, 0x119E0, 0x119E0, 6,
            0x11A01, 0x11A0A, 6, 0x11A33, 0x11A38, 6, 0x11A3B, 0x11A3E, 6, 0x11A47, 0x11A47, 6,
            0x11A51, 0x11A56, 6, 0x11A59, 0x11A5B, 6, 0x11A8A, 0x11A96, 6, 0x11A98, 0x11A99, 6,
            0x11B60, 0x11B60, 6, 0x11B62, 0x11B64, 6, 0x11B66, 0x11B66, 6, 0x11C30, 0x11C36, 6,
            0x11C38, 0x11C3D, 6, 0x11C3F, 0x11C3F, 6, 0x11C92, 0x11CA7, 6, 0x11CAA, 0x11CB0, 6,
            0x11CB2, 0x11CB3, 6, 0x11CB5, 0x11CB6, 6, 0x11D31, 0x11D36, 6, 0x11D3A, 0x11D3A, 6,
            0x11D3C, 0x11D3D, 6, 0x11D3F, 0x11D45, 6, 0x11D47, 0x11D47, 6, 0x11D90, 0x11D91, 6,
            0x11D95, 0x11D95, 6, 0x11D97, 0x11D97, 6, 0x11EF3, 0x11EF4, 6, 0x11F00, 0x11F01, 6,
            0x11F36, 0x11F3A, 6, 0x11F40, 0x11F40, 6, 0x11F42, 0x11F42, 6, 0x11F5A, 0x11F5A, 6,
            0x13440, 0x13440, 6, 0x13447, 0x13455, 6, 0x1611E, 0x16129, 6, 0x1612D, 0x1612F, 6,
            0x16AF0, 0x16AF4, 6, 0x16B30, 0x16B36, 6, 0x16F4F, 0x16F4F, 6, 0x16F8F, 0x16F92, 6,
            0x16FE4, 0x16FE4, 6, 0x1BC9D, 0x1BC9E, 6, 0x1CF00, 0x1CF2D, 6, 0x1CF30, 0x1CF46, 6,
            0x1D167, 0x1D169, 6, 0x1D17B, 0x1D182, 6, 0x1D185, 0x1D18B, 6, 0x1D1AA, 0x1D1AD, 6,
            0x1D242, 0x1D244, 6, 0x1DA00, 0x1DA36, 6, 0x1DA3B, 0x1DA6C, 6, 0x1DA75, 0x1DA75, 6,
            0x1DA84, 0x1DA84, 6, 0x1DA9B, 0x1DA9F, 6, 0x1DAA1, 0x1DAAF, 6, 0x1E000, 0x1E006, 6,
            0x1E008, 0x1E018, 6, 0x1E01B, 0x1E021, 6, 0x1E023, 0x1E024, 6, 0x1E026, 0x1E02A, 6,
            0x1E08F, 0x1E08F, 6, 0x1E130, 0x1E136, 6, 0x1E2AE, 0x1E2AE, 6, 0x1E2EC, 0x1E2EF, 6,
            0x1E4EC, 0x1E4EF, 6, 0x1E5EE, 0x1E5EF, 6, 0x1E6E3, 0x1E6E3, 6, 0x1E6E6, 0x1E6E6, 6,
            0x1E6EE, 0x1E6EF, 6, 0x1E6F5, 0x1E6F5, 6, 0x1E8D0, 0x1E8D6, 6, 0x1E944, 0x1E94A, 6,
            0xE0100, 0xE01EF, 6, 0x488, 0x489, 7, 0x1ABE, 0x1ABE, 7, 0x20DD, 0x20E0, 7,
            0x20E2, 0x20E4, 7, 0xA670, 0xA672, 7, 0x903, 0x903, 8, 0x93B, 0x93B, 8,
            0x93E, 0x940, 8, 0x949, 0x94C, 8, 0x94E, 0x94F, 8, 0x982, 0x983, 8,
            0x9BE, 0x9C0, 8, 0x9C7, 0x9C8, 8, 0x9CB, 0x9CC, 8, 0x9D7, 0x9D7, 8,
            0xA03, 0xA03, 8, 0xA3E, 0xA40, 8, 0xA83, 0xA83, 8, 0xABE, 0xAC0, 8,
            0xAC9, 0xAC9, 8, 0xACB, 0xACC, 8, 0xB02, 0xB03, 8, 0xB3E, 0xB3E, 8,
            0xB40, 0xB40, 8, 0xB47, 0xB48, 8, 0xB4B, 0xB4C, 8, 0xB57, 0xB57, 8,
            0xBBE, 0xBBF, 8, 0xBC1, 0xBC2, 8, 0xBC6, 0xBC8, 8, 0xBCA, 0xBCC, 8,
            0xBD7, 0xBD7, 8, 0xC01, 0xC03, 8, 0xC41, 0xC44, 8, 0xC82, 0xC83, 8,
            0xCBE, 0xCBE, 8, 0xCC0, 0xCC4, 8, 0xCC7, 0xCC8, 8, 0xCCA, 0xCCB, 8,
            0xCD5, 0xCD6, 8, 0xCF3, 0xCF3, 8, 0xD02, 0xD03, 8, 0xD3E, 0xD40, 8,
            0xD46, 0xD48, 8, 0xD4A, 0xD4C, 8, 0xD57, 0xD57, 8, 0xD82, 0xD83, 8,
            0xDCF, 0xDD1, 8, 0xDD8, 0xDDF, 8, 0xDF2, 0xDF3, 8, 0xF3E, 0xF3F, 8,
            0xF7F, 0xF7F, 8, 0x102B, 0x102C, 8, 0x1031, 0x1031, 8, 0x1038, 0x1038, 8,
            0x103B, 0x103C, 8, 0x1056, 0x1057, 8, 0x1062, 0x1064, 8, 0x1067, 0x106D, 8,
            0x1083, 0x1084, 8, 0x1087, 0x108C, 8, 0x108F, 0x108F, 8, 0x109A, 0x109C, 8,
            0x1715, 0x1715, 8, 0x1734, 0x1734, 8, 0x17B6, 0x17B6, 8, 0x17BE, 0x17C5, 8,
            0x17C7, 0x17C8, 8, 0x1923, 0x1926, 8, 0x1929, 0x192B, 8, 0x1930, 0x1931, 8,
            0x1933, 0x1938, 8, 0x1A19, 0x1A1A, 8, 0x1A55, 0x1A55, 8, 0x1A57, 0x1A57, 8,
            0x1A61, 0x1A61, 8, 0x1A63, 0x1A64, 8, 0x1A6D, 0x1A72, 8, 0x1B04, 0x1B04, 8,
            0x1B35, 0x1B35, 8, 0x1B3B, 0x1B3B, 8, 0x1B3D, 0x1B41, 8, 0x1B43, 0x1B44, 8,
            0x1B82, 0x1B82, 8, 0x1BA1, 0x1BA1, 8, 0x1BA6, 0x1BA7, 8, 0x1BAA, 0x1BAA, 8,
            0x1BE7, 0x1BE7, 8, 0x1BEA, 0x1BEC, 8, 0x1BEE, 0x1BEE, 8, 0x1BF2, 0x1BF3, 8,
            0x1C24, 0x1C2B, 8, 0x1C34, 0x1C35, 8, 0x1CE1, 0x1CE1, 8, 0x1CF7, 0x1CF7, 8,
            0x302E, 0x302F, 8, 0xA823, 0xA824, 8, 0xA827, 0xA827, 8, 0xA880, 0xA881, 8,
            0xA8B4, 0xA8C3, 8, 0xA952, 0xA953, 8, 0xA983, 0xA983, 8, 0xA9B4, 0xA9B5, 8,
            0xA9BA, 0xA9BB, 8, 0xA9BE, 0xA9C0, 8, 0xAA2F, 0xAA30, 8, 0xAA33, 0xAA34, 8,
            0xAA4D, 0xAA4D, 8, 0xAA7B, 0xAA7B, 8, 0xAA7D, 0xAA7D, 8, 0xAAEB, 0xAAEB, 8,
            0xAAEE, 0xAAEF, 8, 0xAAF5, 0xAAF5, 8, 0xABE3, 0xABE4, 8, 0xABE6, 0xABE7, 8,
            0xABE9, 0xABEA, 8, 0xABEC, 0xABEC, 8, 0x11000, 0x11000, 8, 0x11002, 0x11002, 8,
            0x11082, 0x11082, 8, 0x110B0, 0x110B2, 8, 0x110B7, 0x110B8, 8, 0x1112C, 0x1112C, 8,
            0x11145, 0x11146, 8, 0x11182, 0x11182, 8, 0x111B3, 0x111B5, 8, 0x111BF, 0x111C0, 8,
            0x111CE, 0x111CE, 8, 0x1122C, 0x1122E, 8, 0x11232, 0x11233, 8, 0x11235, 0x11235, 8,
            0x112E0, 0x112E2, 8, 0x11302, 0x11303, 8, 0x1133E, 0x1133F, 8, 0x11341, 0x11344, 8,
            0x11347, 0x11348, 8, 0x1134B, 0x1134D, 8, 0x11357, 0x11357, 8, 0x11362, 0x11363, 8,
            0x113B8, 0x113BA, 8, 0x113C2, 0x113C2, 8, 0x113C5, 0x113C5, 8, 0x113C7, 0x113CA, 8,
            0x113CC, 0x113CD, 8, 0x113CF, 0x113CF, 8, 0x11435, 0x11437, 8, 0x11440, 0x11441, 8,
            0x11445, 0x11445, 8, 0x114B0, 0x114B2, 8, 0x114B9, 0x114B9, 8, 0x114BB, 0x114BE, 8,
            0x114C1, 0x114C1, 8, 0x115AF, 0x115B1, 8, 0x115B8, 0x115BB, 8, 0x115BE, 0x115BE, 8,
        };
    }

    private static int[] rangeChunk8() {
        return new int[] {
            0x11630, 0x11632, 8, 0x1163B, 0x1163C, 8, 0x1163E, 0x1163E, 8, 0x116AC, 0x116AC, 8,
            0x116AE, 0x116AF, 8, 0x116B6, 0x116B6, 8, 0x1171E, 0x1171E, 8, 0x11720, 0x11721, 8,
            0x11726, 0x11726, 8, 0x1182C, 0x1182E, 8, 0x11838, 0x11838, 8, 0x11930, 0x11935, 8,
            0x11937, 0x11938, 8, 0x1193D, 0x1193D, 8, 0x11940, 0x11940, 8, 0x11942, 0x11942, 8,
            0x119D1, 0x119D3, 8, 0x119DC, 0x119DF, 8, 0x119E4, 0x119E4, 8, 0x11A39, 0x11A39, 8,
            0x11A57, 0x11A58, 8, 0x11A97, 0x11A97, 8, 0x11B61, 0x11B61, 8, 0x11B65, 0x11B65, 8,
            0x11B67, 0x11B67, 8, 0x11C2F, 0x11C2F, 8, 0x11C3E, 0x11C3E, 8, 0x11CA9, 0x11CA9, 8,
            0x11CB1, 0x11CB1, 8, 0x11CB4, 0x11CB4, 8, 0x11D8A, 0x11D8E, 8, 0x11D93, 0x11D94, 8,
            0x11D96, 0x11D96, 8, 0x11EF5, 0x11EF6, 8, 0x11F03, 0x11F03, 8, 0x11F34, 0x11F35, 8,
            0x11F3E, 0x11F3F, 8, 0x11F41, 0x11F41, 8, 0x1612A, 0x1612C, 8, 0x16F51, 0x16F87, 8,
            0x16FF0, 0x16FF1, 8, 0x1D165, 0x1D166, 8, 0x1D16D, 0x1D172, 8, 0x30, 0x39, 9,
            0x660, 0x669, 9, 0x6F0, 0x6F9, 9, 0x7C0, 0x7C9, 9, 0x966, 0x96F, 9,
            0x9E6, 0x9EF, 9, 0xA66, 0xA6F, 9, 0xAE6, 0xAEF, 9, 0xB66, 0xB6F, 9,
            0xBE6, 0xBEF, 9, 0xC66, 0xC6F, 9, 0xCE6, 0xCEF, 9, 0xD66, 0xD6F, 9,
            0xDE6, 0xDEF, 9, 0xE50, 0xE59, 9, 0xED0, 0xED9, 9, 0xF20, 0xF29, 9,
            0x1040, 0x1049, 9, 0x1090, 0x1099, 9, 0x17E0, 0x17E9, 9, 0x1810, 0x1819, 9,
            0x1946, 0x194F, 9, 0x19D0, 0x19D9, 9, 0x1A80, 0x1A89, 9, 0x1A90, 0x1A99, 9,
            0x1B50, 0x1B59, 9, 0x1BB0, 0x1BB9, 9, 0x1C40, 0x1C49, 9, 0x1C50, 0x1C59, 9,
            0xA620, 0xA629, 9, 0xA8D0, 0xA8D9, 9, 0xA900, 0xA909, 9, 0xA9D0, 0xA9D9, 9,
            0xA9F0, 0xA9F9, 9, 0xAA50, 0xAA59, 9, 0xABF0, 0xABF9, 9, 0xFF10, 0xFF19, 9,
            0x104A0, 0x104A9, 9, 0x10D30, 0x10D39, 9, 0x10D40, 0x10D49, 9, 0x11066, 0x1106F, 9,
            0x110F0, 0x110F9, 9, 0x11136, 0x1113F, 9, 0x111D0, 0x111D9, 9, 0x112F0, 0x112F9, 9,
            0x11450, 0x11459, 9, 0x114D0, 0x114D9, 9, 0x11650, 0x11659, 9, 0x116C0, 0x116C9, 9,
            0x116D0, 0x116E3, 9, 0x11730, 0x11739, 9, 0x118E0, 0x118E9, 9, 0x11950, 0x11959, 9,
            0x11BF0, 0x11BF9, 9, 0x11C50, 0x11C59, 9, 0x11D50, 0x11D59, 9, 0x11DA0, 0x11DA9, 9,
            0x11DE0, 0x11DE9, 9, 0x11F50, 0x11F59, 9, 0x16130, 0x16139, 9, 0x16A60, 0x16A69, 9,
            0x16AC0, 0x16AC9, 9, 0x16B50, 0x16B59, 9, 0x16D70, 0x16D79, 9, 0x1CCF0, 0x1CCF9, 9,
            0x1D7CE, 0x1D7FF, 9, 0x1E140, 0x1E149, 9, 0x1E2F0, 0x1E2F9, 9, 0x1E4F0, 0x1E4F9, 9,
            0x1E5F1, 0x1E5FA, 9, 0x1E950, 0x1E959, 9, 0x1FBF0, 0x1FBF9, 9, 0x16EE, 0x16F0, 10,
            0x2160, 0x2182, 10, 0x2185, 0x2188, 10, 0x3007, 0x3007, 10, 0x3021, 0x3029, 10,
            0x3038, 0x303A, 10, 0xA6E6, 0xA6EF, 10, 0x10140, 0x10174, 10, 0x10341, 0x10341, 10,
            0x1034A, 0x1034A, 10, 0x103D1, 0x103D5, 10, 0x12400, 0x1246E, 10, 0x16FF4, 0x16FF6, 10,
            0xB2, 0xB3, 11, 0xB9, 0xB9, 11, 0xBC, 0xBE, 11, 0x9F4, 0x9F9, 11,
            0xB72, 0xB77, 11, 0xBF0, 0xBF2, 11, 0xC78, 0xC7E, 11, 0xD58, 0xD5E, 11,
            0xD70, 0xD78, 11, 0xF2A, 0xF33, 11, 0x1369, 0x137C, 11, 0x17F0, 0x17F9, 11,
            0x19DA, 0x19DA, 11, 0x2070, 0x2070, 11, 0x2074, 0x2079, 11, 0x2080, 0x2089, 11,
            0x2150, 0x215F, 11, 0x2189, 0x2189, 11, 0x2460, 0x249B, 11, 0x24EA, 0x24FF, 11,
            0x2776, 0x2793, 11, 0x2CFD, 0x2CFD, 11, 0x3192, 0x3195, 11, 0x3220, 0x3229, 11,
            0x3248, 0x324F, 11, 0x3251, 0x325F, 11, 0x3280, 0x3289, 11, 0x32B1, 0x32BF, 11,
            0xA830, 0xA835, 11, 0x10107, 0x10133, 11, 0x10175, 0x10178, 11, 0x1018A, 0x1018B, 11,
            0x102E1, 0x102FB, 11, 0x10320, 0x10323, 11, 0x10858, 0x1085F, 11, 0x10879, 0x1087F, 11,
            0x108A7, 0x108AF, 11, 0x108FB, 0x108FF, 11, 0x10916, 0x1091B, 11, 0x109BC, 0x109BD, 11,
            0x109C0, 0x109CF, 11, 0x109D2, 0x109FF, 11, 0x10A40, 0x10A48, 11, 0x10A7D, 0x10A7E, 11,
            0x10A9D, 0x10A9F, 11, 0x10AEB, 0x10AEF, 11, 0x10B58, 0x10B5F, 11, 0x10B78, 0x10B7F, 11,
            0x10BA9, 0x10BAF, 11, 0x10CFA, 0x10CFF, 11, 0x10E60, 0x10E7E, 11, 0x10F1D, 0x10F26, 11,
            0x10F51, 0x10F54, 11, 0x10FC5, 0x10FCB, 11, 0x11052, 0x11065, 11, 0x111E1, 0x111F4, 11,
            0x1173A, 0x1173B, 11, 0x118EA, 0x118F2, 11, 0x11C5A, 0x11C6C, 11, 0x11FC0, 0x11FD4, 11,
            0x16B5B, 0x16B61, 11, 0x16E80, 0x16E96, 11, 0x1D2C0, 0x1D2D3, 11, 0x1D2E0, 0x1D2F3, 11,
            0x1D360, 0x1D378, 11, 0x1E8C7, 0x1E8CF, 11, 0x1EC71, 0x1ECAB, 11, 0x1ECAD, 0x1ECAF, 11,
            0x1ECB1, 0x1ECB4, 11, 0x1ED01, 0x1ED2D, 11, 0x1ED2F, 0x1ED3D, 11, 0x1F100, 0x1F10C, 11,
            0x20, 0x20, 12, 0xA0, 0xA0, 12, 0x1680, 0x1680, 12, 0x2000, 0x200A, 12,
            0x202F, 0x202F, 12, 0x205F, 0x205F, 12, 0x3000, 0x3000, 12, 0x2028, 0x2028, 13,
            0x2029, 0x2029, 14, 0x0, 0x1F, 15, 0x7F, 0x9F, 15, 0xAD, 0xAD, 16,
            0x600, 0x605, 16, 0x61C, 0x61C, 16, 0x6DD, 0x6DD, 16, 0x70F, 0x70F, 16,
            0x890, 0x891, 16, 0x8E2, 0x8E2, 16, 0x180E, 0x180E, 16, 0x200B, 0x200F, 16,
            0x202A, 0x202E, 16, 0x2060, 0x2064, 16, 0x2066, 0x206F, 16, 0xFEFF, 0xFEFF, 16,
            0xFFF9, 0xFFFB, 16, 0x110BD, 0x110BD, 16, 0x110CD, 0x110CD, 16, 0x13430, 0x1343F, 16,
            0x1BCA0, 0x1BCA3, 16, 0x1D173, 0x1D17A, 16, 0xE0001, 0xE0001, 16, 0xE0020, 0xE007F, 16,
            0xE000, 0xF8FF, 17, 0xF0000, 0xFFFFD, 17, 0x100000, 0x10FFFD, 17, 0xD800, 0xDFFF, 18,
            0x2D, 0x2D, 19, 0x58A, 0x58A, 19, 0x5BE, 0x5BE, 19, 0x1400, 0x1400, 19,
            0x1806, 0x1806, 19, 0x2010, 0x2015, 19, 0x2E17, 0x2E17, 19, 0x2E1A, 0x2E1A, 19,
            0x2E3A, 0x2E3B, 19, 0x2E40, 0x2E40, 19, 0x2E5D, 0x2E5D, 19, 0x301C, 0x301C, 19,
            0x3030, 0x3030, 19, 0x30A0, 0x30A0, 19, 0xFE31, 0xFE32, 19, 0xFE58, 0xFE58, 19,
            0xFE63, 0xFE63, 19, 0xFF0D, 0xFF0D, 19, 0x10D6E, 0x10D6E, 19, 0x10EAD, 0x10EAD, 19,
            0x28, 0x28, 20, 0x5B, 0x5B, 20, 0x7B, 0x7B, 20, 0xF3A, 0xF3A, 20,
            0xF3C, 0xF3C, 20, 0x169B, 0x169B, 20, 0x201A, 0x201A, 20, 0x201E, 0x201E, 20,
            0x2045, 0x2045, 20, 0x207D, 0x207D, 20, 0x208D, 0x208D, 20, 0x2308, 0x2308, 20,
            0x230A, 0x230A, 20, 0x2329, 0x2329, 20, 0x2768, 0x2768, 20, 0x276A, 0x276A, 20,
            0x276C, 0x276C, 20, 0x276E, 0x276E, 20, 0x2770, 0x2770, 20, 0x2772, 0x2772, 20,
            0x2774, 0x2774, 20, 0x27C5, 0x27C5, 20, 0x27E6, 0x27E6, 20, 0x27E8, 0x27E8, 20,
            0x27EA, 0x27EA, 20, 0x27EC, 0x27EC, 20, 0x27EE, 0x27EE, 20, 0x2983, 0x2983, 20,
            0x2985, 0x2985, 20, 0x2987, 0x2987, 20, 0x2989, 0x2989, 20, 0x298B, 0x298B, 20,
            0x298D, 0x298D, 20, 0x298F, 0x298F, 20, 0x2991, 0x2991, 20, 0x2993, 0x2993, 20,
            0x2995, 0x2995, 20, 0x2997, 0x2997, 20, 0x29D8, 0x29D8, 20, 0x29DA, 0x29DA, 20,
            0x29FC, 0x29FC, 20, 0x2E22, 0x2E22, 20, 0x2E24, 0x2E24, 20, 0x2E26, 0x2E26, 20,
            0x2E28, 0x2E28, 20, 0x2E42, 0x2E42, 20, 0x2E55, 0x2E55, 20, 0x2E57, 0x2E57, 20,
            0x2E59, 0x2E59, 20, 0x2E5B, 0x2E5B, 20, 0x3008, 0x3008, 20, 0x300A, 0x300A, 20,
            0x300C, 0x300C, 20, 0x300E, 0x300E, 20, 0x3010, 0x3010, 20, 0x3014, 0x3014, 20,
            0x3016, 0x3016, 20, 0x3018, 0x3018, 20, 0x301A, 0x301A, 20, 0x301D, 0x301D, 20,
            0xFD3F, 0xFD3F, 20, 0xFE17, 0xFE17, 20, 0xFE35, 0xFE35, 20, 0xFE37, 0xFE37, 20,
            0xFE39, 0xFE39, 20, 0xFE3B, 0xFE3B, 20, 0xFE3D, 0xFE3D, 20, 0xFE3F, 0xFE3F, 20,
            0xFE41, 0xFE41, 20, 0xFE43, 0xFE43, 20, 0xFE47, 0xFE47, 20, 0xFE59, 0xFE59, 20,
            0xFE5B, 0xFE5B, 20, 0xFE5D, 0xFE5D, 20, 0xFF08, 0xFF08, 20, 0xFF3B, 0xFF3B, 20,
            0xFF5B, 0xFF5B, 20, 0xFF5F, 0xFF5F, 20, 0xFF62, 0xFF62, 20, 0x29, 0x29, 21,
            0x5D, 0x5D, 21, 0x7D, 0x7D, 21, 0xF3B, 0xF3B, 21, 0xF3D, 0xF3D, 21,
            0x169C, 0x169C, 21, 0x2046, 0x2046, 21, 0x207E, 0x207E, 21, 0x208E, 0x208E, 21,
            0x2309, 0x2309, 21, 0x230B, 0x230B, 21, 0x232A, 0x232A, 21, 0x2769, 0x2769, 21,
            0x276B, 0x276B, 21, 0x276D, 0x276D, 21, 0x276F, 0x276F, 21, 0x2771, 0x2771, 21,
            0x2773, 0x2773, 21, 0x2775, 0x2775, 21, 0x27C6, 0x27C6, 21, 0x27E7, 0x27E7, 21,
            0x27E9, 0x27E9, 21, 0x27EB, 0x27EB, 21, 0x27ED, 0x27ED, 21, 0x27EF, 0x27EF, 21,
            0x2984, 0x2984, 21, 0x2986, 0x2986, 21, 0x2988, 0x2988, 21, 0x298A, 0x298A, 21,
            0x298C, 0x298C, 21, 0x298E, 0x298E, 21, 0x2990, 0x2990, 21, 0x2992, 0x2992, 21,
            0x2994, 0x2994, 21, 0x2996, 0x2996, 21, 0x2998, 0x2998, 21, 0x29D9, 0x29D9, 21,
            0x29DB, 0x29DB, 21, 0x29FD, 0x29FD, 21, 0x2E23, 0x2E23, 21, 0x2E25, 0x2E25, 21,
            0x2E27, 0x2E27, 21, 0x2E29, 0x2E29, 21, 0x2E56, 0x2E56, 21, 0x2E58, 0x2E58, 21,
            0x2E5A, 0x2E5A, 21, 0x2E5C, 0x2E5C, 21, 0x3009, 0x3009, 21, 0x300B, 0x300B, 21,
            0x300D, 0x300D, 21, 0x300F, 0x300F, 21, 0x3011, 0x3011, 21, 0x3015, 0x3015, 21,
            0x3017, 0x3017, 21, 0x3019, 0x3019, 21, 0x301B, 0x301B, 21, 0x301E, 0x301F, 21,
            0xFD3E, 0xFD3E, 21, 0xFE18, 0xFE18, 21, 0xFE36, 0xFE36, 21, 0xFE38, 0xFE38, 21,
            0xFE3A, 0xFE3A, 21, 0xFE3C, 0xFE3C, 21, 0xFE3E, 0xFE3E, 21, 0xFE40, 0xFE40, 21,
        };
    }

    private static int[] rangeChunk9() {
        return new int[] {
            0xFE42, 0xFE42, 21, 0xFE44, 0xFE44, 21, 0xFE48, 0xFE48, 21, 0xFE5A, 0xFE5A, 21,
            0xFE5C, 0xFE5C, 21, 0xFE5E, 0xFE5E, 21, 0xFF09, 0xFF09, 21, 0xFF3D, 0xFF3D, 21,
            0xFF5D, 0xFF5D, 21, 0xFF60, 0xFF60, 21, 0xFF63, 0xFF63, 21, 0x5F, 0x5F, 22,
            0x203F, 0x2040, 22, 0x2054, 0x2054, 22, 0xFE33, 0xFE34, 22, 0xFE4D, 0xFE4F, 22,
            0xFF3F, 0xFF3F, 22, 0x21, 0x23, 23, 0x25, 0x27, 23, 0x2A, 0x2A, 23,
            0x2C, 0x2C, 23, 0x2E, 0x2F, 23, 0x3A, 0x3B, 23, 0x3F, 0x40, 23,
            0x5C, 0x5C, 23, 0xA1, 0xA1, 23, 0xA7, 0xA7, 23, 0xB6, 0xB7, 23,
            0xBF, 0xBF, 23, 0x37E, 0x37E, 23, 0x387, 0x387, 23, 0x55A, 0x55F, 23,
            0x589, 0x589, 23, 0x5C0, 0x5C0, 23, 0x5C3, 0x5C3, 23, 0x5C6, 0x5C6, 23,
            0x5F3, 0x5F4, 23, 0x609, 0x60A, 23, 0x60C, 0x60D, 23, 0x61B, 0x61B, 23,
            0x61D, 0x61F, 23, 0x66A, 0x66D, 23, 0x6D4, 0x6D4, 23, 0x700, 0x70D, 23,
            0x7F7, 0x7F9, 23, 0x830, 0x83E, 23, 0x85E, 0x85E, 23, 0x964, 0x965, 23,
            0x970, 0x970, 23, 0x9FD, 0x9FD, 23, 0xA76, 0xA76, 23, 0xAF0, 0xAF0, 23,
            0xC77, 0xC77, 23, 0xC84, 0xC84, 23, 0xDF4, 0xDF4, 23, 0xE4F, 0xE4F, 23,
            0xE5A, 0xE5B, 23, 0xF04, 0xF12, 23, 0xF14, 0xF14, 23, 0xF85, 0xF85, 23,
            0xFD0, 0xFD4, 23, 0xFD9, 0xFDA, 23, 0x104A, 0x104F, 23, 0x10FB, 0x10FB, 23,
            0x1360, 0x1368, 23, 0x166E, 0x166E, 23, 0x16EB, 0x16ED, 23, 0x1735, 0x1736, 23,
            0x17D4, 0x17D6, 23, 0x17D8, 0x17DA, 23, 0x1800, 0x1805, 23, 0x1807, 0x180A, 23,
            0x1944, 0x1945, 23, 0x1A1E, 0x1A1F, 23, 0x1AA0, 0x1AA6, 23, 0x1AA8, 0x1AAD, 23,
            0x1B4E, 0x1B4F, 23, 0x1B5A, 0x1B60, 23, 0x1B7D, 0x1B7F, 23, 0x1BFC, 0x1BFF, 23,
            0x1C3B, 0x1C3F, 23, 0x1C7E, 0x1C7F, 23, 0x1CC0, 0x1CC7, 23, 0x1CD3, 0x1CD3, 23,
            0x2016, 0x2017, 23, 0x2020, 0x2027, 23, 0x2030, 0x2038, 23, 0x203B, 0x203E, 23,
            0x2041, 0x2043, 23, 0x2047, 0x2051, 23, 0x2053, 0x2053, 23, 0x2055, 0x205E, 23,
            0x2CF9, 0x2CFC, 23, 0x2CFE, 0x2CFF, 23, 0x2D70, 0x2D70, 23, 0x2E00, 0x2E01, 23,
            0x2E06, 0x2E08, 23, 0x2E0B, 0x2E0B, 23, 0x2E0E, 0x2E16, 23, 0x2E18, 0x2E19, 23,
            0x2E1B, 0x2E1B, 23, 0x2E1E, 0x2E1F, 23, 0x2E2A, 0x2E2E, 23, 0x2E30, 0x2E39, 23,
            0x2E3C, 0x2E3F, 23, 0x2E41, 0x2E41, 23, 0x2E43, 0x2E4F, 23, 0x2E52, 0x2E54, 23,
            0x3001, 0x3003, 23, 0x303D, 0x303D, 23, 0x30FB, 0x30FB, 23, 0xA4FE, 0xA4FF, 23,
            0xA60D, 0xA60F, 23, 0xA673, 0xA673, 23, 0xA67E, 0xA67E, 23, 0xA6F2, 0xA6F7, 23,
            0xA874, 0xA877, 23, 0xA8CE, 0xA8CF, 23, 0xA8F8, 0xA8FA, 23, 0xA8FC, 0xA8FC, 23,
            0xA92E, 0xA92F, 23, 0xA95F, 0xA95F, 23, 0xA9C1, 0xA9CD, 23, 0xA9DE, 0xA9DF, 23,
            0xAA5C, 0xAA5F, 23, 0xAADE, 0xAADF, 23, 0xAAF0, 0xAAF1, 23, 0xABEB, 0xABEB, 23,
            0xFE10, 0xFE16, 23, 0xFE19, 0xFE19, 23, 0xFE30, 0xFE30, 23, 0xFE45, 0xFE46, 23,
            0xFE49, 0xFE4C, 23, 0xFE50, 0xFE52, 23, 0xFE54, 0xFE57, 23, 0xFE5F, 0xFE61, 23,
            0xFE68, 0xFE68, 23, 0xFE6A, 0xFE6B, 23, 0xFF01, 0xFF03, 23, 0xFF05, 0xFF07, 23,
            0xFF0A, 0xFF0A, 23, 0xFF0C, 0xFF0C, 23, 0xFF0E, 0xFF0F, 23, 0xFF1A, 0xFF1B, 23,
            0xFF1F, 0xFF20, 23, 0xFF3C, 0xFF3C, 23, 0xFF61, 0xFF61, 23, 0xFF64, 0xFF65, 23,
            0x10100, 0x10102, 23, 0x1039F, 0x1039F, 23, 0x103D0, 0x103D0, 23, 0x1056F, 0x1056F, 23,
            0x10857, 0x10857, 23, 0x1091F, 0x1091F, 23, 0x1093F, 0x1093F, 23, 0x10A50, 0x10A58, 23,
            0x10A7F, 0x10A7F, 23, 0x10AF0, 0x10AF6, 23, 0x10B39, 0x10B3F, 23, 0x10B99, 0x10B9C, 23,
            0x10ED0, 0x10ED0, 23, 0x10F55, 0x10F59, 23, 0x10F86, 0x10F89, 23, 0x11047, 0x1104D, 23,
            0x110BB, 0x110BC, 23, 0x110BE, 0x110C1, 23, 0x11140, 0x11143, 23, 0x11174, 0x11175, 23,
            0x111C5, 0x111C8, 23, 0x111CD, 0x111CD, 23, 0x111DB, 0x111DB, 23, 0x111DD, 0x111DF, 23,
            0x11238, 0x1123D, 23, 0x112A9, 0x112A9, 23, 0x113D4, 0x113D5, 23, 0x113D7, 0x113D8, 23,
            0x1144B, 0x1144F, 23, 0x1145A, 0x1145B, 23, 0x1145D, 0x1145D, 23, 0x114C6, 0x114C6, 23,
            0x115C1, 0x115D7, 23, 0x11641, 0x11643, 23, 0x11660, 0x1166C, 23, 0x116B9, 0x116B9, 23,
            0x1173C, 0x1173E, 23, 0x1183B, 0x1183B, 23, 0x11944, 0x11946, 23, 0x119E2, 0x119E2, 23,
            0x11A3F, 0x11A46, 23, 0x11A9A, 0x11A9C, 23, 0x11A9E, 0x11AA2, 23, 0x11B00, 0x11B09, 23,
            0x11BE1, 0x11BE1, 23, 0x11C41, 0x11C45, 23, 0x11C70, 0x11C71, 23, 0x11EF7, 0x11EF8, 23,
            0x11F43, 0x11F4F, 23, 0x11FFF, 0x11FFF, 23, 0x12470, 0x12474, 23, 0x12FF1, 0x12FF2, 23,
            0x16A6E, 0x16A6F, 23, 0x16AF5, 0x16AF5, 23, 0x16B37, 0x16B3B, 23, 0x16B44, 0x16B44, 23,
            0x16D6D, 0x16D6F, 23, 0x16E97, 0x16E9A, 23, 0x16FE2, 0x16FE2, 23, 0x1BC9F, 0x1BC9F, 23,
            0x1DA87, 0x1DA8B, 23, 0x1E5FF, 0x1E5FF, 23, 0x1E95E, 0x1E95F, 23, 0x2B, 0x2B, 24,
            0x3C, 0x3E, 24, 0x7C, 0x7C, 24, 0x7E, 0x7E, 24, 0xAC, 0xAC, 24,
            0xB1, 0xB1, 24, 0xD7, 0xD7, 24, 0xF7, 0xF7, 24, 0x3F6, 0x3F6, 24,
            0x606, 0x608, 24, 0x2044, 0x2044, 24, 0x2052, 0x2052, 24, 0x207A, 0x207C, 24,
            0x208A, 0x208C, 24, 0x2118, 0x2118, 24, 0x2140, 0x2144, 24, 0x214B, 0x214B, 24,
            0x2190, 0x2194, 24, 0x219A, 0x219B, 24, 0x21A0, 0x21A0, 24, 0x21A3, 0x21A3, 24,
            0x21A6, 0x21A6, 24, 0x21AE, 0x21AE, 24, 0x21CE, 0x21CF, 24, 0x21D2, 0x21D2, 24,
            0x21D4, 0x21D4, 24, 0x21F4, 0x22FF, 24, 0x2320, 0x2321, 24, 0x237C, 0x237C, 24,
            0x239B, 0x23B3, 24, 0x23DC, 0x23E1, 24, 0x25B7, 0x25B7, 24, 0x25C1, 0x25C1, 24,
            0x25F8, 0x25FF, 24, 0x266F, 0x266F, 24, 0x27C0, 0x27C4, 24, 0x27C7, 0x27E5, 24,
            0x27F0, 0x27FF, 24, 0x2900, 0x2982, 24, 0x2999, 0x29D7, 24, 0x29DC, 0x29FB, 24,
            0x29FE, 0x2AFF, 24, 0x2B30, 0x2B44, 24, 0x2B47, 0x2B4C, 24, 0xFB29, 0xFB29, 24,
            0xFE62, 0xFE62, 24, 0xFE64, 0xFE66, 24, 0xFF0B, 0xFF0B, 24, 0xFF1C, 0xFF1E, 24,
            0xFF5C, 0xFF5C, 24, 0xFF5E, 0xFF5E, 24, 0xFFE2, 0xFFE2, 24, 0xFFE9, 0xFFEC, 24,
            0x10D8E, 0x10D8F, 24, 0x1CEF0, 0x1CEF0, 24, 0x1D6C1, 0x1D6C1, 24, 0x1D6DB, 0x1D6DB, 24,
            0x1D6FB, 0x1D6FB, 24, 0x1D715, 0x1D715, 24, 0x1D735, 0x1D735, 24, 0x1D74F, 0x1D74F, 24,
            0x1D76F, 0x1D76F, 24, 0x1D789, 0x1D789, 24, 0x1D7A9, 0x1D7A9, 24, 0x1D7C3, 0x1D7C3, 24,
            0x1EEF0, 0x1EEF1, 24, 0x1F8D0, 0x1F8D8, 24, 0x24, 0x24, 25, 0xA2, 0xA5, 25,
            0x58F, 0x58F, 25, 0x60B, 0x60B, 25, 0x7FE, 0x7FF, 25, 0x9F2, 0x9F3, 25,
            0x9FB, 0x9FB, 25, 0xAF1, 0xAF1, 25, 0xBF9, 0xBF9, 25, 0xE3F, 0xE3F, 25,
            0x17DB, 0x17DB, 25, 0x20A0, 0x20C1, 25, 0xA838, 0xA838, 25, 0xFDFC, 0xFDFC, 25,
            0xFE69, 0xFE69, 25, 0xFF04, 0xFF04, 25, 0xFFE0, 0xFFE1, 25, 0xFFE5, 0xFFE6, 25,
            0x11FDD, 0x11FE0, 25, 0x1E2FF, 0x1E2FF, 25, 0x1ECB0, 0x1ECB0, 25, 0x5E, 0x5E, 26,
            0x60, 0x60, 26, 0xA8, 0xA8, 26, 0xAF, 0xAF, 26, 0xB4, 0xB4, 26,
            0xB8, 0xB8, 26, 0x2C2, 0x2C5, 26, 0x2D2, 0x2DF, 26, 0x2E5, 0x2EB, 26,
            0x2ED, 0x2ED, 26, 0x2EF, 0x2FF, 26, 0x375, 0x375, 26, 0x384, 0x385, 26,
            0x888, 0x888, 26, 0x1FBD, 0x1FBD, 26, 0x1FBF, 0x1FC1, 26, 0x1FCD, 0x1FCF, 26,
            0x1FDD, 0x1FDF, 26, 0x1FED, 0x1FEF, 26, 0x1FFD, 0x1FFE, 26, 0x309B, 0x309C, 26,
            0xA700, 0xA716, 26, 0xA720, 0xA721, 26, 0xA789, 0xA78A, 26, 0xAB5B, 0xAB5B, 26,
            0xAB6A, 0xAB6B, 26, 0xFBB2, 0xFBC2, 26, 0xFF3E, 0xFF3E, 26, 0xFF40, 0xFF40, 26,
            0xFFE3, 0xFFE3, 26, 0x1F3FB, 0x1F3FF, 26, 0xA6, 0xA6, 27, 0xA9, 0xA9, 27,
            0xAE, 0xAE, 27, 0xB0, 0xB0, 27, 0x482, 0x482, 27, 0x58D, 0x58E, 27,
            0x60E, 0x60F, 27, 0x6DE, 0x6DE, 27, 0x6E9, 0x6E9, 27, 0x6FD, 0x6FE, 27,
            0x7F6, 0x7F6, 27, 0x9FA, 0x9FA, 27, 0xB70, 0xB70, 27, 0xBF3, 0xBF8, 27,
            0xBFA, 0xBFA, 27, 0xC7F, 0xC7F, 27, 0xD4F, 0xD4F, 27, 0xD79, 0xD79, 27,
            0xF01, 0xF03, 27, 0xF13, 0xF13, 27, 0xF15, 0xF17, 27, 0xF1A, 0xF1F, 27,
            0xF34, 0xF34, 27, 0xF36, 0xF36, 27, 0xF38, 0xF38, 27, 0xFBE, 0xFC5, 27,
            0xFC7, 0xFCC, 27, 0xFCE, 0xFCF, 27, 0xFD5, 0xFD8, 27, 0x109E, 0x109F, 27,
            0x1390, 0x1399, 27, 0x166D, 0x166D, 27, 0x1940, 0x1940, 27, 0x19DE, 0x19FF, 27,
            0x1B61, 0x1B6A, 27, 0x1B74, 0x1B7C, 27, 0x2100, 0x2101, 27, 0x2103, 0x2106, 27,
            0x2108, 0x2109, 27, 0x2114, 0x2114, 27, 0x2116, 0x2117, 27, 0x211E, 0x2123, 27,
            0x2125, 0x2125, 27, 0x2127, 0x2127, 27, 0x2129, 0x2129, 27, 0x212E, 0x212E, 27,
            0x213A, 0x213B, 27, 0x214A, 0x214A, 27, 0x214C, 0x214D, 27, 0x214F, 0x214F, 27,
            0x218A, 0x218B, 27, 0x2195, 0x2199, 27, 0x219C, 0x219F, 27, 0x21A1, 0x21A2, 27,
            0x21A4, 0x21A5, 27, 0x21A7, 0x21AD, 27, 0x21AF, 0x21CD, 27, 0x21D0, 0x21D1, 27,
            0x21D3, 0x21D3, 27, 0x21D5, 0x21F3, 27, 0x2300, 0x2307, 27, 0x230C, 0x231F, 27,
            0x2322, 0x2328, 27, 0x232B, 0x237B, 27, 0x237D, 0x239A, 27, 0x23B4, 0x23DB, 27,
            0x23E2, 0x2429, 27, 0x2440, 0x244A, 27, 0x249C, 0x24E9, 27, 0x2500, 0x25B6, 27,
        };
    }

    private static int[] rangeChunk10() {
        return new int[] {
            0x25B8, 0x25C0, 27, 0x25C2, 0x25F7, 27, 0x2600, 0x266E, 27, 0x2670, 0x2767, 27,
            0x2794, 0x27BF, 27, 0x2800, 0x28FF, 27, 0x2B00, 0x2B2F, 27, 0x2B45, 0x2B46, 27,
            0x2B4D, 0x2B73, 27, 0x2B76, 0x2BFF, 27, 0x2CE5, 0x2CEA, 27, 0x2E50, 0x2E51, 27,
            0x2E80, 0x2E99, 27, 0x2E9B, 0x2EF3, 27, 0x2F00, 0x2FD5, 27, 0x2FF0, 0x2FFF, 27,
            0x3004, 0x3004, 27, 0x3012, 0x3013, 27, 0x3020, 0x3020, 27, 0x3036, 0x3037, 27,
            0x303E, 0x303F, 27, 0x3190, 0x3191, 27, 0x3196, 0x319F, 27, 0x31C0, 0x31E5, 27,
            0x31EF, 0x31EF, 27, 0x3200, 0x321E, 27, 0x322A, 0x3247, 27, 0x3250, 0x3250, 27,
            0x3260, 0x327F, 27, 0x328A, 0x32B0, 27, 0x32C0, 0x33FF, 27, 0x4DC0, 0x4DFF, 27,
            0xA490, 0xA4C6, 27, 0xA828, 0xA82B, 27, 0xA836, 0xA837, 27, 0xA839, 0xA839, 27,
            0xAA77, 0xAA79, 27, 0xFBC3, 0xFBD2, 27, 0xFD40, 0xFD4F, 27, 0xFD90, 0xFD91, 27,
            0xFDC8, 0xFDCF, 27, 0xFDFD, 0xFDFF, 27, 0xFFE4, 0xFFE4, 27, 0xFFE8, 0xFFE8, 27,
            0xFFED, 0xFFEE, 27, 0xFFFC, 0xFFFD, 27, 0x10137, 0x1013F, 27, 0x10179, 0x10189, 27,
            0x1018C, 0x1018E, 27, 0x10190, 0x1019C, 27, 0x101A0, 0x101A0, 27, 0x101D0, 0x101FC, 27,
            0x10877, 0x10878, 27, 0x10AC8, 0x10AC8, 27, 0x10ED1, 0x10ED8, 27, 0x1173F, 0x1173F, 27,
            0x11FD5, 0x11FDC, 27, 0x11FE1, 0x11FF1, 27, 0x16B3C, 0x16B3F, 27, 0x16B45, 0x16B45, 27,
            0x1BC9C, 0x1BC9C, 27, 0x1CC00, 0x1CCEF, 27, 0x1CCFA, 0x1CCFC, 27, 0x1CD00, 0x1CEB3, 27,
            0x1CEBA, 0x1CED0, 27, 0x1CEE0, 0x1CEEF, 27, 0x1CF50, 0x1CFC3, 27, 0x1D000, 0x1D0F5, 27,
            0x1D100, 0x1D126, 27, 0x1D129, 0x1D164, 27, 0x1D16A, 0x1D16C, 27, 0x1D183, 0x1D184, 27,
            0x1D18C, 0x1D1A9, 27, 0x1D1AE, 0x1D1EA, 27, 0x1D200, 0x1D241, 27, 0x1D245, 0x1D245, 27,
            0x1D300, 0x1D356, 27, 0x1D800, 0x1D9FF, 27, 0x1DA37, 0x1DA3A, 27, 0x1DA6D, 0x1DA74, 27,
            0x1DA76, 0x1DA83, 27, 0x1DA85, 0x1DA86, 27, 0x1E14F, 0x1E14F, 27, 0x1ECAC, 0x1ECAC, 27,
            0x1ED2E, 0x1ED2E, 27, 0x1F000, 0x1F02B, 27, 0x1F030, 0x1F093, 27, 0x1F0A0, 0x1F0AE, 27,
            0x1F0B1, 0x1F0BF, 27, 0x1F0C1, 0x1F0CF, 27, 0x1F0D1, 0x1F0F5, 27, 0x1F10D, 0x1F1AD, 27,
            0x1F1E6, 0x1F202, 27, 0x1F210, 0x1F23B, 27, 0x1F240, 0x1F248, 27, 0x1F250, 0x1F251, 27,
            0x1F260, 0x1F265, 27, 0x1F300, 0x1F3FA, 27, 0x1F400, 0x1F6D8, 27, 0x1F6DC, 0x1F6EC, 27,
            0x1F6F0, 0x1F6FC, 27, 0x1F700, 0x1F7D9, 27, 0x1F7E0, 0x1F7EB, 27, 0x1F7F0, 0x1F7F0, 27,
            0x1F800, 0x1F80B, 27, 0x1F810, 0x1F847, 27, 0x1F850, 0x1F859, 27, 0x1F860, 0x1F887, 27,
            0x1F890, 0x1F8AD, 27, 0x1F8B0, 0x1F8BB, 27, 0x1F8C0, 0x1F8C1, 27, 0x1F900, 0x1FA57, 27,
            0x1FA60, 0x1FA6D, 27, 0x1FA70, 0x1FA7C, 27, 0x1FA80, 0x1FA8A, 27, 0x1FA8E, 0x1FAC6, 27,
            0x1FAC8, 0x1FAC8, 27, 0x1FACD, 0x1FADC, 27, 0x1FADF, 0x1FAEA, 27, 0x1FAEF, 0x1FAF8, 27,
            0x1FB00, 0x1FB92, 27, 0x1FB94, 0x1FBEF, 27, 0x1FBFA, 0x1FBFA, 27, 0xAB, 0xAB, 28,
            0x2018, 0x2018, 28, 0x201B, 0x201C, 28, 0x201F, 0x201F, 28, 0x2039, 0x2039, 28,
            0x2E02, 0x2E02, 28, 0x2E04, 0x2E04, 28, 0x2E09, 0x2E09, 28, 0x2E0C, 0x2E0C, 28,
            0x2E1C, 0x2E1C, 28, 0x2E20, 0x2E20, 28, 0xBB, 0xBB, 29, 0x2019, 0x2019, 29,
            0x201D, 0x201D, 29, 0x203A, 0x203A, 29, 0x2E03, 0x2E03, 29, 0x2E05, 0x2E05, 29,
            0x2E0A, 0x2E0A, 29, 0x2E0D, 0x2E0D, 29, 0x2E1D, 0x2E1D, 29, 0x2E21, 0x2E21, 29,
            0x378, 0x379, 30, 0x380, 0x383, 30, 0x38B, 0x38B, 30, 0x38D, 0x38D, 30,
            0x3A2, 0x3A2, 30, 0x530, 0x530, 30, 0x557, 0x558, 30, 0x58B, 0x58C, 30,
            0x590, 0x590, 30, 0x5C8, 0x5CF, 30, 0x5EB, 0x5EE, 30, 0x5F5, 0x5FF, 30,
            0x70E, 0x70E, 30, 0x74B, 0x74C, 30, 0x7B2, 0x7BF, 30, 0x7FB, 0x7FC, 30,
            0x82E, 0x82F, 30, 0x83F, 0x83F, 30, 0x85C, 0x85D, 30, 0x85F, 0x85F, 30,
            0x86B, 0x86F, 30, 0x892, 0x896, 30, 0x984, 0x984, 30, 0x98D, 0x98E, 30,
            0x991, 0x992, 30, 0x9A9, 0x9A9, 30, 0x9B1, 0x9B1, 30, 0x9B3, 0x9B5, 30,
            0x9BA, 0x9BB, 30, 0x9C5, 0x9C6, 30, 0x9C9, 0x9CA, 30, 0x9CF, 0x9D6, 30,
            0x9D8, 0x9DB, 30, 0x9DE, 0x9DE, 30, 0x9E4, 0x9E5, 30, 0x9FF, 0xA00, 30,
            0xA04, 0xA04, 30, 0xA0B, 0xA0E, 30, 0xA11, 0xA12, 30, 0xA29, 0xA29, 30,
            0xA31, 0xA31, 30, 0xA34, 0xA34, 30, 0xA37, 0xA37, 30, 0xA3A, 0xA3B, 30,
            0xA3D, 0xA3D, 30, 0xA43, 0xA46, 30, 0xA49, 0xA4A, 30, 0xA4E, 0xA50, 30,
            0xA52, 0xA58, 30, 0xA5D, 0xA5D, 30, 0xA5F, 0xA65, 30, 0xA77, 0xA80, 30,
            0xA84, 0xA84, 30, 0xA8E, 0xA8E, 30, 0xA92, 0xA92, 30, 0xAA9, 0xAA9, 30,
            0xAB1, 0xAB1, 30, 0xAB4, 0xAB4, 30, 0xABA, 0xABB, 30, 0xAC6, 0xAC6, 30,
            0xACA, 0xACA, 30, 0xACE, 0xACF, 30, 0xAD1, 0xADF, 30, 0xAE4, 0xAE5, 30,
            0xAF2, 0xAF8, 30, 0xB00, 0xB00, 30, 0xB04, 0xB04, 30, 0xB0D, 0xB0E, 30,
            0xB11, 0xB12, 30, 0xB29, 0xB29, 30, 0xB31, 0xB31, 30, 0xB34, 0xB34, 30,
            0xB3A, 0xB3B, 30, 0xB45, 0xB46, 30, 0xB49, 0xB4A, 30, 0xB4E, 0xB54, 30,
            0xB58, 0xB5B, 30, 0xB5E, 0xB5E, 30, 0xB64, 0xB65, 30, 0xB78, 0xB81, 30,
            0xB84, 0xB84, 30, 0xB8B, 0xB8D, 30, 0xB91, 0xB91, 30, 0xB96, 0xB98, 30,
            0xB9B, 0xB9B, 30, 0xB9D, 0xB9D, 30, 0xBA0, 0xBA2, 30, 0xBA5, 0xBA7, 30,
            0xBAB, 0xBAD, 30, 0xBBA, 0xBBD, 30, 0xBC3, 0xBC5, 30, 0xBC9, 0xBC9, 30,
            0xBCE, 0xBCF, 30, 0xBD1, 0xBD6, 30, 0xBD8, 0xBE5, 30, 0xBFB, 0xBFF, 30,
            0xC0D, 0xC0D, 30, 0xC11, 0xC11, 30, 0xC29, 0xC29, 30, 0xC3A, 0xC3B, 30,
            0xC45, 0xC45, 30, 0xC49, 0xC49, 30, 0xC4E, 0xC54, 30, 0xC57, 0xC57, 30,
            0xC5B, 0xC5B, 30, 0xC5E, 0xC5F, 30, 0xC64, 0xC65, 30, 0xC70, 0xC76, 30,
            0xC8D, 0xC8D, 30, 0xC91, 0xC91, 30, 0xCA9, 0xCA9, 30, 0xCB4, 0xCB4, 30,
            0xCBA, 0xCBB, 30, 0xCC5, 0xCC5, 30, 0xCC9, 0xCC9, 30, 0xCCE, 0xCD4, 30,
            0xCD7, 0xCDB, 30, 0xCDF, 0xCDF, 30, 0xCE4, 0xCE5, 30, 0xCF0, 0xCF0, 30,
            0xCF4, 0xCFF, 30, 0xD0D, 0xD0D, 30, 0xD11, 0xD11, 30, 0xD45, 0xD45, 30,
            0xD49, 0xD49, 30, 0xD50, 0xD53, 30, 0xD64, 0xD65, 30, 0xD80, 0xD80, 30,
            0xD84, 0xD84, 30, 0xD97, 0xD99, 30, 0xDB2, 0xDB2, 30, 0xDBC, 0xDBC, 30,
            0xDBE, 0xDBF, 30, 0xDC7, 0xDC9, 30, 0xDCB, 0xDCE, 30, 0xDD5, 0xDD5, 30,
            0xDD7, 0xDD7, 30, 0xDE0, 0xDE5, 30, 0xDF0, 0xDF1, 30, 0xDF5, 0xE00, 30,
            0xE3B, 0xE3E, 30, 0xE5C, 0xE80, 30, 0xE83, 0xE83, 30, 0xE85, 0xE85, 30,
            0xE8B, 0xE8B, 30, 0xEA4, 0xEA4, 30, 0xEA6, 0xEA6, 30, 0xEBE, 0xEBF, 30,
            0xEC5, 0xEC5, 30, 0xEC7, 0xEC7, 30, 0xECF, 0xECF, 30, 0xEDA, 0xEDB, 30,
            0xEE0, 0xEFF, 30, 0xF48, 0xF48, 30, 0xF6D, 0xF70, 30, 0xF98, 0xF98, 30,
            0xFBD, 0xFBD, 30, 0xFCD, 0xFCD, 30, 0xFDB, 0xFFF, 30, 0x10C6, 0x10C6, 30,
            0x10C8, 0x10CC, 30, 0x10CE, 0x10CF, 30, 0x1249, 0x1249, 30, 0x124E, 0x124F, 30,
            0x1257, 0x1257, 30, 0x1259, 0x1259, 30, 0x125E, 0x125F, 30, 0x1289, 0x1289, 30,
            0x128E, 0x128F, 30, 0x12B1, 0x12B1, 30, 0x12B6, 0x12B7, 30, 0x12BF, 0x12BF, 30,
            0x12C1, 0x12C1, 30, 0x12C6, 0x12C7, 30, 0x12D7, 0x12D7, 30, 0x1311, 0x1311, 30,
            0x1316, 0x1317, 30, 0x135B, 0x135C, 30, 0x137D, 0x137F, 30, 0x139A, 0x139F, 30,
            0x13F6, 0x13F7, 30, 0x13FE, 0x13FF, 30, 0x169D, 0x169F, 30, 0x16F9, 0x16FF, 30,
            0x1716, 0x171E, 30, 0x1737, 0x173F, 30, 0x1754, 0x175F, 30, 0x176D, 0x176D, 30,
            0x1771, 0x1771, 30, 0x1774, 0x177F, 30, 0x17DE, 0x17DF, 30, 0x17EA, 0x17EF, 30,
            0x17FA, 0x17FF, 30, 0x181A, 0x181F, 30, 0x1879, 0x187F, 30, 0x18AB, 0x18AF, 30,
            0x18F6, 0x18FF, 30, 0x191F, 0x191F, 30, 0x192C, 0x192F, 30, 0x193C, 0x193F, 30,
            0x1941, 0x1943, 30, 0x196E, 0x196F, 30, 0x1975, 0x197F, 30, 0x19AC, 0x19AF, 30,
            0x19CA, 0x19CF, 30, 0x19DB, 0x19DD, 30, 0x1A1C, 0x1A1D, 30, 0x1A5F, 0x1A5F, 30,
            0x1A7D, 0x1A7E, 30, 0x1A8A, 0x1A8F, 30, 0x1A9A, 0x1A9F, 30, 0x1AAE, 0x1AAF, 30,
            0x1ADE, 0x1ADF, 30, 0x1AEC, 0x1AFF, 30, 0x1B4D, 0x1B4D, 30, 0x1BF4, 0x1BFB, 30,
            0x1C38, 0x1C3A, 30, 0x1C4A, 0x1C4C, 30, 0x1C8B, 0x1C8F, 30, 0x1CBB, 0x1CBC, 30,
            0x1CC8, 0x1CCF, 30, 0x1CFB, 0x1CFF, 30, 0x1F16, 0x1F17, 30, 0x1F1E, 0x1F1F, 30,
            0x1F46, 0x1F47, 30, 0x1F4E, 0x1F4F, 30, 0x1F58, 0x1F58, 30, 0x1F5A, 0x1F5A, 30,
            0x1F5C, 0x1F5C, 30, 0x1F5E, 0x1F5E, 30, 0x1F7E, 0x1F7F, 30, 0x1FB5, 0x1FB5, 30,
            0x1FC5, 0x1FC5, 30, 0x1FD4, 0x1FD5, 30, 0x1FDC, 0x1FDC, 30, 0x1FF0, 0x1FF1, 30,
            0x1FF5, 0x1FF5, 30, 0x1FFF, 0x1FFF, 30, 0x2065, 0x2065, 30, 0x2072, 0x2073, 30,
            0x208F, 0x208F, 30, 0x209D, 0x209F, 30, 0x20C2, 0x20CF, 30, 0x20F1, 0x20FF, 30,
            0x218C, 0x218F, 30, 0x242A, 0x243F, 30, 0x244B, 0x245F, 30, 0x2B74, 0x2B75, 30,
            0x2CF4, 0x2CF8, 30, 0x2D26, 0x2D26, 30, 0x2D28, 0x2D2C, 30, 0x2D2E, 0x2D2F, 30,
            0x2D68, 0x2D6E, 30, 0x2D71, 0x2D7E, 30, 0x2D97, 0x2D9F, 30, 0x2DA7, 0x2DA7, 30,
        };
    }

    private static int[] rangeChunk11() {
        return new int[] {
            0x2DAF, 0x2DAF, 30, 0x2DB7, 0x2DB7, 30, 0x2DBF, 0x2DBF, 30, 0x2DC7, 0x2DC7, 30,
            0x2DCF, 0x2DCF, 30, 0x2DD7, 0x2DD7, 30, 0x2DDF, 0x2DDF, 30, 0x2E5E, 0x2E7F, 30,
            0x2E9A, 0x2E9A, 30, 0x2EF4, 0x2EFF, 30, 0x2FD6, 0x2FEF, 30, 0x3040, 0x3040, 30,
            0x3097, 0x3098, 30, 0x3100, 0x3104, 30, 0x3130, 0x3130, 30, 0x318F, 0x318F, 30,
            0x31E6, 0x31EE, 30, 0x321F, 0x321F, 30, 0xA48D, 0xA48F, 30, 0xA4C7, 0xA4CF, 30,
            0xA62C, 0xA63F, 30, 0xA6F8, 0xA6FF, 30, 0xA7DD, 0xA7F0, 30, 0xA82D, 0xA82F, 30,
            0xA83A, 0xA83F, 30, 0xA878, 0xA87F, 30, 0xA8C6, 0xA8CD, 30, 0xA8DA, 0xA8DF, 30,
            0xA954, 0xA95E, 30, 0xA97D, 0xA97F, 30, 0xA9CE, 0xA9CE, 30, 0xA9DA, 0xA9DD, 30,
            0xA9FF, 0xA9FF, 30, 0xAA37, 0xAA3F, 30, 0xAA4E, 0xAA4F, 30, 0xAA5A, 0xAA5B, 30,
            0xAAC3, 0xAADA, 30, 0xAAF7, 0xAB00, 30, 0xAB07, 0xAB08, 30, 0xAB0F, 0xAB10, 30,
            0xAB17, 0xAB1F, 30, 0xAB27, 0xAB27, 30, 0xAB2F, 0xAB2F, 30, 0xAB6C, 0xAB6F, 30,
            0xABEE, 0xABEF, 30, 0xABFA, 0xABFF, 30, 0xD7A4, 0xD7AF, 30, 0xD7C7, 0xD7CA, 30,
            0xD7FC, 0xD7FF, 30, 0xFA6E, 0xFA6F, 30, 0xFADA, 0xFAFF, 30, 0xFB07, 0xFB12, 30,
            0xFB18, 0xFB1C, 30, 0xFB37, 0xFB37, 30, 0xFB3D, 0xFB3D, 30, 0xFB3F, 0xFB3F, 30,
            0xFB42, 0xFB42, 30, 0xFB45, 0xFB45, 30, 0xFDD0, 0xFDEF, 30, 0xFE1A, 0xFE1F, 30,
            0xFE53, 0xFE53, 30, 0xFE67, 0xFE67, 30, 0xFE6C, 0xFE6F, 30, 0xFE75, 0xFE75, 30,
            0xFEFD, 0xFEFE, 30, 0xFF00, 0xFF00, 30, 0xFFBF, 0xFFC1, 30, 0xFFC8, 0xFFC9, 30,
            0xFFD0, 0xFFD1, 30, 0xFFD8, 0xFFD9, 30, 0xFFDD, 0xFFDF, 30, 0xFFE7, 0xFFE7, 30,
            0xFFEF, 0xFFF8, 30, 0xFFFE, 0xFFFF, 30, 0x1000C, 0x1000C, 30, 0x10027, 0x10027, 30,
            0x1003B, 0x1003B, 30, 0x1003E, 0x1003E, 30, 0x1004E, 0x1004F, 30, 0x1005E, 0x1007F, 30,
            0x100FB, 0x100FF, 30, 0x10103, 0x10106, 30, 0x10134, 0x10136, 30, 0x1018F, 0x1018F, 30,
            0x1019D, 0x1019F, 30, 0x101A1, 0x101CF, 30, 0x101FE, 0x1027F, 30, 0x1029D, 0x1029F, 30,
            0x102D1, 0x102DF, 30, 0x102FC, 0x102FF, 30, 0x10324, 0x1032C, 30, 0x1034B, 0x1034F, 30,
            0x1037B, 0x1037F, 30, 0x1039E, 0x1039E, 30, 0x103C4, 0x103C7, 30, 0x103D6, 0x103FF, 30,
            0x1049E, 0x1049F, 30, 0x104AA, 0x104AF, 30, 0x104D4, 0x104D7, 30, 0x104FC, 0x104FF, 30,
            0x10528, 0x1052F, 30, 0x10564, 0x1056E, 30, 0x1057B, 0x1057B, 30, 0x1058B, 0x1058B, 30,
            0x10593, 0x10593, 30, 0x10596, 0x10596, 30, 0x105A2, 0x105A2, 30, 0x105B2, 0x105B2, 30,
            0x105BA, 0x105BA, 30, 0x105BD, 0x105BF, 30, 0x105F4, 0x105FF, 30, 0x10737, 0x1073F, 30,
            0x10756, 0x1075F, 30, 0x10768, 0x1077F, 30, 0x10786, 0x10786, 30, 0x107B1, 0x107B1, 30,
            0x107BB, 0x107FF, 30, 0x10806, 0x10807, 30, 0x10809, 0x10809, 30, 0x10836, 0x10836, 30,
            0x10839, 0x1083B, 30, 0x1083D, 0x1083E, 30, 0x10856, 0x10856, 30, 0x1089F, 0x108A6, 30,
            0x108B0, 0x108DF, 30, 0x108F3, 0x108F3, 30, 0x108F6, 0x108FA, 30, 0x1091C, 0x1091E, 30,
            0x1093A, 0x1093E, 30, 0x1095A, 0x1097F, 30, 0x109B8, 0x109BB, 30, 0x109D0, 0x109D1, 30,
            0x10A04, 0x10A04, 30, 0x10A07, 0x10A0B, 30, 0x10A14, 0x10A14, 30, 0x10A18, 0x10A18, 30,
            0x10A36, 0x10A37, 30, 0x10A3B, 0x10A3E, 30, 0x10A49, 0x10A4F, 30, 0x10A59, 0x10A5F, 30,
            0x10AA0, 0x10ABF, 30, 0x10AE7, 0x10AEA, 30, 0x10AF7, 0x10AFF, 30, 0x10B36, 0x10B38, 30,
            0x10B56, 0x10B57, 30, 0x10B73, 0x10B77, 30, 0x10B92, 0x10B98, 30, 0x10B9D, 0x10BA8, 30,
            0x10BB0, 0x10BFF, 30, 0x10C49, 0x10C7F, 30, 0x10CB3, 0x10CBF, 30, 0x10CF3, 0x10CF9, 30,
            0x10D28, 0x10D2F, 30, 0x10D3A, 0x10D3F, 30, 0x10D66, 0x10D68, 30, 0x10D86, 0x10D8D, 30,
            0x10D90, 0x10E5F, 30, 0x10E7F, 0x10E7F, 30, 0x10EAA, 0x10EAA, 30, 0x10EAE, 0x10EAF, 30,
            0x10EB2, 0x10EC1, 30, 0x10EC8, 0x10ECF, 30, 0x10ED9, 0x10EF9, 30, 0x10F28, 0x10F2F, 30,
            0x10F5A, 0x10F6F, 30, 0x10F8A, 0x10FAF, 30, 0x10FCC, 0x10FDF, 30, 0x10FF7, 0x10FFF, 30,
            0x1104E, 0x11051, 30, 0x11076, 0x1107E, 30, 0x110C3, 0x110CC, 30, 0x110CE, 0x110CF, 30,
            0x110E9, 0x110EF, 30, 0x110FA, 0x110FF, 30, 0x11135, 0x11135, 30, 0x11148, 0x1114F, 30,
            0x11177, 0x1117F, 30, 0x111E0, 0x111E0, 30, 0x111F5, 0x111FF, 30, 0x11212, 0x11212, 30,
            0x11242, 0x1127F, 30, 0x11287, 0x11287, 30, 0x11289, 0x11289, 30, 0x1128E, 0x1128E, 30,
            0x1129E, 0x1129E, 30, 0x112AA, 0x112AF, 30, 0x112EB, 0x112EF, 30, 0x112FA, 0x112FF, 30,
            0x11304, 0x11304, 30, 0x1130D, 0x1130E, 30, 0x11311, 0x11312, 30, 0x11329, 0x11329, 30,
            0x11331, 0x11331, 30, 0x11334, 0x11334, 30, 0x1133A, 0x1133A, 30, 0x11345, 0x11346, 30,
            0x11349, 0x1134A, 30, 0x1134E, 0x1134F, 30, 0x11351, 0x11356, 30, 0x11358, 0x1135C, 30,
            0x11364, 0x11365, 30, 0x1136D, 0x1136F, 30, 0x11375, 0x1137F, 30, 0x1138A, 0x1138A, 30,
            0x1138C, 0x1138D, 30, 0x1138F, 0x1138F, 30, 0x113B6, 0x113B6, 30, 0x113C1, 0x113C1, 30,
            0x113C3, 0x113C4, 30, 0x113C6, 0x113C6, 30, 0x113CB, 0x113CB, 30, 0x113D6, 0x113D6, 30,
            0x113D9, 0x113E0, 30, 0x113E3, 0x113FF, 30, 0x1145C, 0x1145C, 30, 0x11462, 0x1147F, 30,
            0x114C8, 0x114CF, 30, 0x114DA, 0x1157F, 30, 0x115B6, 0x115B7, 30, 0x115DE, 0x115FF, 30,
            0x11645, 0x1164F, 30, 0x1165A, 0x1165F, 30, 0x1166D, 0x1167F, 30, 0x116BA, 0x116BF, 30,
            0x116CA, 0x116CF, 30, 0x116E4, 0x116FF, 30, 0x1171B, 0x1171C, 30, 0x1172C, 0x1172F, 30,
            0x11747, 0x117FF, 30, 0x1183C, 0x1189F, 30, 0x118F3, 0x118FE, 30, 0x11907, 0x11908, 30,
            0x1190A, 0x1190B, 30, 0x11914, 0x11914, 30, 0x11917, 0x11917, 30, 0x11936, 0x11936, 30,
            0x11939, 0x1193A, 30, 0x11947, 0x1194F, 30, 0x1195A, 0x1199F, 30, 0x119A8, 0x119A9, 30,
            0x119D8, 0x119D9, 30, 0x119E5, 0x119FF, 30, 0x11A48, 0x11A4F, 30, 0x11AA3, 0x11AAF, 30,
            0x11AF9, 0x11AFF, 30, 0x11B0A, 0x11B5F, 30, 0x11B68, 0x11BBF, 30, 0x11BE2, 0x11BEF, 30,
            0x11BFA, 0x11BFF, 30, 0x11C09, 0x11C09, 30, 0x11C37, 0x11C37, 30, 0x11C46, 0x11C4F, 30,
            0x11C6D, 0x11C6F, 30, 0x11C90, 0x11C91, 30, 0x11CA8, 0x11CA8, 30, 0x11CB7, 0x11CFF, 30,
            0x11D07, 0x11D07, 30, 0x11D0A, 0x11D0A, 30, 0x11D37, 0x11D39, 30, 0x11D3B, 0x11D3B, 30,
            0x11D3E, 0x11D3E, 30, 0x11D48, 0x11D4F, 30, 0x11D5A, 0x11D5F, 30, 0x11D66, 0x11D66, 30,
            0x11D69, 0x11D69, 30, 0x11D8F, 0x11D8F, 30, 0x11D92, 0x11D92, 30, 0x11D99, 0x11D9F, 30,
            0x11DAA, 0x11DAF, 30, 0x11DDC, 0x11DDF, 30, 0x11DEA, 0x11EDF, 30, 0x11EF9, 0x11EFF, 30,
            0x11F11, 0x11F11, 30, 0x11F3B, 0x11F3D, 30, 0x11F5B, 0x11FAF, 30, 0x11FB1, 0x11FBF, 30,
            0x11FF2, 0x11FFE, 30, 0x1239A, 0x123FF, 30, 0x1246F, 0x1246F, 30, 0x12475, 0x1247F, 30,
            0x12544, 0x12F8F, 30, 0x12FF3, 0x12FFF, 30, 0x13456, 0x1345F, 30, 0x143FB, 0x143FF, 30,
            0x14647, 0x160FF, 30, 0x1613A, 0x167FF, 30, 0x16A39, 0x16A3F, 30, 0x16A5F, 0x16A5F, 30,
            0x16A6A, 0x16A6D, 30, 0x16ABF, 0x16ABF, 30, 0x16ACA, 0x16ACF, 30, 0x16AEE, 0x16AEF, 30,
            0x16AF6, 0x16AFF, 30, 0x16B46, 0x16B4F, 30, 0x16B5A, 0x16B5A, 30, 0x16B62, 0x16B62, 30,
            0x16B78, 0x16B7C, 30, 0x16B90, 0x16D3F, 30, 0x16D7A, 0x16E3F, 30, 0x16E9B, 0x16E9F, 30,
            0x16EB9, 0x16EBA, 30, 0x16ED4, 0x16EFF, 30, 0x16F4B, 0x16F4E, 30, 0x16F88, 0x16F8E, 30,
            0x16FA0, 0x16FDF, 30, 0x16FE5, 0x16FEF, 30, 0x16FF7, 0x16FFF, 30, 0x18CD6, 0x18CFE, 30,
            0x18D1F, 0x18D7F, 30, 0x18DF3, 0x1AFEF, 30, 0x1AFF4, 0x1AFF4, 30, 0x1AFFC, 0x1AFFC, 30,
            0x1AFFF, 0x1AFFF, 30, 0x1B123, 0x1B131, 30, 0x1B133, 0x1B14F, 30, 0x1B153, 0x1B154, 30,
            0x1B156, 0x1B163, 30, 0x1B168, 0x1B16F, 30, 0x1B2FC, 0x1BBFF, 30, 0x1BC6B, 0x1BC6F, 30,
            0x1BC7D, 0x1BC7F, 30, 0x1BC89, 0x1BC8F, 30, 0x1BC9A, 0x1BC9B, 30, 0x1BCA4, 0x1CBFF, 30,
            0x1CCFD, 0x1CCFF, 30, 0x1CEB4, 0x1CEB9, 30, 0x1CED1, 0x1CEDF, 30, 0x1CEF1, 0x1CEFF, 30,
            0x1CF2E, 0x1CF2F, 30, 0x1CF47, 0x1CF4F, 30, 0x1CFC4, 0x1CFFF, 30, 0x1D0F6, 0x1D0FF, 30,
            0x1D127, 0x1D128, 30, 0x1D1EB, 0x1D1FF, 30, 0x1D246, 0x1D2BF, 30, 0x1D2D4, 0x1D2DF, 30,
            0x1D2F4, 0x1D2FF, 30, 0x1D357, 0x1D35F, 30, 0x1D379, 0x1D3FF, 30, 0x1D455, 0x1D455, 30,
            0x1D49D, 0x1D49D, 30, 0x1D4A0, 0x1D4A1, 30, 0x1D4A3, 0x1D4A4, 30, 0x1D4A7, 0x1D4A8, 30,
            0x1D4AD, 0x1D4AD, 30, 0x1D4BA, 0x1D4BA, 30, 0x1D4BC, 0x1D4BC, 30, 0x1D4C4, 0x1D4C4, 30,
            0x1D506, 0x1D506, 30, 0x1D50B, 0x1D50C, 30, 0x1D515, 0x1D515, 30, 0x1D51D, 0x1D51D, 30,
            0x1D53A, 0x1D53A, 30, 0x1D53F, 0x1D53F, 30, 0x1D545, 0x1D545, 30, 0x1D547, 0x1D549, 30,
            0x1D551, 0x1D551, 30, 0x1D6A6, 0x1D6A7, 30, 0x1D7CC, 0x1D7CD, 30, 0x1DA8C, 0x1DA9A, 30,
            0x1DAA0, 0x1DAA0, 30, 0x1DAB0, 0x1DEFF, 30, 0x1DF1F, 0x1DF24, 30, 0x1DF2B, 0x1DFFF, 30,
            0x1E007, 0x1E007, 30, 0x1E019, 0x1E01A, 30, 0x1E022, 0x1E022, 30, 0x1E025, 0x1E025, 30,
            0x1E02B, 0x1E02F, 30, 0x1E06E, 0x1E08E, 30, 0x1E090, 0x1E0FF, 30, 0x1E12D, 0x1E12F, 30,
            0x1E13E, 0x1E13F, 30, 0x1E14A, 0x1E14D, 30, 0x1E150, 0x1E28F, 30, 0x1E2AF, 0x1E2BF, 30,
            0x1E2FA, 0x1E2FE, 30, 0x1E300, 0x1E4CF, 30, 0x1E4FA, 0x1E5CF, 30, 0x1E5FB, 0x1E5FE, 30,
            0x1E600, 0x1E6BF, 30, 0x1E6DF, 0x1E6DF, 30, 0x1E6F6, 0x1E6FD, 30, 0x1E700, 0x1E7DF, 30,
            0x1E7E7, 0x1E7E7, 30, 0x1E7EC, 0x1E7EC, 30, 0x1E7EF, 0x1E7EF, 30, 0x1E7FF, 0x1E7FF, 30,
            0x1E8C5, 0x1E8C6, 30, 0x1E8D7, 0x1E8FF, 30, 0x1E94C, 0x1E94F, 30, 0x1E95A, 0x1E95D, 30,
            0x1E960, 0x1EC70, 30, 0x1ECB5, 0x1ED00, 30, 0x1ED3E, 0x1EDFF, 30, 0x1EE04, 0x1EE04, 30,
            0x1EE20, 0x1EE20, 30, 0x1EE23, 0x1EE23, 30, 0x1EE25, 0x1EE26, 30, 0x1EE28, 0x1EE28, 30,
        };
    }

    private static int[] rangeChunk12() {
        return new int[] {
            0x1EE33, 0x1EE33, 30, 0x1EE38, 0x1EE38, 30, 0x1EE3A, 0x1EE3A, 30, 0x1EE3C, 0x1EE41, 30,
            0x1EE43, 0x1EE46, 30, 0x1EE48, 0x1EE48, 30, 0x1EE4A, 0x1EE4A, 30, 0x1EE4C, 0x1EE4C, 30,
            0x1EE50, 0x1EE50, 30, 0x1EE53, 0x1EE53, 30, 0x1EE55, 0x1EE56, 30, 0x1EE58, 0x1EE58, 30,
            0x1EE5A, 0x1EE5A, 30, 0x1EE5C, 0x1EE5C, 30, 0x1EE5E, 0x1EE5E, 30, 0x1EE60, 0x1EE60, 30,
            0x1EE63, 0x1EE63, 30, 0x1EE65, 0x1EE66, 30, 0x1EE6B, 0x1EE6B, 30, 0x1EE73, 0x1EE73, 30,
            0x1EE78, 0x1EE78, 30, 0x1EE7D, 0x1EE7D, 30, 0x1EE7F, 0x1EE7F, 30, 0x1EE8A, 0x1EE8A, 30,
            0x1EE9C, 0x1EEA0, 30, 0x1EEA4, 0x1EEA4, 30, 0x1EEAA, 0x1EEAA, 30, 0x1EEBC, 0x1EEEF, 30,
            0x1EEF2, 0x1EFFF, 30, 0x1F02C, 0x1F02F, 30, 0x1F094, 0x1F09F, 30, 0x1F0AF, 0x1F0B0, 30,
            0x1F0C0, 0x1F0C0, 30, 0x1F0D0, 0x1F0D0, 30, 0x1F0F6, 0x1F0FF, 30, 0x1F1AE, 0x1F1E5, 30,
            0x1F203, 0x1F20F, 30, 0x1F23C, 0x1F23F, 30, 0x1F249, 0x1F24F, 30, 0x1F252, 0x1F25F, 30,
            0x1F266, 0x1F2FF, 30, 0x1F6D9, 0x1F6DB, 30, 0x1F6ED, 0x1F6EF, 30, 0x1F6FD, 0x1F6FF, 30,
            0x1F7DA, 0x1F7DF, 30, 0x1F7EC, 0x1F7EF, 30, 0x1F7F1, 0x1F7FF, 30, 0x1F80C, 0x1F80F, 30,
            0x1F848, 0x1F84F, 30, 0x1F85A, 0x1F85F, 30, 0x1F888, 0x1F88F, 30, 0x1F8AE, 0x1F8AF, 30,
            0x1F8BC, 0x1F8BF, 30, 0x1F8C2, 0x1F8CF, 30, 0x1F8D9, 0x1F8FF, 30, 0x1FA58, 0x1FA5F, 30,
            0x1FA6E, 0x1FA6F, 30, 0x1FA7D, 0x1FA7F, 30, 0x1FA8B, 0x1FA8D, 30, 0x1FAC7, 0x1FAC7, 30,
            0x1FAC9, 0x1FACC, 30, 0x1FADD, 0x1FADE, 30, 0x1FAEB, 0x1FAEE, 30, 0x1FAF9, 0x1FAFF, 30,
            0x1FB93, 0x1FB93, 30, 0x1FBFB, 0x1FFFF, 30, 0x2A6E0, 0x2A6FF, 30, 0x2B81E, 0x2B81F, 30,
            0x2CEAE, 0x2CEAF, 30, 0x2EBE1, 0x2EBEF, 30, 0x2EE5E, 0x2F7FF, 30, 0x2FA1E, 0x2FFFF, 30,
            0x3134B, 0x3134F, 30, 0x3347A, 0xE0000, 30, 0xE0002, 0xE001F, 30, 0xE0080, 0xE00FF, 30,
            0xE01F0, 0xEFFFF, 30, 0xFFFFE, 0xFFFFF, 30, 0x10FFFE, 0x10FFFF, 30, 0x0, 0x1F, 30,
            0x7F, 0x9F, 30, 0xAD, 0xAD, 30, 0x600, 0x605, 30, 0x61C, 0x61C, 30,
            0x6DD, 0x6DD, 30, 0x70F, 0x70F, 30, 0x890, 0x891, 30, 0x8E2, 0x8E2, 30,
            0x180E, 0x180E, 30, 0x200B, 0x200F, 30, 0x202A, 0x202E, 30, 0x2060, 0x2064, 30,
            0x2066, 0x206F, 30, 0xFEFF, 0xFEFF, 30, 0xFFF9, 0xFFFB, 30, 0x110BD, 0x110BD, 30,
            0x110CD, 0x110CD, 30, 0x13430, 0x1343F, 30, 0x1BCA0, 0x1BCA3, 30, 0x1D173, 0x1D17A, 30,
            0xE0001, 0xE0001, 30, 0xE0020, 0xE007F, 30, 0xE000, 0xF8FF, 30, 0xF0000, 0xFFFFD, 30,
            0x100000, 0x10FFFD, 30, 0xD800, 0xDFFF, 30, 0x41, 0x5A, 31, 0xC0, 0xD6, 31,
            0xD8, 0xDE, 31, 0x100, 0x100, 31, 0x102, 0x102, 31, 0x104, 0x104, 31,
            0x106, 0x106, 31, 0x108, 0x108, 31, 0x10A, 0x10A, 31, 0x10C, 0x10C, 31,
            0x10E, 0x10E, 31, 0x110, 0x110, 31, 0x112, 0x112, 31, 0x114, 0x114, 31,
            0x116, 0x116, 31, 0x118, 0x118, 31, 0x11A, 0x11A, 31, 0x11C, 0x11C, 31,
            0x11E, 0x11E, 31, 0x120, 0x120, 31, 0x122, 0x122, 31, 0x124, 0x124, 31,
            0x126, 0x126, 31, 0x128, 0x128, 31, 0x12A, 0x12A, 31, 0x12C, 0x12C, 31,
            0x12E, 0x12E, 31, 0x130, 0x130, 31, 0x132, 0x132, 31, 0x134, 0x134, 31,
            0x136, 0x136, 31, 0x139, 0x139, 31, 0x13B, 0x13B, 31, 0x13D, 0x13D, 31,
            0x13F, 0x13F, 31, 0x141, 0x141, 31, 0x143, 0x143, 31, 0x145, 0x145, 31,
            0x147, 0x147, 31, 0x14A, 0x14A, 31, 0x14C, 0x14C, 31, 0x14E, 0x14E, 31,
            0x150, 0x150, 31, 0x152, 0x152, 31, 0x154, 0x154, 31, 0x156, 0x156, 31,
            0x158, 0x158, 31, 0x15A, 0x15A, 31, 0x15C, 0x15C, 31, 0x15E, 0x15E, 31,
            0x160, 0x160, 31, 0x162, 0x162, 31, 0x164, 0x164, 31, 0x166, 0x166, 31,
            0x168, 0x168, 31, 0x16A, 0x16A, 31, 0x16C, 0x16C, 31, 0x16E, 0x16E, 31,
            0x170, 0x170, 31, 0x172, 0x172, 31, 0x174, 0x174, 31, 0x176, 0x176, 31,
            0x178, 0x179, 31, 0x17B, 0x17B, 31, 0x17D, 0x17D, 31, 0x181, 0x182, 31,
            0x184, 0x184, 31, 0x186, 0x187, 31, 0x189, 0x18B, 31, 0x18E, 0x191, 31,
            0x193, 0x194, 31, 0x196, 0x198, 31, 0x19C, 0x19D, 31, 0x19F, 0x1A0, 31,
            0x1A2, 0x1A2, 31, 0x1A4, 0x1A4, 31, 0x1A6, 0x1A7, 31, 0x1A9, 0x1A9, 31,
            0x1AC, 0x1AC, 31, 0x1AE, 0x1AF, 31, 0x1B1, 0x1B3, 31, 0x1B5, 0x1B5, 31,
            0x1B7, 0x1B8, 31, 0x1BC, 0x1BC, 31, 0x1C4, 0x1C4, 31, 0x1C7, 0x1C7, 31,
            0x1CA, 0x1CA, 31, 0x1CD, 0x1CD, 31, 0x1CF, 0x1CF, 31, 0x1D1, 0x1D1, 31,
            0x1D3, 0x1D3, 31, 0x1D5, 0x1D5, 31, 0x1D7, 0x1D7, 31, 0x1D9, 0x1D9, 31,
            0x1DB, 0x1DB, 31, 0x1DE, 0x1DE, 31, 0x1E0, 0x1E0, 31, 0x1E2, 0x1E2, 31,
            0x1E4, 0x1E4, 31, 0x1E6, 0x1E6, 31, 0x1E8, 0x1E8, 31, 0x1EA, 0x1EA, 31,
            0x1EC, 0x1EC, 31, 0x1EE, 0x1EE, 31, 0x1F1, 0x1F1, 31, 0x1F4, 0x1F4, 31,
            0x1F6, 0x1F8, 31, 0x1FA, 0x1FA, 31, 0x1FC, 0x1FC, 31, 0x1FE, 0x1FE, 31,
            0x200, 0x200, 31, 0x202, 0x202, 31, 0x204, 0x204, 31, 0x206, 0x206, 31,
            0x208, 0x208, 31, 0x20A, 0x20A, 31, 0x20C, 0x20C, 31, 0x20E, 0x20E, 31,
            0x210, 0x210, 31, 0x212, 0x212, 31, 0x214, 0x214, 31, 0x216, 0x216, 31,
            0x218, 0x218, 31, 0x21A, 0x21A, 31, 0x21C, 0x21C, 31, 0x21E, 0x21E, 31,
            0x220, 0x220, 31, 0x222, 0x222, 31, 0x224, 0x224, 31, 0x226, 0x226, 31,
            0x228, 0x228, 31, 0x22A, 0x22A, 31, 0x22C, 0x22C, 31, 0x22E, 0x22E, 31,
            0x230, 0x230, 31, 0x232, 0x232, 31, 0x23A, 0x23B, 31, 0x23D, 0x23E, 31,
            0x241, 0x241, 31, 0x243, 0x246, 31, 0x248, 0x248, 31, 0x24A, 0x24A, 31,
            0x24C, 0x24C, 31, 0x24E, 0x24E, 31, 0x370, 0x370, 31, 0x372, 0x372, 31,
            0x376, 0x376, 31, 0x37F, 0x37F, 31, 0x386, 0x386, 31, 0x388, 0x38A, 31,
            0x38C, 0x38C, 31, 0x38E, 0x38F, 31, 0x391, 0x3A1, 31, 0x3A3, 0x3AB, 31,
            0x3CF, 0x3CF, 31, 0x3D2, 0x3D4, 31, 0x3D8, 0x3D8, 31, 0x3DA, 0x3DA, 31,
            0x3DC, 0x3DC, 31, 0x3DE, 0x3DE, 31, 0x3E0, 0x3E0, 31, 0x3E2, 0x3E2, 31,
            0x3E4, 0x3E4, 31, 0x3E6, 0x3E6, 31, 0x3E8, 0x3E8, 31, 0x3EA, 0x3EA, 31,
            0x3EC, 0x3EC, 31, 0x3EE, 0x3EE, 31, 0x3F4, 0x3F4, 31, 0x3F7, 0x3F7, 31,
            0x3F9, 0x3FA, 31, 0x3FD, 0x42F, 31, 0x460, 0x460, 31, 0x462, 0x462, 31,
            0x464, 0x464, 31, 0x466, 0x466, 31, 0x468, 0x468, 31, 0x46A, 0x46A, 31,
            0x46C, 0x46C, 31, 0x46E, 0x46E, 31, 0x470, 0x470, 31, 0x472, 0x472, 31,
            0x474, 0x474, 31, 0x476, 0x476, 31, 0x478, 0x478, 31, 0x47A, 0x47A, 31,
            0x47C, 0x47C, 31, 0x47E, 0x47E, 31, 0x480, 0x480, 31, 0x48A, 0x48A, 31,
            0x48C, 0x48C, 31, 0x48E, 0x48E, 31, 0x490, 0x490, 31, 0x492, 0x492, 31,
            0x494, 0x494, 31, 0x496, 0x496, 31, 0x498, 0x498, 31, 0x49A, 0x49A, 31,
            0x49C, 0x49C, 31, 0x49E, 0x49E, 31, 0x4A0, 0x4A0, 31, 0x4A2, 0x4A2, 31,
            0x4A4, 0x4A4, 31, 0x4A6, 0x4A6, 31, 0x4A8, 0x4A8, 31, 0x4AA, 0x4AA, 31,
            0x4AC, 0x4AC, 31, 0x4AE, 0x4AE, 31, 0x4B0, 0x4B0, 31, 0x4B2, 0x4B2, 31,
            0x4B4, 0x4B4, 31, 0x4B6, 0x4B6, 31, 0x4B8, 0x4B8, 31, 0x4BA, 0x4BA, 31,
            0x4BC, 0x4BC, 31, 0x4BE, 0x4BE, 31, 0x4C0, 0x4C1, 31, 0x4C3, 0x4C3, 31,
            0x4C5, 0x4C5, 31, 0x4C7, 0x4C7, 31, 0x4C9, 0x4C9, 31, 0x4CB, 0x4CB, 31,
            0x4CD, 0x4CD, 31, 0x4D0, 0x4D0, 31, 0x4D2, 0x4D2, 31, 0x4D4, 0x4D4, 31,
            0x4D6, 0x4D6, 31, 0x4D8, 0x4D8, 31, 0x4DA, 0x4DA, 31, 0x4DC, 0x4DC, 31,
            0x4DE, 0x4DE, 31, 0x4E0, 0x4E0, 31, 0x4E2, 0x4E2, 31, 0x4E4, 0x4E4, 31,
            0x4E6, 0x4E6, 31, 0x4E8, 0x4E8, 31, 0x4EA, 0x4EA, 31, 0x4EC, 0x4EC, 31,
            0x4EE, 0x4EE, 31, 0x4F0, 0x4F0, 31, 0x4F2, 0x4F2, 31, 0x4F4, 0x4F4, 31,
            0x4F6, 0x4F6, 31, 0x4F8, 0x4F8, 31, 0x4FA, 0x4FA, 31, 0x4FC, 0x4FC, 31,
            0x4FE, 0x4FE, 31, 0x500, 0x500, 31, 0x502, 0x502, 31, 0x504, 0x504, 31,
            0x506, 0x506, 31, 0x508, 0x508, 31, 0x50A, 0x50A, 31, 0x50C, 0x50C, 31,
            0x50E, 0x50E, 31, 0x510, 0x510, 31, 0x512, 0x512, 31, 0x514, 0x514, 31,
            0x516, 0x516, 31, 0x518, 0x518, 31, 0x51A, 0x51A, 31, 0x51C, 0x51C, 31,
            0x51E, 0x51E, 31, 0x520, 0x520, 31, 0x522, 0x522, 31, 0x524, 0x524, 31,
            0x526, 0x526, 31, 0x528, 0x528, 31, 0x52A, 0x52A, 31, 0x52C, 0x52C, 31,
            0x52E, 0x52E, 31, 0x531, 0x556, 31, 0x10A0, 0x10C5, 31, 0x10C7, 0x10C7, 31,
            0x10CD, 0x10CD, 31, 0x13A0, 0x13F5, 31, 0x1C89, 0x1C89, 31, 0x1C90, 0x1CBA, 31,
            0x1CBD, 0x1CBF, 31, 0x1E00, 0x1E00, 31, 0x1E02, 0x1E02, 31, 0x1E04, 0x1E04, 31,
            0x1E06, 0x1E06, 31, 0x1E08, 0x1E08, 31, 0x1E0A, 0x1E0A, 31, 0x1E0C, 0x1E0C, 31,
            0x1E0E, 0x1E0E, 31, 0x1E10, 0x1E10, 31, 0x1E12, 0x1E12, 31, 0x1E14, 0x1E14, 31,
            0x1E16, 0x1E16, 31, 0x1E18, 0x1E18, 31, 0x1E1A, 0x1E1A, 31, 0x1E1C, 0x1E1C, 31,
        };
    }

    private static int[] rangeChunk13() {
        return new int[] {
            0x1E1E, 0x1E1E, 31, 0x1E20, 0x1E20, 31, 0x1E22, 0x1E22, 31, 0x1E24, 0x1E24, 31,
            0x1E26, 0x1E26, 31, 0x1E28, 0x1E28, 31, 0x1E2A, 0x1E2A, 31, 0x1E2C, 0x1E2C, 31,
            0x1E2E, 0x1E2E, 31, 0x1E30, 0x1E30, 31, 0x1E32, 0x1E32, 31, 0x1E34, 0x1E34, 31,
            0x1E36, 0x1E36, 31, 0x1E38, 0x1E38, 31, 0x1E3A, 0x1E3A, 31, 0x1E3C, 0x1E3C, 31,
            0x1E3E, 0x1E3E, 31, 0x1E40, 0x1E40, 31, 0x1E42, 0x1E42, 31, 0x1E44, 0x1E44, 31,
            0x1E46, 0x1E46, 31, 0x1E48, 0x1E48, 31, 0x1E4A, 0x1E4A, 31, 0x1E4C, 0x1E4C, 31,
            0x1E4E, 0x1E4E, 31, 0x1E50, 0x1E50, 31, 0x1E52, 0x1E52, 31, 0x1E54, 0x1E54, 31,
            0x1E56, 0x1E56, 31, 0x1E58, 0x1E58, 31, 0x1E5A, 0x1E5A, 31, 0x1E5C, 0x1E5C, 31,
            0x1E5E, 0x1E5E, 31, 0x1E60, 0x1E60, 31, 0x1E62, 0x1E62, 31, 0x1E64, 0x1E64, 31,
            0x1E66, 0x1E66, 31, 0x1E68, 0x1E68, 31, 0x1E6A, 0x1E6A, 31, 0x1E6C, 0x1E6C, 31,
            0x1E6E, 0x1E6E, 31, 0x1E70, 0x1E70, 31, 0x1E72, 0x1E72, 31, 0x1E74, 0x1E74, 31,
            0x1E76, 0x1E76, 31, 0x1E78, 0x1E78, 31, 0x1E7A, 0x1E7A, 31, 0x1E7C, 0x1E7C, 31,
            0x1E7E, 0x1E7E, 31, 0x1E80, 0x1E80, 31, 0x1E82, 0x1E82, 31, 0x1E84, 0x1E84, 31,
            0x1E86, 0x1E86, 31, 0x1E88, 0x1E88, 31, 0x1E8A, 0x1E8A, 31, 0x1E8C, 0x1E8C, 31,
            0x1E8E, 0x1E8E, 31, 0x1E90, 0x1E90, 31, 0x1E92, 0x1E92, 31, 0x1E94, 0x1E94, 31,
            0x1E9E, 0x1E9E, 31, 0x1EA0, 0x1EA0, 31, 0x1EA2, 0x1EA2, 31, 0x1EA4, 0x1EA4, 31,
            0x1EA6, 0x1EA6, 31, 0x1EA8, 0x1EA8, 31, 0x1EAA, 0x1EAA, 31, 0x1EAC, 0x1EAC, 31,
            0x1EAE, 0x1EAE, 31, 0x1EB0, 0x1EB0, 31, 0x1EB2, 0x1EB2, 31, 0x1EB4, 0x1EB4, 31,
            0x1EB6, 0x1EB6, 31, 0x1EB8, 0x1EB8, 31, 0x1EBA, 0x1EBA, 31, 0x1EBC, 0x1EBC, 31,
            0x1EBE, 0x1EBE, 31, 0x1EC0, 0x1EC0, 31, 0x1EC2, 0x1EC2, 31, 0x1EC4, 0x1EC4, 31,
            0x1EC6, 0x1EC6, 31, 0x1EC8, 0x1EC8, 31, 0x1ECA, 0x1ECA, 31, 0x1ECC, 0x1ECC, 31,
            0x1ECE, 0x1ECE, 31, 0x1ED0, 0x1ED0, 31, 0x1ED2, 0x1ED2, 31, 0x1ED4, 0x1ED4, 31,
            0x1ED6, 0x1ED6, 31, 0x1ED8, 0x1ED8, 31, 0x1EDA, 0x1EDA, 31, 0x1EDC, 0x1EDC, 31,
            0x1EDE, 0x1EDE, 31, 0x1EE0, 0x1EE0, 31, 0x1EE2, 0x1EE2, 31, 0x1EE4, 0x1EE4, 31,
            0x1EE6, 0x1EE6, 31, 0x1EE8, 0x1EE8, 31, 0x1EEA, 0x1EEA, 31, 0x1EEC, 0x1EEC, 31,
            0x1EEE, 0x1EEE, 31, 0x1EF0, 0x1EF0, 31, 0x1EF2, 0x1EF2, 31, 0x1EF4, 0x1EF4, 31,
            0x1EF6, 0x1EF6, 31, 0x1EF8, 0x1EF8, 31, 0x1EFA, 0x1EFA, 31, 0x1EFC, 0x1EFC, 31,
            0x1EFE, 0x1EFE, 31, 0x1F08, 0x1F0F, 31, 0x1F18, 0x1F1D, 31, 0x1F28, 0x1F2F, 31,
            0x1F38, 0x1F3F, 31, 0x1F48, 0x1F4D, 31, 0x1F59, 0x1F59, 31, 0x1F5B, 0x1F5B, 31,
            0x1F5D, 0x1F5D, 31, 0x1F5F, 0x1F5F, 31, 0x1F68, 0x1F6F, 31, 0x1FB8, 0x1FBB, 31,
            0x1FC8, 0x1FCB, 31, 0x1FD8, 0x1FDB, 31, 0x1FE8, 0x1FEC, 31, 0x1FF8, 0x1FFB, 31,
            0x2102, 0x2102, 31, 0x2107, 0x2107, 31, 0x210B, 0x210D, 31, 0x2110, 0x2112, 31,
            0x2115, 0x2115, 31, 0x2119, 0x211D, 31, 0x2124, 0x2124, 31, 0x2126, 0x2126, 31,
            0x2128, 0x2128, 31, 0x212A, 0x212D, 31, 0x2130, 0x2133, 31, 0x213E, 0x213F, 31,
            0x2145, 0x2145, 31, 0x2183, 0x2183, 31, 0x2C00, 0x2C2F, 31, 0x2C60, 0x2C60, 31,
            0x2C62, 0x2C64, 31, 0x2C67, 0x2C67, 31, 0x2C69, 0x2C69, 31, 0x2C6B, 0x2C6B, 31,
            0x2C6D, 0x2C70, 31, 0x2C72, 0x2C72, 31, 0x2C75, 0x2C75, 31, 0x2C7E, 0x2C80, 31,
            0x2C82, 0x2C82, 31, 0x2C84, 0x2C84, 31, 0x2C86, 0x2C86, 31, 0x2C88, 0x2C88, 31,
            0x2C8A, 0x2C8A, 31, 0x2C8C, 0x2C8C, 31, 0x2C8E, 0x2C8E, 31, 0x2C90, 0x2C90, 31,
            0x2C92, 0x2C92, 31, 0x2C94, 0x2C94, 31, 0x2C96, 0x2C96, 31, 0x2C98, 0x2C98, 31,
            0x2C9A, 0x2C9A, 31, 0x2C9C, 0x2C9C, 31, 0x2C9E, 0x2C9E, 31, 0x2CA0, 0x2CA0, 31,
            0x2CA2, 0x2CA2, 31, 0x2CA4, 0x2CA4, 31, 0x2CA6, 0x2CA6, 31, 0x2CA8, 0x2CA8, 31,
            0x2CAA, 0x2CAA, 31, 0x2CAC, 0x2CAC, 31, 0x2CAE, 0x2CAE, 31, 0x2CB0, 0x2CB0, 31,
            0x2CB2, 0x2CB2, 31, 0x2CB4, 0x2CB4, 31, 0x2CB6, 0x2CB6, 31, 0x2CB8, 0x2CB8, 31,
            0x2CBA, 0x2CBA, 31, 0x2CBC, 0x2CBC, 31, 0x2CBE, 0x2CBE, 31, 0x2CC0, 0x2CC0, 31,
            0x2CC2, 0x2CC2, 31, 0x2CC4, 0x2CC4, 31, 0x2CC6, 0x2CC6, 31, 0x2CC8, 0x2CC8, 31,
            0x2CCA, 0x2CCA, 31, 0x2CCC, 0x2CCC, 31, 0x2CCE, 0x2CCE, 31, 0x2CD0, 0x2CD0, 31,
            0x2CD2, 0x2CD2, 31, 0x2CD4, 0x2CD4, 31, 0x2CD6, 0x2CD6, 31, 0x2CD8, 0x2CD8, 31,
            0x2CDA, 0x2CDA, 31, 0x2CDC, 0x2CDC, 31, 0x2CDE, 0x2CDE, 31, 0x2CE0, 0x2CE0, 31,
            0x2CE2, 0x2CE2, 31, 0x2CEB, 0x2CEB, 31, 0x2CED, 0x2CED, 31, 0x2CF2, 0x2CF2, 31,
            0xA640, 0xA640, 31, 0xA642, 0xA642, 31, 0xA644, 0xA644, 31, 0xA646, 0xA646, 31,
            0xA648, 0xA648, 31, 0xA64A, 0xA64A, 31, 0xA64C, 0xA64C, 31, 0xA64E, 0xA64E, 31,
            0xA650, 0xA650, 31, 0xA652, 0xA652, 31, 0xA654, 0xA654, 31, 0xA656, 0xA656, 31,
            0xA658, 0xA658, 31, 0xA65A, 0xA65A, 31, 0xA65C, 0xA65C, 31, 0xA65E, 0xA65E, 31,
            0xA660, 0xA660, 31, 0xA662, 0xA662, 31, 0xA664, 0xA664, 31, 0xA666, 0xA666, 31,
            0xA668, 0xA668, 31, 0xA66A, 0xA66A, 31, 0xA66C, 0xA66C, 31, 0xA680, 0xA680, 31,
            0xA682, 0xA682, 31, 0xA684, 0xA684, 31, 0xA686, 0xA686, 31, 0xA688, 0xA688, 31,
            0xA68A, 0xA68A, 31, 0xA68C, 0xA68C, 31, 0xA68E, 0xA68E, 31, 0xA690, 0xA690, 31,
            0xA692, 0xA692, 31, 0xA694, 0xA694, 31, 0xA696, 0xA696, 31, 0xA698, 0xA698, 31,
            0xA69A, 0xA69A, 31, 0xA722, 0xA722, 31, 0xA724, 0xA724, 31, 0xA726, 0xA726, 31,
            0xA728, 0xA728, 31, 0xA72A, 0xA72A, 31, 0xA72C, 0xA72C, 31, 0xA72E, 0xA72E, 31,
            0xA732, 0xA732, 31, 0xA734, 0xA734, 31, 0xA736, 0xA736, 31, 0xA738, 0xA738, 31,
            0xA73A, 0xA73A, 31, 0xA73C, 0xA73C, 31, 0xA73E, 0xA73E, 31, 0xA740, 0xA740, 31,
            0xA742, 0xA742, 31, 0xA744, 0xA744, 31, 0xA746, 0xA746, 31, 0xA748, 0xA748, 31,
            0xA74A, 0xA74A, 31, 0xA74C, 0xA74C, 31, 0xA74E, 0xA74E, 31, 0xA750, 0xA750, 31,
            0xA752, 0xA752, 31, 0xA754, 0xA754, 31, 0xA756, 0xA756, 31, 0xA758, 0xA758, 31,
            0xA75A, 0xA75A, 31, 0xA75C, 0xA75C, 31, 0xA75E, 0xA75E, 31, 0xA760, 0xA760, 31,
            0xA762, 0xA762, 31, 0xA764, 0xA764, 31, 0xA766, 0xA766, 31, 0xA768, 0xA768, 31,
            0xA76A, 0xA76A, 31, 0xA76C, 0xA76C, 31, 0xA76E, 0xA76E, 31, 0xA779, 0xA779, 31,
            0xA77B, 0xA77B, 31, 0xA77D, 0xA77E, 31, 0xA780, 0xA780, 31, 0xA782, 0xA782, 31,
            0xA784, 0xA784, 31, 0xA786, 0xA786, 31, 0xA78B, 0xA78B, 31, 0xA78D, 0xA78D, 31,
            0xA790, 0xA790, 31, 0xA792, 0xA792, 31, 0xA796, 0xA796, 31, 0xA798, 0xA798, 31,
            0xA79A, 0xA79A, 31, 0xA79C, 0xA79C, 31, 0xA79E, 0xA79E, 31, 0xA7A0, 0xA7A0, 31,
            0xA7A2, 0xA7A2, 31, 0xA7A4, 0xA7A4, 31, 0xA7A6, 0xA7A6, 31, 0xA7A8, 0xA7A8, 31,
            0xA7AA, 0xA7AE, 31, 0xA7B0, 0xA7B4, 31, 0xA7B6, 0xA7B6, 31, 0xA7B8, 0xA7B8, 31,
            0xA7BA, 0xA7BA, 31, 0xA7BC, 0xA7BC, 31, 0xA7BE, 0xA7BE, 31, 0xA7C0, 0xA7C0, 31,
            0xA7C2, 0xA7C2, 31, 0xA7C4, 0xA7C7, 31, 0xA7C9, 0xA7C9, 31, 0xA7CB, 0xA7CC, 31,
            0xA7CE, 0xA7CE, 31, 0xA7D0, 0xA7D0, 31, 0xA7D2, 0xA7D2, 31, 0xA7D4, 0xA7D4, 31,
            0xA7D6, 0xA7D6, 31, 0xA7D8, 0xA7D8, 31, 0xA7DA, 0xA7DA, 31, 0xA7DC, 0xA7DC, 31,
            0xA7F5, 0xA7F5, 31, 0xFF21, 0xFF3A, 31, 0x10400, 0x10427, 31, 0x104B0, 0x104D3, 31,
            0x10570, 0x1057A, 31, 0x1057C, 0x1058A, 31, 0x1058C, 0x10592, 31, 0x10594, 0x10595, 31,
            0x10C80, 0x10CB2, 31, 0x10D50, 0x10D65, 31, 0x118A0, 0x118BF, 31, 0x16E40, 0x16E5F, 31,
            0x16EA0, 0x16EB8, 31, 0x1D400, 0x1D419, 31, 0x1D434, 0x1D44D, 31, 0x1D468, 0x1D481, 31,
            0x1D49C, 0x1D49C, 31, 0x1D49E, 0x1D49F, 31, 0x1D4A2, 0x1D4A2, 31, 0x1D4A5, 0x1D4A6, 31,
            0x1D4A9, 0x1D4AC, 31, 0x1D4AE, 0x1D4B5, 31, 0x1D4D0, 0x1D4E9, 31, 0x1D504, 0x1D505, 31,
            0x1D507, 0x1D50A, 31, 0x1D50D, 0x1D514, 31, 0x1D516, 0x1D51C, 31, 0x1D538, 0x1D539, 31,
            0x1D53B, 0x1D53E, 31, 0x1D540, 0x1D544, 31, 0x1D546, 0x1D546, 31, 0x1D54A, 0x1D550, 31,
            0x1D56C, 0x1D585, 31, 0x1D5A0, 0x1D5B9, 31, 0x1D5D4, 0x1D5ED, 31, 0x1D608, 0x1D621, 31,
            0x1D63C, 0x1D655, 31, 0x1D670, 0x1D689, 31, 0x1D6A8, 0x1D6C0, 31, 0x1D6E2, 0x1D6FA, 31,
            0x1D71C, 0x1D734, 31, 0x1D756, 0x1D76E, 31, 0x1D790, 0x1D7A8, 31, 0x1D7CA, 0x1D7CA, 31,
            0x1E900, 0x1E921, 31, 0x61, 0x7A, 31, 0xB5, 0xB5, 31, 0xDF, 0xF6, 31,
            0xF8, 0xFF, 31, 0x101, 0x101, 31, 0x103, 0x103, 31, 0x105, 0x105, 31,
            0x107, 0x107, 31, 0x109, 0x109, 31, 0x10B, 0x10B, 31, 0x10D, 0x10D, 31,
            0x10F, 0x10F, 31, 0x111, 0x111, 31, 0x113, 0x113, 31, 0x115, 0x115, 31,
            0x117, 0x117, 31, 0x119, 0x119, 31, 0x11B, 0x11B, 31, 0x11D, 0x11D, 31,
            0x11F, 0x11F, 31, 0x121, 0x121, 31, 0x123, 0x123, 31, 0x125, 0x125, 31,
            0x127, 0x127, 31, 0x129, 0x129, 31, 0x12B, 0x12B, 31, 0x12D, 0x12D, 31,
            0x12F, 0x12F, 31, 0x131, 0x131, 31, 0x133, 0x133, 31, 0x135, 0x135, 31,
            0x137, 0x138, 31, 0x13A, 0x13A, 31, 0x13C, 0x13C, 31, 0x13E, 0x13E, 31,
            0x140, 0x140, 31, 0x142, 0x142, 31, 0x144, 0x144, 31, 0x146, 0x146, 31,
        };
    }

    private static int[] rangeChunk14() {
        return new int[] {
            0x148, 0x149, 31, 0x14B, 0x14B, 31, 0x14D, 0x14D, 31, 0x14F, 0x14F, 31,
            0x151, 0x151, 31, 0x153, 0x153, 31, 0x155, 0x155, 31, 0x157, 0x157, 31,
            0x159, 0x159, 31, 0x15B, 0x15B, 31, 0x15D, 0x15D, 31, 0x15F, 0x15F, 31,
            0x161, 0x161, 31, 0x163, 0x163, 31, 0x165, 0x165, 31, 0x167, 0x167, 31,
            0x169, 0x169, 31, 0x16B, 0x16B, 31, 0x16D, 0x16D, 31, 0x16F, 0x16F, 31,
            0x171, 0x171, 31, 0x173, 0x173, 31, 0x175, 0x175, 31, 0x177, 0x177, 31,
            0x17A, 0x17A, 31, 0x17C, 0x17C, 31, 0x17E, 0x180, 31, 0x183, 0x183, 31,
            0x185, 0x185, 31, 0x188, 0x188, 31, 0x18C, 0x18D, 31, 0x192, 0x192, 31,
            0x195, 0x195, 31, 0x199, 0x19B, 31, 0x19E, 0x19E, 31, 0x1A1, 0x1A1, 31,
            0x1A3, 0x1A3, 31, 0x1A5, 0x1A5, 31, 0x1A8, 0x1A8, 31, 0x1AA, 0x1AB, 31,
            0x1AD, 0x1AD, 31, 0x1B0, 0x1B0, 31, 0x1B4, 0x1B4, 31, 0x1B6, 0x1B6, 31,
            0x1B9, 0x1BA, 31, 0x1BD, 0x1BF, 31, 0x1C6, 0x1C6, 31, 0x1C9, 0x1C9, 31,
            0x1CC, 0x1CC, 31, 0x1CE, 0x1CE, 31, 0x1D0, 0x1D0, 31, 0x1D2, 0x1D2, 31,
            0x1D4, 0x1D4, 31, 0x1D6, 0x1D6, 31, 0x1D8, 0x1D8, 31, 0x1DA, 0x1DA, 31,
            0x1DC, 0x1DD, 31, 0x1DF, 0x1DF, 31, 0x1E1, 0x1E1, 31, 0x1E3, 0x1E3, 31,
            0x1E5, 0x1E5, 31, 0x1E7, 0x1E7, 31, 0x1E9, 0x1E9, 31, 0x1EB, 0x1EB, 31,
            0x1ED, 0x1ED, 31, 0x1EF, 0x1F0, 31, 0x1F3, 0x1F3, 31, 0x1F5, 0x1F5, 31,
            0x1F9, 0x1F9, 31, 0x1FB, 0x1FB, 31, 0x1FD, 0x1FD, 31, 0x1FF, 0x1FF, 31,
            0x201, 0x201, 31, 0x203, 0x203, 31, 0x205, 0x205, 31, 0x207, 0x207, 31,
            0x209, 0x209, 31, 0x20B, 0x20B, 31, 0x20D, 0x20D, 31, 0x20F, 0x20F, 31,
            0x211, 0x211, 31, 0x213, 0x213, 31, 0x215, 0x215, 31, 0x217, 0x217, 31,
            0x219, 0x219, 31, 0x21B, 0x21B, 31, 0x21D, 0x21D, 31, 0x21F, 0x21F, 31,
            0x221, 0x221, 31, 0x223, 0x223, 31, 0x225, 0x225, 31, 0x227, 0x227, 31,
            0x229, 0x229, 31, 0x22B, 0x22B, 31, 0x22D, 0x22D, 31, 0x22F, 0x22F, 31,
            0x231, 0x231, 31, 0x233, 0x239, 31, 0x23C, 0x23C, 31, 0x23F, 0x240, 31,
            0x242, 0x242, 31, 0x247, 0x247, 31, 0x249, 0x249, 31, 0x24B, 0x24B, 31,
            0x24D, 0x24D, 31, 0x24F, 0x293, 31, 0x296, 0x2AF, 31, 0x371, 0x371, 31,
            0x373, 0x373, 31, 0x377, 0x377, 31, 0x37B, 0x37D, 31, 0x390, 0x390, 31,
            0x3AC, 0x3CE, 31, 0x3D0, 0x3D1, 31, 0x3D5, 0x3D7, 31, 0x3D9, 0x3D9, 31,
            0x3DB, 0x3DB, 31, 0x3DD, 0x3DD, 31, 0x3DF, 0x3DF, 31, 0x3E1, 0x3E1, 31,
            0x3E3, 0x3E3, 31, 0x3E5, 0x3E5, 31, 0x3E7, 0x3E7, 31, 0x3E9, 0x3E9, 31,
            0x3EB, 0x3EB, 31, 0x3ED, 0x3ED, 31, 0x3EF, 0x3F3, 31, 0x3F5, 0x3F5, 31,
            0x3F8, 0x3F8, 31, 0x3FB, 0x3FC, 31, 0x430, 0x45F, 31, 0x461, 0x461, 31,
            0x463, 0x463, 31, 0x465, 0x465, 31, 0x467, 0x467, 31, 0x469, 0x469, 31,
            0x46B, 0x46B, 31, 0x46D, 0x46D, 31, 0x46F, 0x46F, 31, 0x471, 0x471, 31,
            0x473, 0x473, 31, 0x475, 0x475, 31, 0x477, 0x477, 31, 0x479, 0x479, 31,
            0x47B, 0x47B, 31, 0x47D, 0x47D, 31, 0x47F, 0x47F, 31, 0x481, 0x481, 31,
            0x48B, 0x48B, 31, 0x48D, 0x48D, 31, 0x48F, 0x48F, 31, 0x491, 0x491, 31,
            0x493, 0x493, 31, 0x495, 0x495, 31, 0x497, 0x497, 31, 0x499, 0x499, 31,
            0x49B, 0x49B, 31, 0x49D, 0x49D, 31, 0x49F, 0x49F, 31, 0x4A1, 0x4A1, 31,
            0x4A3, 0x4A3, 31, 0x4A5, 0x4A5, 31, 0x4A7, 0x4A7, 31, 0x4A9, 0x4A9, 31,
            0x4AB, 0x4AB, 31, 0x4AD, 0x4AD, 31, 0x4AF, 0x4AF, 31, 0x4B1, 0x4B1, 31,
            0x4B3, 0x4B3, 31, 0x4B5, 0x4B5, 31, 0x4B7, 0x4B7, 31, 0x4B9, 0x4B9, 31,
            0x4BB, 0x4BB, 31, 0x4BD, 0x4BD, 31, 0x4BF, 0x4BF, 31, 0x4C2, 0x4C2, 31,
            0x4C4, 0x4C4, 31, 0x4C6, 0x4C6, 31, 0x4C8, 0x4C8, 31, 0x4CA, 0x4CA, 31,
            0x4CC, 0x4CC, 31, 0x4CE, 0x4CF, 31, 0x4D1, 0x4D1, 31, 0x4D3, 0x4D3, 31,
            0x4D5, 0x4D5, 31, 0x4D7, 0x4D7, 31, 0x4D9, 0x4D9, 31, 0x4DB, 0x4DB, 31,
            0x4DD, 0x4DD, 31, 0x4DF, 0x4DF, 31, 0x4E1, 0x4E1, 31, 0x4E3, 0x4E3, 31,
            0x4E5, 0x4E5, 31, 0x4E7, 0x4E7, 31, 0x4E9, 0x4E9, 31, 0x4EB, 0x4EB, 31,
            0x4ED, 0x4ED, 31, 0x4EF, 0x4EF, 31, 0x4F1, 0x4F1, 31, 0x4F3, 0x4F3, 31,
            0x4F5, 0x4F5, 31, 0x4F7, 0x4F7, 31, 0x4F9, 0x4F9, 31, 0x4FB, 0x4FB, 31,
            0x4FD, 0x4FD, 31, 0x4FF, 0x4FF, 31, 0x501, 0x501, 31, 0x503, 0x503, 31,
            0x505, 0x505, 31, 0x507, 0x507, 31, 0x509, 0x509, 31, 0x50B, 0x50B, 31,
            0x50D, 0x50D, 31, 0x50F, 0x50F, 31, 0x511, 0x511, 31, 0x513, 0x513, 31,
            0x515, 0x515, 31, 0x517, 0x517, 31, 0x519, 0x519, 31, 0x51B, 0x51B, 31,
            0x51D, 0x51D, 31, 0x51F, 0x51F, 31, 0x521, 0x521, 31, 0x523, 0x523, 31,
            0x525, 0x525, 31, 0x527, 0x527, 31, 0x529, 0x529, 31, 0x52B, 0x52B, 31,
            0x52D, 0x52D, 31, 0x52F, 0x52F, 31, 0x560, 0x588, 31, 0x10D0, 0x10FA, 31,
            0x10FD, 0x10FF, 31, 0x13F8, 0x13FD, 31, 0x1C80, 0x1C88, 31, 0x1C8A, 0x1C8A, 31,
            0x1D00, 0x1D2B, 31, 0x1D6B, 0x1D77, 31, 0x1D79, 0x1D9A, 31, 0x1E01, 0x1E01, 31,
            0x1E03, 0x1E03, 31, 0x1E05, 0x1E05, 31, 0x1E07, 0x1E07, 31, 0x1E09, 0x1E09, 31,
            0x1E0B, 0x1E0B, 31, 0x1E0D, 0x1E0D, 31, 0x1E0F, 0x1E0F, 31, 0x1E11, 0x1E11, 31,
            0x1E13, 0x1E13, 31, 0x1E15, 0x1E15, 31, 0x1E17, 0x1E17, 31, 0x1E19, 0x1E19, 31,
            0x1E1B, 0x1E1B, 31, 0x1E1D, 0x1E1D, 31, 0x1E1F, 0x1E1F, 31, 0x1E21, 0x1E21, 31,
            0x1E23, 0x1E23, 31, 0x1E25, 0x1E25, 31, 0x1E27, 0x1E27, 31, 0x1E29, 0x1E29, 31,
            0x1E2B, 0x1E2B, 31, 0x1E2D, 0x1E2D, 31, 0x1E2F, 0x1E2F, 31, 0x1E31, 0x1E31, 31,
            0x1E33, 0x1E33, 31, 0x1E35, 0x1E35, 31, 0x1E37, 0x1E37, 31, 0x1E39, 0x1E39, 31,
            0x1E3B, 0x1E3B, 31, 0x1E3D, 0x1E3D, 31, 0x1E3F, 0x1E3F, 31, 0x1E41, 0x1E41, 31,
            0x1E43, 0x1E43, 31, 0x1E45, 0x1E45, 31, 0x1E47, 0x1E47, 31, 0x1E49, 0x1E49, 31,
            0x1E4B, 0x1E4B, 31, 0x1E4D, 0x1E4D, 31, 0x1E4F, 0x1E4F, 31, 0x1E51, 0x1E51, 31,
            0x1E53, 0x1E53, 31, 0x1E55, 0x1E55, 31, 0x1E57, 0x1E57, 31, 0x1E59, 0x1E59, 31,
            0x1E5B, 0x1E5B, 31, 0x1E5D, 0x1E5D, 31, 0x1E5F, 0x1E5F, 31, 0x1E61, 0x1E61, 31,
            0x1E63, 0x1E63, 31, 0x1E65, 0x1E65, 31, 0x1E67, 0x1E67, 31, 0x1E69, 0x1E69, 31,
            0x1E6B, 0x1E6B, 31, 0x1E6D, 0x1E6D, 31, 0x1E6F, 0x1E6F, 31, 0x1E71, 0x1E71, 31,
            0x1E73, 0x1E73, 31, 0x1E75, 0x1E75, 31, 0x1E77, 0x1E77, 31, 0x1E79, 0x1E79, 31,
            0x1E7B, 0x1E7B, 31, 0x1E7D, 0x1E7D, 31, 0x1E7F, 0x1E7F, 31, 0x1E81, 0x1E81, 31,
            0x1E83, 0x1E83, 31, 0x1E85, 0x1E85, 31, 0x1E87, 0x1E87, 31, 0x1E89, 0x1E89, 31,
            0x1E8B, 0x1E8B, 31, 0x1E8D, 0x1E8D, 31, 0x1E8F, 0x1E8F, 31, 0x1E91, 0x1E91, 31,
            0x1E93, 0x1E93, 31, 0x1E95, 0x1E9D, 31, 0x1E9F, 0x1E9F, 31, 0x1EA1, 0x1EA1, 31,
            0x1EA3, 0x1EA3, 31, 0x1EA5, 0x1EA5, 31, 0x1EA7, 0x1EA7, 31, 0x1EA9, 0x1EA9, 31,
            0x1EAB, 0x1EAB, 31, 0x1EAD, 0x1EAD, 31, 0x1EAF, 0x1EAF, 31, 0x1EB1, 0x1EB1, 31,
            0x1EB3, 0x1EB3, 31, 0x1EB5, 0x1EB5, 31, 0x1EB7, 0x1EB7, 31, 0x1EB9, 0x1EB9, 31,
            0x1EBB, 0x1EBB, 31, 0x1EBD, 0x1EBD, 31, 0x1EBF, 0x1EBF, 31, 0x1EC1, 0x1EC1, 31,
            0x1EC3, 0x1EC3, 31, 0x1EC5, 0x1EC5, 31, 0x1EC7, 0x1EC7, 31, 0x1EC9, 0x1EC9, 31,
            0x1ECB, 0x1ECB, 31, 0x1ECD, 0x1ECD, 31, 0x1ECF, 0x1ECF, 31, 0x1ED1, 0x1ED1, 31,
            0x1ED3, 0x1ED3, 31, 0x1ED5, 0x1ED5, 31, 0x1ED7, 0x1ED7, 31, 0x1ED9, 0x1ED9, 31,
            0x1EDB, 0x1EDB, 31, 0x1EDD, 0x1EDD, 31, 0x1EDF, 0x1EDF, 31, 0x1EE1, 0x1EE1, 31,
            0x1EE3, 0x1EE3, 31, 0x1EE5, 0x1EE5, 31, 0x1EE7, 0x1EE7, 31, 0x1EE9, 0x1EE9, 31,
            0x1EEB, 0x1EEB, 31, 0x1EED, 0x1EED, 31, 0x1EEF, 0x1EEF, 31, 0x1EF1, 0x1EF1, 31,
            0x1EF3, 0x1EF3, 31, 0x1EF5, 0x1EF5, 31, 0x1EF7, 0x1EF7, 31, 0x1EF9, 0x1EF9, 31,
            0x1EFB, 0x1EFB, 31, 0x1EFD, 0x1EFD, 31, 0x1EFF, 0x1F07, 31, 0x1F10, 0x1F15, 31,
            0x1F20, 0x1F27, 31, 0x1F30, 0x1F37, 31, 0x1F40, 0x1F45, 31, 0x1F50, 0x1F57, 31,
            0x1F60, 0x1F67, 31, 0x1F70, 0x1F7D, 31, 0x1F80, 0x1F87, 31, 0x1F90, 0x1F97, 31,
            0x1FA0, 0x1FA7, 31, 0x1FB0, 0x1FB4, 31, 0x1FB6, 0x1FB7, 31, 0x1FBE, 0x1FBE, 31,
            0x1FC2, 0x1FC4, 31, 0x1FC6, 0x1FC7, 31, 0x1FD0, 0x1FD3, 31, 0x1FD6, 0x1FD7, 31,
            0x1FE0, 0x1FE7, 31, 0x1FF2, 0x1FF4, 31, 0x1FF6, 0x1FF7, 31, 0x210A, 0x210A, 31,
            0x210E, 0x210F, 31, 0x2113, 0x2113, 31, 0x212F, 0x212F, 31, 0x2134, 0x2134, 31,
            0x2139, 0x2139, 31, 0x213C, 0x213D, 31, 0x2146, 0x2149, 31, 0x214E, 0x214E, 31,
            0x2184, 0x2184, 31, 0x2C30, 0x2C5F, 31, 0x2C61, 0x2C61, 31, 0x2C65, 0x2C66, 31,
            0x2C68, 0x2C68, 31, 0x2C6A, 0x2C6A, 31, 0x2C6C, 0x2C6C, 31, 0x2C71, 0x2C71, 31,
        };
    }

    private static int[] rangeChunk15() {
        return new int[] {
            0x2C73, 0x2C74, 31, 0x2C76, 0x2C7B, 31, 0x2C81, 0x2C81, 31, 0x2C83, 0x2C83, 31,
            0x2C85, 0x2C85, 31, 0x2C87, 0x2C87, 31, 0x2C89, 0x2C89, 31, 0x2C8B, 0x2C8B, 31,
            0x2C8D, 0x2C8D, 31, 0x2C8F, 0x2C8F, 31, 0x2C91, 0x2C91, 31, 0x2C93, 0x2C93, 31,
            0x2C95, 0x2C95, 31, 0x2C97, 0x2C97, 31, 0x2C99, 0x2C99, 31, 0x2C9B, 0x2C9B, 31,
            0x2C9D, 0x2C9D, 31, 0x2C9F, 0x2C9F, 31, 0x2CA1, 0x2CA1, 31, 0x2CA3, 0x2CA3, 31,
            0x2CA5, 0x2CA5, 31, 0x2CA7, 0x2CA7, 31, 0x2CA9, 0x2CA9, 31, 0x2CAB, 0x2CAB, 31,
            0x2CAD, 0x2CAD, 31, 0x2CAF, 0x2CAF, 31, 0x2CB1, 0x2CB1, 31, 0x2CB3, 0x2CB3, 31,
            0x2CB5, 0x2CB5, 31, 0x2CB7, 0x2CB7, 31, 0x2CB9, 0x2CB9, 31, 0x2CBB, 0x2CBB, 31,
            0x2CBD, 0x2CBD, 31, 0x2CBF, 0x2CBF, 31, 0x2CC1, 0x2CC1, 31, 0x2CC3, 0x2CC3, 31,
            0x2CC5, 0x2CC5, 31, 0x2CC7, 0x2CC7, 31, 0x2CC9, 0x2CC9, 31, 0x2CCB, 0x2CCB, 31,
            0x2CCD, 0x2CCD, 31, 0x2CCF, 0x2CCF, 31, 0x2CD1, 0x2CD1, 31, 0x2CD3, 0x2CD3, 31,
            0x2CD5, 0x2CD5, 31, 0x2CD7, 0x2CD7, 31, 0x2CD9, 0x2CD9, 31, 0x2CDB, 0x2CDB, 31,
            0x2CDD, 0x2CDD, 31, 0x2CDF, 0x2CDF, 31, 0x2CE1, 0x2CE1, 31, 0x2CE3, 0x2CE4, 31,
            0x2CEC, 0x2CEC, 31, 0x2CEE, 0x2CEE, 31, 0x2CF3, 0x2CF3, 31, 0x2D00, 0x2D25, 31,
            0x2D27, 0x2D27, 31, 0x2D2D, 0x2D2D, 31, 0xA641, 0xA641, 31, 0xA643, 0xA643, 31,
            0xA645, 0xA645, 31, 0xA647, 0xA647, 31, 0xA649, 0xA649, 31, 0xA64B, 0xA64B, 31,
            0xA64D, 0xA64D, 31, 0xA64F, 0xA64F, 31, 0xA651, 0xA651, 31, 0xA653, 0xA653, 31,
            0xA655, 0xA655, 31, 0xA657, 0xA657, 31, 0xA659, 0xA659, 31, 0xA65B, 0xA65B, 31,
            0xA65D, 0xA65D, 31, 0xA65F, 0xA65F, 31, 0xA661, 0xA661, 31, 0xA663, 0xA663, 31,
            0xA665, 0xA665, 31, 0xA667, 0xA667, 31, 0xA669, 0xA669, 31, 0xA66B, 0xA66B, 31,
            0xA66D, 0xA66D, 31, 0xA681, 0xA681, 31, 0xA683, 0xA683, 31, 0xA685, 0xA685, 31,
            0xA687, 0xA687, 31, 0xA689, 0xA689, 31, 0xA68B, 0xA68B, 31, 0xA68D, 0xA68D, 31,
            0xA68F, 0xA68F, 31, 0xA691, 0xA691, 31, 0xA693, 0xA693, 31, 0xA695, 0xA695, 31,
            0xA697, 0xA697, 31, 0xA699, 0xA699, 31, 0xA69B, 0xA69B, 31, 0xA723, 0xA723, 31,
            0xA725, 0xA725, 31, 0xA727, 0xA727, 31, 0xA729, 0xA729, 31, 0xA72B, 0xA72B, 31,
            0xA72D, 0xA72D, 31, 0xA72F, 0xA731, 31, 0xA733, 0xA733, 31, 0xA735, 0xA735, 31,
            0xA737, 0xA737, 31, 0xA739, 0xA739, 31, 0xA73B, 0xA73B, 31, 0xA73D, 0xA73D, 31,
            0xA73F, 0xA73F, 31, 0xA741, 0xA741, 31, 0xA743, 0xA743, 31, 0xA745, 0xA745, 31,
            0xA747, 0xA747, 31, 0xA749, 0xA749, 31, 0xA74B, 0xA74B, 31, 0xA74D, 0xA74D, 31,
            0xA74F, 0xA74F, 31, 0xA751, 0xA751, 31, 0xA753, 0xA753, 31, 0xA755, 0xA755, 31,
            0xA757, 0xA757, 31, 0xA759, 0xA759, 31, 0xA75B, 0xA75B, 31, 0xA75D, 0xA75D, 31,
            0xA75F, 0xA75F, 31, 0xA761, 0xA761, 31, 0xA763, 0xA763, 31, 0xA765, 0xA765, 31,
            0xA767, 0xA767, 31, 0xA769, 0xA769, 31, 0xA76B, 0xA76B, 31, 0xA76D, 0xA76D, 31,
            0xA76F, 0xA76F, 31, 0xA771, 0xA778, 31, 0xA77A, 0xA77A, 31, 0xA77C, 0xA77C, 31,
            0xA77F, 0xA77F, 31, 0xA781, 0xA781, 31, 0xA783, 0xA783, 31, 0xA785, 0xA785, 31,
            0xA787, 0xA787, 31, 0xA78C, 0xA78C, 31, 0xA78E, 0xA78E, 31, 0xA791, 0xA791, 31,
            0xA793, 0xA795, 31, 0xA797, 0xA797, 31, 0xA799, 0xA799, 31, 0xA79B, 0xA79B, 31,
            0xA79D, 0xA79D, 31, 0xA79F, 0xA79F, 31, 0xA7A1, 0xA7A1, 31, 0xA7A3, 0xA7A3, 31,
            0xA7A5, 0xA7A5, 31, 0xA7A7, 0xA7A7, 31, 0xA7A9, 0xA7A9, 31, 0xA7AF, 0xA7AF, 31,
            0xA7B5, 0xA7B5, 31, 0xA7B7, 0xA7B7, 31, 0xA7B9, 0xA7B9, 31, 0xA7BB, 0xA7BB, 31,
            0xA7BD, 0xA7BD, 31, 0xA7BF, 0xA7BF, 31, 0xA7C1, 0xA7C1, 31, 0xA7C3, 0xA7C3, 31,
            0xA7C8, 0xA7C8, 31, 0xA7CA, 0xA7CA, 31, 0xA7CD, 0xA7CD, 31, 0xA7CF, 0xA7CF, 31,
            0xA7D1, 0xA7D1, 31, 0xA7D3, 0xA7D3, 31, 0xA7D5, 0xA7D5, 31, 0xA7D7, 0xA7D7, 31,
            0xA7D9, 0xA7D9, 31, 0xA7DB, 0xA7DB, 31, 0xA7F6, 0xA7F6, 31, 0xA7FA, 0xA7FA, 31,
            0xAB30, 0xAB5A, 31, 0xAB60, 0xAB68, 31, 0xAB70, 0xABBF, 31, 0xFB00, 0xFB06, 31,
            0xFB13, 0xFB17, 31, 0xFF41, 0xFF5A, 31, 0x10428, 0x1044F, 31, 0x104D8, 0x104FB, 31,
            0x10597, 0x105A1, 31, 0x105A3, 0x105B1, 31, 0x105B3, 0x105B9, 31, 0x105BB, 0x105BC, 31,
            0x10CC0, 0x10CF2, 31, 0x10D70, 0x10D85, 31, 0x118C0, 0x118DF, 31, 0x16E60, 0x16E7F, 31,
            0x16EBB, 0x16ED3, 31, 0x1D41A, 0x1D433, 31, 0x1D44E, 0x1D454, 31, 0x1D456, 0x1D467, 31,
            0x1D482, 0x1D49B, 31, 0x1D4B6, 0x1D4B9, 31, 0x1D4BB, 0x1D4BB, 31, 0x1D4BD, 0x1D4C3, 31,
            0x1D4C5, 0x1D4CF, 31, 0x1D4EA, 0x1D503, 31, 0x1D51E, 0x1D537, 31, 0x1D552, 0x1D56B, 31,
            0x1D586, 0x1D59F, 31, 0x1D5BA, 0x1D5D3, 31, 0x1D5EE, 0x1D607, 31, 0x1D622, 0x1D63B, 31,
            0x1D656, 0x1D66F, 31, 0x1D68A, 0x1D6A5, 31, 0x1D6C2, 0x1D6DA, 31, 0x1D6DC, 0x1D6E1, 31,
            0x1D6FC, 0x1D714, 31, 0x1D716, 0x1D71B, 31, 0x1D736, 0x1D74E, 31, 0x1D750, 0x1D755, 31,
            0x1D770, 0x1D788, 31, 0x1D78A, 0x1D78F, 31, 0x1D7AA, 0x1D7C2, 31, 0x1D7C4, 0x1D7C9, 31,
            0x1D7CB, 0x1D7CB, 31, 0x1DF00, 0x1DF09, 31, 0x1DF0B, 0x1DF1E, 31, 0x1DF25, 0x1DF2A, 31,
            0x1E922, 0x1E943, 31, 0x1C5, 0x1C5, 31, 0x1C8, 0x1C8, 31, 0x1CB, 0x1CB, 31,
            0x1F2, 0x1F2, 31, 0x1F88, 0x1F8F, 31, 0x1F98, 0x1F9F, 31, 0x1FA8, 0x1FAF, 31,
            0x1FBC, 0x1FBC, 31, 0x1FCC, 0x1FCC, 31, 0x1FFC, 0x1FFC, 31, 0x2B0, 0x2C1, 31,
            0x2C6, 0x2D1, 31, 0x2E0, 0x2E4, 31, 0x2EC, 0x2EC, 31, 0x2EE, 0x2EE, 31,
            0x374, 0x374, 31, 0x37A, 0x37A, 31, 0x559, 0x559, 31, 0x640, 0x640, 31,
            0x6E5, 0x6E6, 31, 0x7F4, 0x7F5, 31, 0x7FA, 0x7FA, 31, 0x81A, 0x81A, 31,
            0x824, 0x824, 31, 0x828, 0x828, 31, 0x8C9, 0x8C9, 31, 0x971, 0x971, 31,
            0xE46, 0xE46, 31, 0xEC6, 0xEC6, 31, 0x10FC, 0x10FC, 31, 0x17D7, 0x17D7, 31,
            0x1843, 0x1843, 31, 0x1AA7, 0x1AA7, 31, 0x1C78, 0x1C7D, 31, 0x1D2C, 0x1D6A, 31,
            0x1D78, 0x1D78, 31, 0x1D9B, 0x1DBF, 31, 0x2071, 0x2071, 31, 0x207F, 0x207F, 31,
            0x2090, 0x209C, 31, 0x2C7C, 0x2C7D, 31, 0x2D6F, 0x2D6F, 31, 0x2E2F, 0x2E2F, 31,
            0x3005, 0x3005, 31, 0x3031, 0x3035, 31, 0x303B, 0x303B, 31, 0x309D, 0x309E, 31,
            0x30FC, 0x30FE, 31, 0xA015, 0xA015, 31, 0xA4F8, 0xA4FD, 31, 0xA60C, 0xA60C, 31,
            0xA67F, 0xA67F, 31, 0xA69C, 0xA69D, 31, 0xA717, 0xA71F, 31, 0xA770, 0xA770, 31,
            0xA788, 0xA788, 31, 0xA7F1, 0xA7F4, 31, 0xA7F8, 0xA7F9, 31, 0xA9CF, 0xA9CF, 31,
            0xA9E6, 0xA9E6, 31, 0xAA70, 0xAA70, 31, 0xAADD, 0xAADD, 31, 0xAAF3, 0xAAF4, 31,
            0xAB5C, 0xAB5F, 31, 0xAB69, 0xAB69, 31, 0xFF70, 0xFF70, 31, 0xFF9E, 0xFF9F, 31,
            0x10780, 0x10785, 31, 0x10787, 0x107B0, 31, 0x107B2, 0x107BA, 31, 0x10D4E, 0x10D4E, 31,
            0x10D6F, 0x10D6F, 31, 0x10EC5, 0x10EC5, 31, 0x11DD9, 0x11DD9, 31, 0x16B40, 0x16B43, 31,
            0x16D40, 0x16D42, 31, 0x16D6B, 0x16D6C, 31, 0x16F93, 0x16F9F, 31, 0x16FE0, 0x16FE1, 31,
            0x16FE3, 0x16FE3, 31, 0x16FF2, 0x16FF3, 31, 0x1AFF0, 0x1AFF3, 31, 0x1AFF5, 0x1AFFB, 31,
            0x1AFFD, 0x1AFFE, 31, 0x1E030, 0x1E06D, 31, 0x1E137, 0x1E13D, 31, 0x1E4EB, 0x1E4EB, 31,
            0x1E6FF, 0x1E6FF, 31, 0x1E94B, 0x1E94B, 31, 0xAA, 0xAA, 31, 0xBA, 0xBA, 31,
            0x1BB, 0x1BB, 31, 0x1C0, 0x1C3, 31, 0x294, 0x295, 31, 0x5D0, 0x5EA, 31,
            0x5EF, 0x5F2, 31, 0x620, 0x63F, 31, 0x641, 0x64A, 31, 0x66E, 0x66F, 31,
            0x671, 0x6D3, 31, 0x6D5, 0x6D5, 31, 0x6EE, 0x6EF, 31, 0x6FA, 0x6FC, 31,
            0x6FF, 0x6FF, 31, 0x710, 0x710, 31, 0x712, 0x72F, 31, 0x74D, 0x7A5, 31,
            0x7B1, 0x7B1, 31, 0x7CA, 0x7EA, 31, 0x800, 0x815, 31, 0x840, 0x858, 31,
            0x860, 0x86A, 31, 0x870, 0x887, 31, 0x889, 0x88F, 31, 0x8A0, 0x8C8, 31,
            0x904, 0x939, 31, 0x93D, 0x93D, 31, 0x950, 0x950, 31, 0x958, 0x961, 31,
            0x972, 0x980, 31, 0x985, 0x98C, 31, 0x98F, 0x990, 31, 0x993, 0x9A8, 31,
            0x9AA, 0x9B0, 31, 0x9B2, 0x9B2, 31, 0x9B6, 0x9B9, 31, 0x9BD, 0x9BD, 31,
            0x9CE, 0x9CE, 31, 0x9DC, 0x9DD, 31, 0x9DF, 0x9E1, 31, 0x9F0, 0x9F1, 31,
            0x9FC, 0x9FC, 31, 0xA05, 0xA0A, 31, 0xA0F, 0xA10, 31, 0xA13, 0xA28, 31,
            0xA2A, 0xA30, 31, 0xA32, 0xA33, 31, 0xA35, 0xA36, 31, 0xA38, 0xA39, 31,
            0xA59, 0xA5C, 31, 0xA5E, 0xA5E, 31, 0xA72, 0xA74, 31, 0xA85, 0xA8D, 31,
            0xA8F, 0xA91, 31, 0xA93, 0xAA8, 31, 0xAAA, 0xAB0, 31, 0xAB2, 0xAB3, 31,
            0xAB5, 0xAB9, 31, 0xABD, 0xABD, 31, 0xAD0, 0xAD0, 31, 0xAE0, 0xAE1, 31,
            0xAF9, 0xAF9, 31, 0xB05, 0xB0C, 31, 0xB0F, 0xB10, 31, 0xB13, 0xB28, 31,
            0xB2A, 0xB30, 31, 0xB32, 0xB33, 31, 0xB35, 0xB39, 31, 0xB3D, 0xB3D, 31,
            0xB5C, 0xB5D, 31, 0xB5F, 0xB61, 31, 0xB71, 0xB71, 31, 0xB83, 0xB83, 31,
            0xB85, 0xB8A, 31, 0xB8E, 0xB90, 31, 0xB92, 0xB95, 31, 0xB99, 0xB9A, 31,
            0xB9C, 0xB9C, 31, 0xB9E, 0xB9F, 31, 0xBA3, 0xBA4, 31, 0xBA8, 0xBAA, 31,
            0xBAE, 0xBB9, 31, 0xBD0, 0xBD0, 31, 0xC05, 0xC0C, 31, 0xC0E, 0xC10, 31,
        };
    }

    private static int[] rangeChunk16() {
        return new int[] {
            0xC12, 0xC28, 31, 0xC2A, 0xC39, 31, 0xC3D, 0xC3D, 31, 0xC58, 0xC5A, 31,
            0xC5C, 0xC5D, 31, 0xC60, 0xC61, 31, 0xC80, 0xC80, 31, 0xC85, 0xC8C, 31,
            0xC8E, 0xC90, 31, 0xC92, 0xCA8, 31, 0xCAA, 0xCB3, 31, 0xCB5, 0xCB9, 31,
            0xCBD, 0xCBD, 31, 0xCDC, 0xCDE, 31, 0xCE0, 0xCE1, 31, 0xCF1, 0xCF2, 31,
            0xD04, 0xD0C, 31, 0xD0E, 0xD10, 31, 0xD12, 0xD3A, 31, 0xD3D, 0xD3D, 31,
            0xD4E, 0xD4E, 31, 0xD54, 0xD56, 31, 0xD5F, 0xD61, 31, 0xD7A, 0xD7F, 31,
            0xD85, 0xD96, 31, 0xD9A, 0xDB1, 31, 0xDB3, 0xDBB, 31, 0xDBD, 0xDBD, 31,
            0xDC0, 0xDC6, 31, 0xE01, 0xE30, 31, 0xE32, 0xE33, 31, 0xE40, 0xE45, 31,
            0xE81, 0xE82, 31, 0xE84, 0xE84, 31, 0xE86, 0xE8A, 31, 0xE8C, 0xEA3, 31,
            0xEA5, 0xEA5, 31, 0xEA7, 0xEB0, 31, 0xEB2, 0xEB3, 31, 0xEBD, 0xEBD, 31,
            0xEC0, 0xEC4, 31, 0xEDC, 0xEDF, 31, 0xF00, 0xF00, 31, 0xF40, 0xF47, 31,
            0xF49, 0xF6C, 31, 0xF88, 0xF8C, 31, 0x1000, 0x102A, 31, 0x103F, 0x103F, 31,
            0x1050, 0x1055, 31, 0x105A, 0x105D, 31, 0x1061, 0x1061, 31, 0x1065, 0x1066, 31,
            0x106E, 0x1070, 31, 0x1075, 0x1081, 31, 0x108E, 0x108E, 31, 0x1100, 0x1248, 31,
            0x124A, 0x124D, 31, 0x1250, 0x1256, 31, 0x1258, 0x1258, 31, 0x125A, 0x125D, 31,
            0x1260, 0x1288, 31, 0x128A, 0x128D, 31, 0x1290, 0x12B0, 31, 0x12B2, 0x12B5, 31,
            0x12B8, 0x12BE, 31, 0x12C0, 0x12C0, 31, 0x12C2, 0x12C5, 31, 0x12C8, 0x12D6, 31,
            0x12D8, 0x1310, 31, 0x1312, 0x1315, 31, 0x1318, 0x135A, 31, 0x1380, 0x138F, 31,
            0x1401, 0x166C, 31, 0x166F, 0x167F, 31, 0x1681, 0x169A, 31, 0x16A0, 0x16EA, 31,
            0x16F1, 0x16F8, 31, 0x1700, 0x1711, 31, 0x171F, 0x1731, 31, 0x1740, 0x1751, 31,
            0x1760, 0x176C, 31, 0x176E, 0x1770, 31, 0x1780, 0x17B3, 31, 0x17DC, 0x17DC, 31,
            0x1820, 0x1842, 31, 0x1844, 0x1878, 31, 0x1880, 0x1884, 31, 0x1887, 0x18A8, 31,
            0x18AA, 0x18AA, 31, 0x18B0, 0x18F5, 31, 0x1900, 0x191E, 31, 0x1950, 0x196D, 31,
            0x1970, 0x1974, 31, 0x1980, 0x19AB, 31, 0x19B0, 0x19C9, 31, 0x1A00, 0x1A16, 31,
            0x1A20, 0x1A54, 31, 0x1B05, 0x1B33, 31, 0x1B45, 0x1B4C, 31, 0x1B83, 0x1BA0, 31,
            0x1BAE, 0x1BAF, 31, 0x1BBA, 0x1BE5, 31, 0x1C00, 0x1C23, 31, 0x1C4D, 0x1C4F, 31,
            0x1C5A, 0x1C77, 31, 0x1CE9, 0x1CEC, 31, 0x1CEE, 0x1CF3, 31, 0x1CF5, 0x1CF6, 31,
            0x1CFA, 0x1CFA, 31, 0x2135, 0x2138, 31, 0x2D30, 0x2D67, 31, 0x2D80, 0x2D96, 31,
            0x2DA0, 0x2DA6, 31, 0x2DA8, 0x2DAE, 31, 0x2DB0, 0x2DB6, 31, 0x2DB8, 0x2DBE, 31,
            0x2DC0, 0x2DC6, 31, 0x2DC8, 0x2DCE, 31, 0x2DD0, 0x2DD6, 31, 0x2DD8, 0x2DDE, 31,
            0x3006, 0x3006, 31, 0x303C, 0x303C, 31, 0x3041, 0x3096, 31, 0x309F, 0x309F, 31,
            0x30A1, 0x30FA, 31, 0x30FF, 0x30FF, 31, 0x3105, 0x312F, 31, 0x3131, 0x318E, 31,
            0x31A0, 0x31BF, 31, 0x31F0, 0x31FF, 31, 0x3400, 0x4DBF, 31, 0x4E00, 0xA014, 31,
            0xA016, 0xA48C, 31, 0xA4D0, 0xA4F7, 31, 0xA500, 0xA60B, 31, 0xA610, 0xA61F, 31,
            0xA62A, 0xA62B, 31, 0xA66E, 0xA66E, 31, 0xA6A0, 0xA6E5, 31, 0xA78F, 0xA78F, 31,
            0xA7F7, 0xA7F7, 31, 0xA7FB, 0xA801, 31, 0xA803, 0xA805, 31, 0xA807, 0xA80A, 31,
            0xA80C, 0xA822, 31, 0xA840, 0xA873, 31, 0xA882, 0xA8B3, 31, 0xA8F2, 0xA8F7, 31,
            0xA8FB, 0xA8FB, 31, 0xA8FD, 0xA8FE, 31, 0xA90A, 0xA925, 31, 0xA930, 0xA946, 31,
            0xA960, 0xA97C, 31, 0xA984, 0xA9B2, 31, 0xA9E0, 0xA9E4, 31, 0xA9E7, 0xA9EF, 31,
            0xA9FA, 0xA9FE, 31, 0xAA00, 0xAA28, 31, 0xAA40, 0xAA42, 31, 0xAA44, 0xAA4B, 31,
            0xAA60, 0xAA6F, 31, 0xAA71, 0xAA76, 31, 0xAA7A, 0xAA7A, 31, 0xAA7E, 0xAAAF, 31,
            0xAAB1, 0xAAB1, 31, 0xAAB5, 0xAAB6, 31, 0xAAB9, 0xAABD, 31, 0xAAC0, 0xAAC0, 31,
            0xAAC2, 0xAAC2, 31, 0xAADB, 0xAADC, 31, 0xAAE0, 0xAAEA, 31, 0xAAF2, 0xAAF2, 31,
            0xAB01, 0xAB06, 31, 0xAB09, 0xAB0E, 31, 0xAB11, 0xAB16, 31, 0xAB20, 0xAB26, 31,
            0xAB28, 0xAB2E, 31, 0xABC0, 0xABE2, 31, 0xAC00, 0xD7A3, 31, 0xD7B0, 0xD7C6, 31,
            0xD7CB, 0xD7FB, 31, 0xF900, 0xFA6D, 31, 0xFA70, 0xFAD9, 31, 0xFB1D, 0xFB1D, 31,
            0xFB1F, 0xFB28, 31, 0xFB2A, 0xFB36, 31, 0xFB38, 0xFB3C, 31, 0xFB3E, 0xFB3E, 31,
            0xFB40, 0xFB41, 31, 0xFB43, 0xFB44, 31, 0xFB46, 0xFBB1, 31, 0xFBD3, 0xFD3D, 31,
            0xFD50, 0xFD8F, 31, 0xFD92, 0xFDC7, 31, 0xFDF0, 0xFDFB, 31, 0xFE70, 0xFE74, 31,
            0xFE76, 0xFEFC, 31, 0xFF66, 0xFF6F, 31, 0xFF71, 0xFF9D, 31, 0xFFA0, 0xFFBE, 31,
            0xFFC2, 0xFFC7, 31, 0xFFCA, 0xFFCF, 31, 0xFFD2, 0xFFD7, 31, 0xFFDA, 0xFFDC, 31,
            0x10000, 0x1000B, 31, 0x1000D, 0x10026, 31, 0x10028, 0x1003A, 31, 0x1003C, 0x1003D, 31,
            0x1003F, 0x1004D, 31, 0x10050, 0x1005D, 31, 0x10080, 0x100FA, 31, 0x10280, 0x1029C, 31,
            0x102A0, 0x102D0, 31, 0x10300, 0x1031F, 31, 0x1032D, 0x10340, 31, 0x10342, 0x10349, 31,
            0x10350, 0x10375, 31, 0x10380, 0x1039D, 31, 0x103A0, 0x103C3, 31, 0x103C8, 0x103CF, 31,
            0x10450, 0x1049D, 31, 0x10500, 0x10527, 31, 0x10530, 0x10563, 31, 0x105C0, 0x105F3, 31,
            0x10600, 0x10736, 31, 0x10740, 0x10755, 31, 0x10760, 0x10767, 31, 0x10800, 0x10805, 31,
            0x10808, 0x10808, 31, 0x1080A, 0x10835, 31, 0x10837, 0x10838, 31, 0x1083C, 0x1083C, 31,
            0x1083F, 0x10855, 31, 0x10860, 0x10876, 31, 0x10880, 0x1089E, 31, 0x108E0, 0x108F2, 31,
            0x108F4, 0x108F5, 31, 0x10900, 0x10915, 31, 0x10920, 0x10939, 31, 0x10940, 0x10959, 31,
            0x10980, 0x109B7, 31, 0x109BE, 0x109BF, 31, 0x10A00, 0x10A00, 31, 0x10A10, 0x10A13, 31,
            0x10A15, 0x10A17, 31, 0x10A19, 0x10A35, 31, 0x10A60, 0x10A7C, 31, 0x10A80, 0x10A9C, 31,
            0x10AC0, 0x10AC7, 31, 0x10AC9, 0x10AE4, 31, 0x10B00, 0x10B35, 31, 0x10B40, 0x10B55, 31,
            0x10B60, 0x10B72, 31, 0x10B80, 0x10B91, 31, 0x10C00, 0x10C48, 31, 0x10D00, 0x10D23, 31,
            0x10D4A, 0x10D4D, 31, 0x10D4F, 0x10D4F, 31, 0x10E80, 0x10EA9, 31, 0x10EB0, 0x10EB1, 31,
            0x10EC2, 0x10EC4, 31, 0x10EC6, 0x10EC7, 31, 0x10F00, 0x10F1C, 31, 0x10F27, 0x10F27, 31,
            0x10F30, 0x10F45, 31, 0x10F70, 0x10F81, 31, 0x10FB0, 0x10FC4, 31, 0x10FE0, 0x10FF6, 31,
            0x11003, 0x11037, 31, 0x11071, 0x11072, 31, 0x11075, 0x11075, 31, 0x11083, 0x110AF, 31,
            0x110D0, 0x110E8, 31, 0x11103, 0x11126, 31, 0x11144, 0x11144, 31, 0x11147, 0x11147, 31,
            0x11150, 0x11172, 31, 0x11176, 0x11176, 31, 0x11183, 0x111B2, 31, 0x111C1, 0x111C4, 31,
            0x111DA, 0x111DA, 31, 0x111DC, 0x111DC, 31, 0x11200, 0x11211, 31, 0x11213, 0x1122B, 31,
            0x1123F, 0x11240, 31, 0x11280, 0x11286, 31, 0x11288, 0x11288, 31, 0x1128A, 0x1128D, 31,
            0x1128F, 0x1129D, 31, 0x1129F, 0x112A8, 31, 0x112B0, 0x112DE, 31, 0x11305, 0x1130C, 31,
            0x1130F, 0x11310, 31, 0x11313, 0x11328, 31, 0x1132A, 0x11330, 31, 0x11332, 0x11333, 31,
            0x11335, 0x11339, 31, 0x1133D, 0x1133D, 31, 0x11350, 0x11350, 31, 0x1135D, 0x11361, 31,
            0x11380, 0x11389, 31, 0x1138B, 0x1138B, 31, 0x1138E, 0x1138E, 31, 0x11390, 0x113B5, 31,
            0x113B7, 0x113B7, 31, 0x113D1, 0x113D1, 31, 0x113D3, 0x113D3, 31, 0x11400, 0x11434, 31,
            0x11447, 0x1144A, 31, 0x1145F, 0x11461, 31, 0x11480, 0x114AF, 31, 0x114C4, 0x114C5, 31,
            0x114C7, 0x114C7, 31, 0x11580, 0x115AE, 31, 0x115D8, 0x115DB, 31, 0x11600, 0x1162F, 31,
            0x11644, 0x11644, 31, 0x11680, 0x116AA, 31, 0x116B8, 0x116B8, 31, 0x11700, 0x1171A, 31,
            0x11740, 0x11746, 31, 0x11800, 0x1182B, 31, 0x118FF, 0x11906, 31, 0x11909, 0x11909, 31,
            0x1190C, 0x11913, 31, 0x11915, 0x11916, 31, 0x11918, 0x1192F, 31, 0x1193F, 0x1193F, 31,
            0x11941, 0x11941, 31, 0x119A0, 0x119A7, 31, 0x119AA, 0x119D0, 31, 0x119E1, 0x119E1, 31,
            0x119E3, 0x119E3, 31, 0x11A00, 0x11A00, 31, 0x11A0B, 0x11A32, 31, 0x11A3A, 0x11A3A, 31,
            0x11A50, 0x11A50, 31, 0x11A5C, 0x11A89, 31, 0x11A9D, 0x11A9D, 31, 0x11AB0, 0x11AF8, 31,
            0x11BC0, 0x11BE0, 31, 0x11C00, 0x11C08, 31, 0x11C0A, 0x11C2E, 31, 0x11C40, 0x11C40, 31,
            0x11C72, 0x11C8F, 31, 0x11D00, 0x11D06, 31, 0x11D08, 0x11D09, 31, 0x11D0B, 0x11D30, 31,
            0x11D46, 0x11D46, 31, 0x11D60, 0x11D65, 31, 0x11D67, 0x11D68, 31, 0x11D6A, 0x11D89, 31,
            0x11D98, 0x11D98, 31, 0x11DB0, 0x11DD8, 31, 0x11DDA, 0x11DDB, 31, 0x11EE0, 0x11EF2, 31,
            0x11F02, 0x11F02, 31, 0x11F04, 0x11F10, 31, 0x11F12, 0x11F33, 31, 0x11FB0, 0x11FB0, 31,
            0x12000, 0x12399, 31, 0x12480, 0x12543, 31, 0x12F90, 0x12FF0, 31, 0x13000, 0x1342F, 31,
            0x13441, 0x13446, 31, 0x13460, 0x143FA, 31, 0x14400, 0x14646, 31, 0x16100, 0x1611D, 31,
            0x16800, 0x16A38, 31, 0x16A40, 0x16A5E, 31, 0x16A70, 0x16ABE, 31, 0x16AD0, 0x16AED, 31,
            0x16B00, 0x16B2F, 31, 0x16B63, 0x16B77, 31, 0x16B7D, 0x16B8F, 31, 0x16D43, 0x16D6A, 31,
            0x16F00, 0x16F4A, 31, 0x16F50, 0x16F50, 31, 0x17000, 0x18CD5, 31, 0x18CFF, 0x18D1E, 31,
            0x18D80, 0x18DF2, 31, 0x1B000, 0x1B122, 31, 0x1B132, 0x1B132, 31, 0x1B150, 0x1B152, 31,
            0x1B155, 0x1B155, 31, 0x1B164, 0x1B167, 31, 0x1B170, 0x1B2FB, 31, 0x1BC00, 0x1BC6A, 31,
            0x1BC70, 0x1BC7C, 31, 0x1BC80, 0x1BC88, 31, 0x1BC90, 0x1BC99, 31, 0x1DF0A, 0x1DF0A, 31,
            0x1E100, 0x1E12C, 31, 0x1E14E, 0x1E14E, 31, 0x1E290, 0x1E2AD, 31, 0x1E2C0, 0x1E2EB, 31,
            0x1E4D0, 0x1E4EA, 31, 0x1E5D0, 0x1E5ED, 31, 0x1E5F0, 0x1E5F0, 31, 0x1E6C0, 0x1E6DE, 31,
        };
    }

    private static int[] rangeChunk17() {
        return new int[] {
            0x1E6E0, 0x1E6E2, 31, 0x1E6E4, 0x1E6E5, 31, 0x1E6E7, 0x1E6ED, 31, 0x1E6F0, 0x1E6F4, 31,
            0x1E6FE, 0x1E6FE, 31, 0x1E7E0, 0x1E7E6, 31, 0x1E7E8, 0x1E7EB, 31, 0x1E7ED, 0x1E7EE, 31,
            0x1E7F0, 0x1E7FE, 31, 0x1E800, 0x1E8C4, 31, 0x1EE00, 0x1EE03, 31, 0x1EE05, 0x1EE1F, 31,
            0x1EE21, 0x1EE22, 31, 0x1EE24, 0x1EE24, 31, 0x1EE27, 0x1EE27, 31, 0x1EE29, 0x1EE32, 31,
            0x1EE34, 0x1EE37, 31, 0x1EE39, 0x1EE39, 31, 0x1EE3B, 0x1EE3B, 31, 0x1EE42, 0x1EE42, 31,
            0x1EE47, 0x1EE47, 31, 0x1EE49, 0x1EE49, 31, 0x1EE4B, 0x1EE4B, 31, 0x1EE4D, 0x1EE4F, 31,
            0x1EE51, 0x1EE52, 31, 0x1EE54, 0x1EE54, 31, 0x1EE57, 0x1EE57, 31, 0x1EE59, 0x1EE59, 31,
            0x1EE5B, 0x1EE5B, 31, 0x1EE5D, 0x1EE5D, 31, 0x1EE5F, 0x1EE5F, 31, 0x1EE61, 0x1EE62, 31,
            0x1EE64, 0x1EE64, 31, 0x1EE67, 0x1EE6A, 31, 0x1EE6C, 0x1EE72, 31, 0x1EE74, 0x1EE77, 31,
            0x1EE79, 0x1EE7C, 31, 0x1EE7E, 0x1EE7E, 31, 0x1EE80, 0x1EE89, 31, 0x1EE8B, 0x1EE9B, 31,
            0x1EEA1, 0x1EEA3, 31, 0x1EEA5, 0x1EEA9, 31, 0x1EEAB, 0x1EEBB, 31, 0x20000, 0x2A6DF, 31,
            0x2A700, 0x2B81D, 31, 0x2B820, 0x2CEAD, 31, 0x2CEB0, 0x2EBE0, 31, 0x2EBF0, 0x2EE5D, 31,
            0x2F800, 0x2FA1D, 31, 0x30000, 0x3134A, 31, 0x31350, 0x33479, 31, 0x41, 0x5A, 32,
            0xC0, 0xD6, 32, 0xD8, 0xDE, 32, 0x100, 0x100, 32, 0x102, 0x102, 32,
            0x104, 0x104, 32, 0x106, 0x106, 32, 0x108, 0x108, 32, 0x10A, 0x10A, 32,
            0x10C, 0x10C, 32, 0x10E, 0x10E, 32, 0x110, 0x110, 32, 0x112, 0x112, 32,
            0x114, 0x114, 32, 0x116, 0x116, 32, 0x118, 0x118, 32, 0x11A, 0x11A, 32,
            0x11C, 0x11C, 32, 0x11E, 0x11E, 32, 0x120, 0x120, 32, 0x122, 0x122, 32,
            0x124, 0x124, 32, 0x126, 0x126, 32, 0x128, 0x128, 32, 0x12A, 0x12A, 32,
            0x12C, 0x12C, 32, 0x12E, 0x12E, 32, 0x130, 0x130, 32, 0x132, 0x132, 32,
            0x134, 0x134, 32, 0x136, 0x136, 32, 0x139, 0x139, 32, 0x13B, 0x13B, 32,
            0x13D, 0x13D, 32, 0x13F, 0x13F, 32, 0x141, 0x141, 32, 0x143, 0x143, 32,
            0x145, 0x145, 32, 0x147, 0x147, 32, 0x14A, 0x14A, 32, 0x14C, 0x14C, 32,
            0x14E, 0x14E, 32, 0x150, 0x150, 32, 0x152, 0x152, 32, 0x154, 0x154, 32,
            0x156, 0x156, 32, 0x158, 0x158, 32, 0x15A, 0x15A, 32, 0x15C, 0x15C, 32,
            0x15E, 0x15E, 32, 0x160, 0x160, 32, 0x162, 0x162, 32, 0x164, 0x164, 32,
            0x166, 0x166, 32, 0x168, 0x168, 32, 0x16A, 0x16A, 32, 0x16C, 0x16C, 32,
            0x16E, 0x16E, 32, 0x170, 0x170, 32, 0x172, 0x172, 32, 0x174, 0x174, 32,
            0x176, 0x176, 32, 0x178, 0x179, 32, 0x17B, 0x17B, 32, 0x17D, 0x17D, 32,
            0x181, 0x182, 32, 0x184, 0x184, 32, 0x186, 0x187, 32, 0x189, 0x18B, 32,
            0x18E, 0x191, 32, 0x193, 0x194, 32, 0x196, 0x198, 32, 0x19C, 0x19D, 32,
            0x19F, 0x1A0, 32, 0x1A2, 0x1A2, 32, 0x1A4, 0x1A4, 32, 0x1A6, 0x1A7, 32,
            0x1A9, 0x1A9, 32, 0x1AC, 0x1AC, 32, 0x1AE, 0x1AF, 32, 0x1B1, 0x1B3, 32,
            0x1B5, 0x1B5, 32, 0x1B7, 0x1B8, 32, 0x1BC, 0x1BC, 32, 0x1C4, 0x1C4, 32,
            0x1C7, 0x1C7, 32, 0x1CA, 0x1CA, 32, 0x1CD, 0x1CD, 32, 0x1CF, 0x1CF, 32,
            0x1D1, 0x1D1, 32, 0x1D3, 0x1D3, 32, 0x1D5, 0x1D5, 32, 0x1D7, 0x1D7, 32,
            0x1D9, 0x1D9, 32, 0x1DB, 0x1DB, 32, 0x1DE, 0x1DE, 32, 0x1E0, 0x1E0, 32,
            0x1E2, 0x1E2, 32, 0x1E4, 0x1E4, 32, 0x1E6, 0x1E6, 32, 0x1E8, 0x1E8, 32,
            0x1EA, 0x1EA, 32, 0x1EC, 0x1EC, 32, 0x1EE, 0x1EE, 32, 0x1F1, 0x1F1, 32,
            0x1F4, 0x1F4, 32, 0x1F6, 0x1F8, 32, 0x1FA, 0x1FA, 32, 0x1FC, 0x1FC, 32,
            0x1FE, 0x1FE, 32, 0x200, 0x200, 32, 0x202, 0x202, 32, 0x204, 0x204, 32,
            0x206, 0x206, 32, 0x208, 0x208, 32, 0x20A, 0x20A, 32, 0x20C, 0x20C, 32,
            0x20E, 0x20E, 32, 0x210, 0x210, 32, 0x212, 0x212, 32, 0x214, 0x214, 32,
            0x216, 0x216, 32, 0x218, 0x218, 32, 0x21A, 0x21A, 32, 0x21C, 0x21C, 32,
            0x21E, 0x21E, 32, 0x220, 0x220, 32, 0x222, 0x222, 32, 0x224, 0x224, 32,
            0x226, 0x226, 32, 0x228, 0x228, 32, 0x22A, 0x22A, 32, 0x22C, 0x22C, 32,
            0x22E, 0x22E, 32, 0x230, 0x230, 32, 0x232, 0x232, 32, 0x23A, 0x23B, 32,
            0x23D, 0x23E, 32, 0x241, 0x241, 32, 0x243, 0x246, 32, 0x248, 0x248, 32,
            0x24A, 0x24A, 32, 0x24C, 0x24C, 32, 0x24E, 0x24E, 32, 0x370, 0x370, 32,
            0x372, 0x372, 32, 0x376, 0x376, 32, 0x37F, 0x37F, 32, 0x386, 0x386, 32,
            0x388, 0x38A, 32, 0x38C, 0x38C, 32, 0x38E, 0x38F, 32, 0x391, 0x3A1, 32,
            0x3A3, 0x3AB, 32, 0x3CF, 0x3CF, 32, 0x3D2, 0x3D4, 32, 0x3D8, 0x3D8, 32,
            0x3DA, 0x3DA, 32, 0x3DC, 0x3DC, 32, 0x3DE, 0x3DE, 32, 0x3E0, 0x3E0, 32,
            0x3E2, 0x3E2, 32, 0x3E4, 0x3E4, 32, 0x3E6, 0x3E6, 32, 0x3E8, 0x3E8, 32,
            0x3EA, 0x3EA, 32, 0x3EC, 0x3EC, 32, 0x3EE, 0x3EE, 32, 0x3F4, 0x3F4, 32,
            0x3F7, 0x3F7, 32, 0x3F9, 0x3FA, 32, 0x3FD, 0x42F, 32, 0x460, 0x460, 32,
            0x462, 0x462, 32, 0x464, 0x464, 32, 0x466, 0x466, 32, 0x468, 0x468, 32,
            0x46A, 0x46A, 32, 0x46C, 0x46C, 32, 0x46E, 0x46E, 32, 0x470, 0x470, 32,
            0x472, 0x472, 32, 0x474, 0x474, 32, 0x476, 0x476, 32, 0x478, 0x478, 32,
            0x47A, 0x47A, 32, 0x47C, 0x47C, 32, 0x47E, 0x47E, 32, 0x480, 0x480, 32,
            0x48A, 0x48A, 32, 0x48C, 0x48C, 32, 0x48E, 0x48E, 32, 0x490, 0x490, 32,
            0x492, 0x492, 32, 0x494, 0x494, 32, 0x496, 0x496, 32, 0x498, 0x498, 32,
            0x49A, 0x49A, 32, 0x49C, 0x49C, 32, 0x49E, 0x49E, 32, 0x4A0, 0x4A0, 32,
            0x4A2, 0x4A2, 32, 0x4A4, 0x4A4, 32, 0x4A6, 0x4A6, 32, 0x4A8, 0x4A8, 32,
            0x4AA, 0x4AA, 32, 0x4AC, 0x4AC, 32, 0x4AE, 0x4AE, 32, 0x4B0, 0x4B0, 32,
            0x4B2, 0x4B2, 32, 0x4B4, 0x4B4, 32, 0x4B6, 0x4B6, 32, 0x4B8, 0x4B8, 32,
            0x4BA, 0x4BA, 32, 0x4BC, 0x4BC, 32, 0x4BE, 0x4BE, 32, 0x4C0, 0x4C1, 32,
            0x4C3, 0x4C3, 32, 0x4C5, 0x4C5, 32, 0x4C7, 0x4C7, 32, 0x4C9, 0x4C9, 32,
            0x4CB, 0x4CB, 32, 0x4CD, 0x4CD, 32, 0x4D0, 0x4D0, 32, 0x4D2, 0x4D2, 32,
            0x4D4, 0x4D4, 32, 0x4D6, 0x4D6, 32, 0x4D8, 0x4D8, 32, 0x4DA, 0x4DA, 32,
            0x4DC, 0x4DC, 32, 0x4DE, 0x4DE, 32, 0x4E0, 0x4E0, 32, 0x4E2, 0x4E2, 32,
            0x4E4, 0x4E4, 32, 0x4E6, 0x4E6, 32, 0x4E8, 0x4E8, 32, 0x4EA, 0x4EA, 32,
            0x4EC, 0x4EC, 32, 0x4EE, 0x4EE, 32, 0x4F0, 0x4F0, 32, 0x4F2, 0x4F2, 32,
            0x4F4, 0x4F4, 32, 0x4F6, 0x4F6, 32, 0x4F8, 0x4F8, 32, 0x4FA, 0x4FA, 32,
            0x4FC, 0x4FC, 32, 0x4FE, 0x4FE, 32, 0x500, 0x500, 32, 0x502, 0x502, 32,
            0x504, 0x504, 32, 0x506, 0x506, 32, 0x508, 0x508, 32, 0x50A, 0x50A, 32,
            0x50C, 0x50C, 32, 0x50E, 0x50E, 32, 0x510, 0x510, 32, 0x512, 0x512, 32,
            0x514, 0x514, 32, 0x516, 0x516, 32, 0x518, 0x518, 32, 0x51A, 0x51A, 32,
            0x51C, 0x51C, 32, 0x51E, 0x51E, 32, 0x520, 0x520, 32, 0x522, 0x522, 32,
            0x524, 0x524, 32, 0x526, 0x526, 32, 0x528, 0x528, 32, 0x52A, 0x52A, 32,
            0x52C, 0x52C, 32, 0x52E, 0x52E, 32, 0x531, 0x556, 32, 0x10A0, 0x10C5, 32,
            0x10C7, 0x10C7, 32, 0x10CD, 0x10CD, 32, 0x13A0, 0x13F5, 32, 0x1C89, 0x1C89, 32,
            0x1C90, 0x1CBA, 32, 0x1CBD, 0x1CBF, 32, 0x1E00, 0x1E00, 32, 0x1E02, 0x1E02, 32,
            0x1E04, 0x1E04, 32, 0x1E06, 0x1E06, 32, 0x1E08, 0x1E08, 32, 0x1E0A, 0x1E0A, 32,
            0x1E0C, 0x1E0C, 32, 0x1E0E, 0x1E0E, 32, 0x1E10, 0x1E10, 32, 0x1E12, 0x1E12, 32,
            0x1E14, 0x1E14, 32, 0x1E16, 0x1E16, 32, 0x1E18, 0x1E18, 32, 0x1E1A, 0x1E1A, 32,
            0x1E1C, 0x1E1C, 32, 0x1E1E, 0x1E1E, 32, 0x1E20, 0x1E20, 32, 0x1E22, 0x1E22, 32,
            0x1E24, 0x1E24, 32, 0x1E26, 0x1E26, 32, 0x1E28, 0x1E28, 32, 0x1E2A, 0x1E2A, 32,
            0x1E2C, 0x1E2C, 32, 0x1E2E, 0x1E2E, 32, 0x1E30, 0x1E30, 32, 0x1E32, 0x1E32, 32,
            0x1E34, 0x1E34, 32, 0x1E36, 0x1E36, 32, 0x1E38, 0x1E38, 32, 0x1E3A, 0x1E3A, 32,
            0x1E3C, 0x1E3C, 32, 0x1E3E, 0x1E3E, 32, 0x1E40, 0x1E40, 32, 0x1E42, 0x1E42, 32,
            0x1E44, 0x1E44, 32, 0x1E46, 0x1E46, 32, 0x1E48, 0x1E48, 32, 0x1E4A, 0x1E4A, 32,
            0x1E4C, 0x1E4C, 32, 0x1E4E, 0x1E4E, 32, 0x1E50, 0x1E50, 32, 0x1E52, 0x1E52, 32,
            0x1E54, 0x1E54, 32, 0x1E56, 0x1E56, 32, 0x1E58, 0x1E58, 32, 0x1E5A, 0x1E5A, 32,
            0x1E5C, 0x1E5C, 32, 0x1E5E, 0x1E5E, 32, 0x1E60, 0x1E60, 32, 0x1E62, 0x1E62, 32,
            0x1E64, 0x1E64, 32, 0x1E66, 0x1E66, 32, 0x1E68, 0x1E68, 32, 0x1E6A, 0x1E6A, 32,
            0x1E6C, 0x1E6C, 32, 0x1E6E, 0x1E6E, 32, 0x1E70, 0x1E70, 32, 0x1E72, 0x1E72, 32,
            0x1E74, 0x1E74, 32, 0x1E76, 0x1E76, 32, 0x1E78, 0x1E78, 32, 0x1E7A, 0x1E7A, 32,
            0x1E7C, 0x1E7C, 32, 0x1E7E, 0x1E7E, 32, 0x1E80, 0x1E80, 32, 0x1E82, 0x1E82, 32,
            0x1E84, 0x1E84, 32, 0x1E86, 0x1E86, 32, 0x1E88, 0x1E88, 32, 0x1E8A, 0x1E8A, 32,
        };
    }

    private static int[] rangeChunk18() {
        return new int[] {
            0x1E8C, 0x1E8C, 32, 0x1E8E, 0x1E8E, 32, 0x1E90, 0x1E90, 32, 0x1E92, 0x1E92, 32,
            0x1E94, 0x1E94, 32, 0x1E9E, 0x1E9E, 32, 0x1EA0, 0x1EA0, 32, 0x1EA2, 0x1EA2, 32,
            0x1EA4, 0x1EA4, 32, 0x1EA6, 0x1EA6, 32, 0x1EA8, 0x1EA8, 32, 0x1EAA, 0x1EAA, 32,
            0x1EAC, 0x1EAC, 32, 0x1EAE, 0x1EAE, 32, 0x1EB0, 0x1EB0, 32, 0x1EB2, 0x1EB2, 32,
            0x1EB4, 0x1EB4, 32, 0x1EB6, 0x1EB6, 32, 0x1EB8, 0x1EB8, 32, 0x1EBA, 0x1EBA, 32,
            0x1EBC, 0x1EBC, 32, 0x1EBE, 0x1EBE, 32, 0x1EC0, 0x1EC0, 32, 0x1EC2, 0x1EC2, 32,
            0x1EC4, 0x1EC4, 32, 0x1EC6, 0x1EC6, 32, 0x1EC8, 0x1EC8, 32, 0x1ECA, 0x1ECA, 32,
            0x1ECC, 0x1ECC, 32, 0x1ECE, 0x1ECE, 32, 0x1ED0, 0x1ED0, 32, 0x1ED2, 0x1ED2, 32,
            0x1ED4, 0x1ED4, 32, 0x1ED6, 0x1ED6, 32, 0x1ED8, 0x1ED8, 32, 0x1EDA, 0x1EDA, 32,
            0x1EDC, 0x1EDC, 32, 0x1EDE, 0x1EDE, 32, 0x1EE0, 0x1EE0, 32, 0x1EE2, 0x1EE2, 32,
            0x1EE4, 0x1EE4, 32, 0x1EE6, 0x1EE6, 32, 0x1EE8, 0x1EE8, 32, 0x1EEA, 0x1EEA, 32,
            0x1EEC, 0x1EEC, 32, 0x1EEE, 0x1EEE, 32, 0x1EF0, 0x1EF0, 32, 0x1EF2, 0x1EF2, 32,
            0x1EF4, 0x1EF4, 32, 0x1EF6, 0x1EF6, 32, 0x1EF8, 0x1EF8, 32, 0x1EFA, 0x1EFA, 32,
            0x1EFC, 0x1EFC, 32, 0x1EFE, 0x1EFE, 32, 0x1F08, 0x1F0F, 32, 0x1F18, 0x1F1D, 32,
            0x1F28, 0x1F2F, 32, 0x1F38, 0x1F3F, 32, 0x1F48, 0x1F4D, 32, 0x1F59, 0x1F59, 32,
            0x1F5B, 0x1F5B, 32, 0x1F5D, 0x1F5D, 32, 0x1F5F, 0x1F5F, 32, 0x1F68, 0x1F6F, 32,
            0x1FB8, 0x1FBB, 32, 0x1FC8, 0x1FCB, 32, 0x1FD8, 0x1FDB, 32, 0x1FE8, 0x1FEC, 32,
            0x1FF8, 0x1FFB, 32, 0x2102, 0x2102, 32, 0x2107, 0x2107, 32, 0x210B, 0x210D, 32,
            0x2110, 0x2112, 32, 0x2115, 0x2115, 32, 0x2119, 0x211D, 32, 0x2124, 0x2124, 32,
            0x2126, 0x2126, 32, 0x2128, 0x2128, 32, 0x212A, 0x212D, 32, 0x2130, 0x2133, 32,
            0x213E, 0x213F, 32, 0x2145, 0x2145, 32, 0x2183, 0x2183, 32, 0x2C00, 0x2C2F, 32,
            0x2C60, 0x2C60, 32, 0x2C62, 0x2C64, 32, 0x2C67, 0x2C67, 32, 0x2C69, 0x2C69, 32,
            0x2C6B, 0x2C6B, 32, 0x2C6D, 0x2C70, 32, 0x2C72, 0x2C72, 32, 0x2C75, 0x2C75, 32,
            0x2C7E, 0x2C80, 32, 0x2C82, 0x2C82, 32, 0x2C84, 0x2C84, 32, 0x2C86, 0x2C86, 32,
            0x2C88, 0x2C88, 32, 0x2C8A, 0x2C8A, 32, 0x2C8C, 0x2C8C, 32, 0x2C8E, 0x2C8E, 32,
            0x2C90, 0x2C90, 32, 0x2C92, 0x2C92, 32, 0x2C94, 0x2C94, 32, 0x2C96, 0x2C96, 32,
            0x2C98, 0x2C98, 32, 0x2C9A, 0x2C9A, 32, 0x2C9C, 0x2C9C, 32, 0x2C9E, 0x2C9E, 32,
            0x2CA0, 0x2CA0, 32, 0x2CA2, 0x2CA2, 32, 0x2CA4, 0x2CA4, 32, 0x2CA6, 0x2CA6, 32,
            0x2CA8, 0x2CA8, 32, 0x2CAA, 0x2CAA, 32, 0x2CAC, 0x2CAC, 32, 0x2CAE, 0x2CAE, 32,
            0x2CB0, 0x2CB0, 32, 0x2CB2, 0x2CB2, 32, 0x2CB4, 0x2CB4, 32, 0x2CB6, 0x2CB6, 32,
            0x2CB8, 0x2CB8, 32, 0x2CBA, 0x2CBA, 32, 0x2CBC, 0x2CBC, 32, 0x2CBE, 0x2CBE, 32,
            0x2CC0, 0x2CC0, 32, 0x2CC2, 0x2CC2, 32, 0x2CC4, 0x2CC4, 32, 0x2CC6, 0x2CC6, 32,
            0x2CC8, 0x2CC8, 32, 0x2CCA, 0x2CCA, 32, 0x2CCC, 0x2CCC, 32, 0x2CCE, 0x2CCE, 32,
            0x2CD0, 0x2CD0, 32, 0x2CD2, 0x2CD2, 32, 0x2CD4, 0x2CD4, 32, 0x2CD6, 0x2CD6, 32,
            0x2CD8, 0x2CD8, 32, 0x2CDA, 0x2CDA, 32, 0x2CDC, 0x2CDC, 32, 0x2CDE, 0x2CDE, 32,
            0x2CE0, 0x2CE0, 32, 0x2CE2, 0x2CE2, 32, 0x2CEB, 0x2CEB, 32, 0x2CED, 0x2CED, 32,
            0x2CF2, 0x2CF2, 32, 0xA640, 0xA640, 32, 0xA642, 0xA642, 32, 0xA644, 0xA644, 32,
            0xA646, 0xA646, 32, 0xA648, 0xA648, 32, 0xA64A, 0xA64A, 32, 0xA64C, 0xA64C, 32,
            0xA64E, 0xA64E, 32, 0xA650, 0xA650, 32, 0xA652, 0xA652, 32, 0xA654, 0xA654, 32,
            0xA656, 0xA656, 32, 0xA658, 0xA658, 32, 0xA65A, 0xA65A, 32, 0xA65C, 0xA65C, 32,
            0xA65E, 0xA65E, 32, 0xA660, 0xA660, 32, 0xA662, 0xA662, 32, 0xA664, 0xA664, 32,
            0xA666, 0xA666, 32, 0xA668, 0xA668, 32, 0xA66A, 0xA66A, 32, 0xA66C, 0xA66C, 32,
            0xA680, 0xA680, 32, 0xA682, 0xA682, 32, 0xA684, 0xA684, 32, 0xA686, 0xA686, 32,
            0xA688, 0xA688, 32, 0xA68A, 0xA68A, 32, 0xA68C, 0xA68C, 32, 0xA68E, 0xA68E, 32,
            0xA690, 0xA690, 32, 0xA692, 0xA692, 32, 0xA694, 0xA694, 32, 0xA696, 0xA696, 32,
            0xA698, 0xA698, 32, 0xA69A, 0xA69A, 32, 0xA722, 0xA722, 32, 0xA724, 0xA724, 32,
            0xA726, 0xA726, 32, 0xA728, 0xA728, 32, 0xA72A, 0xA72A, 32, 0xA72C, 0xA72C, 32,
            0xA72E, 0xA72E, 32, 0xA732, 0xA732, 32, 0xA734, 0xA734, 32, 0xA736, 0xA736, 32,
            0xA738, 0xA738, 32, 0xA73A, 0xA73A, 32, 0xA73C, 0xA73C, 32, 0xA73E, 0xA73E, 32,
            0xA740, 0xA740, 32, 0xA742, 0xA742, 32, 0xA744, 0xA744, 32, 0xA746, 0xA746, 32,
            0xA748, 0xA748, 32, 0xA74A, 0xA74A, 32, 0xA74C, 0xA74C, 32, 0xA74E, 0xA74E, 32,
            0xA750, 0xA750, 32, 0xA752, 0xA752, 32, 0xA754, 0xA754, 32, 0xA756, 0xA756, 32,
            0xA758, 0xA758, 32, 0xA75A, 0xA75A, 32, 0xA75C, 0xA75C, 32, 0xA75E, 0xA75E, 32,
            0xA760, 0xA760, 32, 0xA762, 0xA762, 32, 0xA764, 0xA764, 32, 0xA766, 0xA766, 32,
            0xA768, 0xA768, 32, 0xA76A, 0xA76A, 32, 0xA76C, 0xA76C, 32, 0xA76E, 0xA76E, 32,
            0xA779, 0xA779, 32, 0xA77B, 0xA77B, 32, 0xA77D, 0xA77E, 32, 0xA780, 0xA780, 32,
            0xA782, 0xA782, 32, 0xA784, 0xA784, 32, 0xA786, 0xA786, 32, 0xA78B, 0xA78B, 32,
            0xA78D, 0xA78D, 32, 0xA790, 0xA790, 32, 0xA792, 0xA792, 32, 0xA796, 0xA796, 32,
            0xA798, 0xA798, 32, 0xA79A, 0xA79A, 32, 0xA79C, 0xA79C, 32, 0xA79E, 0xA79E, 32,
            0xA7A0, 0xA7A0, 32, 0xA7A2, 0xA7A2, 32, 0xA7A4, 0xA7A4, 32, 0xA7A6, 0xA7A6, 32,
            0xA7A8, 0xA7A8, 32, 0xA7AA, 0xA7AE, 32, 0xA7B0, 0xA7B4, 32, 0xA7B6, 0xA7B6, 32,
            0xA7B8, 0xA7B8, 32, 0xA7BA, 0xA7BA, 32, 0xA7BC, 0xA7BC, 32, 0xA7BE, 0xA7BE, 32,
            0xA7C0, 0xA7C0, 32, 0xA7C2, 0xA7C2, 32, 0xA7C4, 0xA7C7, 32, 0xA7C9, 0xA7C9, 32,
            0xA7CB, 0xA7CC, 32, 0xA7CE, 0xA7CE, 32, 0xA7D0, 0xA7D0, 32, 0xA7D2, 0xA7D2, 32,
            0xA7D4, 0xA7D4, 32, 0xA7D6, 0xA7D6, 32, 0xA7D8, 0xA7D8, 32, 0xA7DA, 0xA7DA, 32,
            0xA7DC, 0xA7DC, 32, 0xA7F5, 0xA7F5, 32, 0xFF21, 0xFF3A, 32, 0x10400, 0x10427, 32,
            0x104B0, 0x104D3, 32, 0x10570, 0x1057A, 32, 0x1057C, 0x1058A, 32, 0x1058C, 0x10592, 32,
            0x10594, 0x10595, 32, 0x10C80, 0x10CB2, 32, 0x10D50, 0x10D65, 32, 0x118A0, 0x118BF, 32,
            0x16E40, 0x16E5F, 32, 0x16EA0, 0x16EB8, 32, 0x1D400, 0x1D419, 32, 0x1D434, 0x1D44D, 32,
            0x1D468, 0x1D481, 32, 0x1D49C, 0x1D49C, 32, 0x1D49E, 0x1D49F, 32, 0x1D4A2, 0x1D4A2, 32,
            0x1D4A5, 0x1D4A6, 32, 0x1D4A9, 0x1D4AC, 32, 0x1D4AE, 0x1D4B5, 32, 0x1D4D0, 0x1D4E9, 32,
            0x1D504, 0x1D505, 32, 0x1D507, 0x1D50A, 32, 0x1D50D, 0x1D514, 32, 0x1D516, 0x1D51C, 32,
            0x1D538, 0x1D539, 32, 0x1D53B, 0x1D53E, 32, 0x1D540, 0x1D544, 32, 0x1D546, 0x1D546, 32,
            0x1D54A, 0x1D550, 32, 0x1D56C, 0x1D585, 32, 0x1D5A0, 0x1D5B9, 32, 0x1D5D4, 0x1D5ED, 32,
            0x1D608, 0x1D621, 32, 0x1D63C, 0x1D655, 32, 0x1D670, 0x1D689, 32, 0x1D6A8, 0x1D6C0, 32,
            0x1D6E2, 0x1D6FA, 32, 0x1D71C, 0x1D734, 32, 0x1D756, 0x1D76E, 32, 0x1D790, 0x1D7A8, 32,
            0x1D7CA, 0x1D7CA, 32, 0x1E900, 0x1E921, 32, 0x61, 0x7A, 32, 0xB5, 0xB5, 32,
            0xDF, 0xF6, 32, 0xF8, 0xFF, 32, 0x101, 0x101, 32, 0x103, 0x103, 32,
            0x105, 0x105, 32, 0x107, 0x107, 32, 0x109, 0x109, 32, 0x10B, 0x10B, 32,
            0x10D, 0x10D, 32, 0x10F, 0x10F, 32, 0x111, 0x111, 32, 0x113, 0x113, 32,
            0x115, 0x115, 32, 0x117, 0x117, 32, 0x119, 0x119, 32, 0x11B, 0x11B, 32,
            0x11D, 0x11D, 32, 0x11F, 0x11F, 32, 0x121, 0x121, 32, 0x123, 0x123, 32,
            0x125, 0x125, 32, 0x127, 0x127, 32, 0x129, 0x129, 32, 0x12B, 0x12B, 32,
            0x12D, 0x12D, 32, 0x12F, 0x12F, 32, 0x131, 0x131, 32, 0x133, 0x133, 32,
            0x135, 0x135, 32, 0x137, 0x138, 32, 0x13A, 0x13A, 32, 0x13C, 0x13C, 32,
            0x13E, 0x13E, 32, 0x140, 0x140, 32, 0x142, 0x142, 32, 0x144, 0x144, 32,
            0x146, 0x146, 32, 0x148, 0x149, 32, 0x14B, 0x14B, 32, 0x14D, 0x14D, 32,
            0x14F, 0x14F, 32, 0x151, 0x151, 32, 0x153, 0x153, 32, 0x155, 0x155, 32,
            0x157, 0x157, 32, 0x159, 0x159, 32, 0x15B, 0x15B, 32, 0x15D, 0x15D, 32,
            0x15F, 0x15F, 32, 0x161, 0x161, 32, 0x163, 0x163, 32, 0x165, 0x165, 32,
            0x167, 0x167, 32, 0x169, 0x169, 32, 0x16B, 0x16B, 32, 0x16D, 0x16D, 32,
            0x16F, 0x16F, 32, 0x171, 0x171, 32, 0x173, 0x173, 32, 0x175, 0x175, 32,
            0x177, 0x177, 32, 0x17A, 0x17A, 32, 0x17C, 0x17C, 32, 0x17E, 0x180, 32,
            0x183, 0x183, 32, 0x185, 0x185, 32, 0x188, 0x188, 32, 0x18C, 0x18D, 32,
            0x192, 0x192, 32, 0x195, 0x195, 32, 0x199, 0x19B, 32, 0x19E, 0x19E, 32,
            0x1A1, 0x1A1, 32, 0x1A3, 0x1A3, 32, 0x1A5, 0x1A5, 32, 0x1A8, 0x1A8, 32,
            0x1AA, 0x1AB, 32, 0x1AD, 0x1AD, 32, 0x1B0, 0x1B0, 32, 0x1B4, 0x1B4, 32,
            0x1B6, 0x1B6, 32, 0x1B9, 0x1BA, 32, 0x1BD, 0x1BF, 32, 0x1C6, 0x1C6, 32,
            0x1C9, 0x1C9, 32, 0x1CC, 0x1CC, 32, 0x1CE, 0x1CE, 32, 0x1D0, 0x1D0, 32,
            0x1D2, 0x1D2, 32, 0x1D4, 0x1D4, 32, 0x1D6, 0x1D6, 32, 0x1D8, 0x1D8, 32,
        };
    }

    private static int[] rangeChunk19() {
        return new int[] {
            0x1DA, 0x1DA, 32, 0x1DC, 0x1DD, 32, 0x1DF, 0x1DF, 32, 0x1E1, 0x1E1, 32,
            0x1E3, 0x1E3, 32, 0x1E5, 0x1E5, 32, 0x1E7, 0x1E7, 32, 0x1E9, 0x1E9, 32,
            0x1EB, 0x1EB, 32, 0x1ED, 0x1ED, 32, 0x1EF, 0x1F0, 32, 0x1F3, 0x1F3, 32,
            0x1F5, 0x1F5, 32, 0x1F9, 0x1F9, 32, 0x1FB, 0x1FB, 32, 0x1FD, 0x1FD, 32,
            0x1FF, 0x1FF, 32, 0x201, 0x201, 32, 0x203, 0x203, 32, 0x205, 0x205, 32,
            0x207, 0x207, 32, 0x209, 0x209, 32, 0x20B, 0x20B, 32, 0x20D, 0x20D, 32,
            0x20F, 0x20F, 32, 0x211, 0x211, 32, 0x213, 0x213, 32, 0x215, 0x215, 32,
            0x217, 0x217, 32, 0x219, 0x219, 32, 0x21B, 0x21B, 32, 0x21D, 0x21D, 32,
            0x21F, 0x21F, 32, 0x221, 0x221, 32, 0x223, 0x223, 32, 0x225, 0x225, 32,
            0x227, 0x227, 32, 0x229, 0x229, 32, 0x22B, 0x22B, 32, 0x22D, 0x22D, 32,
            0x22F, 0x22F, 32, 0x231, 0x231, 32, 0x233, 0x239, 32, 0x23C, 0x23C, 32,
            0x23F, 0x240, 32, 0x242, 0x242, 32, 0x247, 0x247, 32, 0x249, 0x249, 32,
            0x24B, 0x24B, 32, 0x24D, 0x24D, 32, 0x24F, 0x293, 32, 0x296, 0x2AF, 32,
            0x371, 0x371, 32, 0x373, 0x373, 32, 0x377, 0x377, 32, 0x37B, 0x37D, 32,
            0x390, 0x390, 32, 0x3AC, 0x3CE, 32, 0x3D0, 0x3D1, 32, 0x3D5, 0x3D7, 32,
            0x3D9, 0x3D9, 32, 0x3DB, 0x3DB, 32, 0x3DD, 0x3DD, 32, 0x3DF, 0x3DF, 32,
            0x3E1, 0x3E1, 32, 0x3E3, 0x3E3, 32, 0x3E5, 0x3E5, 32, 0x3E7, 0x3E7, 32,
            0x3E9, 0x3E9, 32, 0x3EB, 0x3EB, 32, 0x3ED, 0x3ED, 32, 0x3EF, 0x3F3, 32,
            0x3F5, 0x3F5, 32, 0x3F8, 0x3F8, 32, 0x3FB, 0x3FC, 32, 0x430, 0x45F, 32,
            0x461, 0x461, 32, 0x463, 0x463, 32, 0x465, 0x465, 32, 0x467, 0x467, 32,
            0x469, 0x469, 32, 0x46B, 0x46B, 32, 0x46D, 0x46D, 32, 0x46F, 0x46F, 32,
            0x471, 0x471, 32, 0x473, 0x473, 32, 0x475, 0x475, 32, 0x477, 0x477, 32,
            0x479, 0x479, 32, 0x47B, 0x47B, 32, 0x47D, 0x47D, 32, 0x47F, 0x47F, 32,
            0x481, 0x481, 32, 0x48B, 0x48B, 32, 0x48D, 0x48D, 32, 0x48F, 0x48F, 32,
            0x491, 0x491, 32, 0x493, 0x493, 32, 0x495, 0x495, 32, 0x497, 0x497, 32,
            0x499, 0x499, 32, 0x49B, 0x49B, 32, 0x49D, 0x49D, 32, 0x49F, 0x49F, 32,
            0x4A1, 0x4A1, 32, 0x4A3, 0x4A3, 32, 0x4A5, 0x4A5, 32, 0x4A7, 0x4A7, 32,
            0x4A9, 0x4A9, 32, 0x4AB, 0x4AB, 32, 0x4AD, 0x4AD, 32, 0x4AF, 0x4AF, 32,
            0x4B1, 0x4B1, 32, 0x4B3, 0x4B3, 32, 0x4B5, 0x4B5, 32, 0x4B7, 0x4B7, 32,
            0x4B9, 0x4B9, 32, 0x4BB, 0x4BB, 32, 0x4BD, 0x4BD, 32, 0x4BF, 0x4BF, 32,
            0x4C2, 0x4C2, 32, 0x4C4, 0x4C4, 32, 0x4C6, 0x4C6, 32, 0x4C8, 0x4C8, 32,
            0x4CA, 0x4CA, 32, 0x4CC, 0x4CC, 32, 0x4CE, 0x4CF, 32, 0x4D1, 0x4D1, 32,
            0x4D3, 0x4D3, 32, 0x4D5, 0x4D5, 32, 0x4D7, 0x4D7, 32, 0x4D9, 0x4D9, 32,
            0x4DB, 0x4DB, 32, 0x4DD, 0x4DD, 32, 0x4DF, 0x4DF, 32, 0x4E1, 0x4E1, 32,
            0x4E3, 0x4E3, 32, 0x4E5, 0x4E5, 32, 0x4E7, 0x4E7, 32, 0x4E9, 0x4E9, 32,
            0x4EB, 0x4EB, 32, 0x4ED, 0x4ED, 32, 0x4EF, 0x4EF, 32, 0x4F1, 0x4F1, 32,
            0x4F3, 0x4F3, 32, 0x4F5, 0x4F5, 32, 0x4F7, 0x4F7, 32, 0x4F9, 0x4F9, 32,
            0x4FB, 0x4FB, 32, 0x4FD, 0x4FD, 32, 0x4FF, 0x4FF, 32, 0x501, 0x501, 32,
            0x503, 0x503, 32, 0x505, 0x505, 32, 0x507, 0x507, 32, 0x509, 0x509, 32,
            0x50B, 0x50B, 32, 0x50D, 0x50D, 32, 0x50F, 0x50F, 32, 0x511, 0x511, 32,
            0x513, 0x513, 32, 0x515, 0x515, 32, 0x517, 0x517, 32, 0x519, 0x519, 32,
            0x51B, 0x51B, 32, 0x51D, 0x51D, 32, 0x51F, 0x51F, 32, 0x521, 0x521, 32,
            0x523, 0x523, 32, 0x525, 0x525, 32, 0x527, 0x527, 32, 0x529, 0x529, 32,
            0x52B, 0x52B, 32, 0x52D, 0x52D, 32, 0x52F, 0x52F, 32, 0x560, 0x588, 32,
            0x10D0, 0x10FA, 32, 0x10FD, 0x10FF, 32, 0x13F8, 0x13FD, 32, 0x1C80, 0x1C88, 32,
            0x1C8A, 0x1C8A, 32, 0x1D00, 0x1D2B, 32, 0x1D6B, 0x1D77, 32, 0x1D79, 0x1D9A, 32,
            0x1E01, 0x1E01, 32, 0x1E03, 0x1E03, 32, 0x1E05, 0x1E05, 32, 0x1E07, 0x1E07, 32,
            0x1E09, 0x1E09, 32, 0x1E0B, 0x1E0B, 32, 0x1E0D, 0x1E0D, 32, 0x1E0F, 0x1E0F, 32,
            0x1E11, 0x1E11, 32, 0x1E13, 0x1E13, 32, 0x1E15, 0x1E15, 32, 0x1E17, 0x1E17, 32,
            0x1E19, 0x1E19, 32, 0x1E1B, 0x1E1B, 32, 0x1E1D, 0x1E1D, 32, 0x1E1F, 0x1E1F, 32,
            0x1E21, 0x1E21, 32, 0x1E23, 0x1E23, 32, 0x1E25, 0x1E25, 32, 0x1E27, 0x1E27, 32,
            0x1E29, 0x1E29, 32, 0x1E2B, 0x1E2B, 32, 0x1E2D, 0x1E2D, 32, 0x1E2F, 0x1E2F, 32,
            0x1E31, 0x1E31, 32, 0x1E33, 0x1E33, 32, 0x1E35, 0x1E35, 32, 0x1E37, 0x1E37, 32,
            0x1E39, 0x1E39, 32, 0x1E3B, 0x1E3B, 32, 0x1E3D, 0x1E3D, 32, 0x1E3F, 0x1E3F, 32,
            0x1E41, 0x1E41, 32, 0x1E43, 0x1E43, 32, 0x1E45, 0x1E45, 32, 0x1E47, 0x1E47, 32,
            0x1E49, 0x1E49, 32, 0x1E4B, 0x1E4B, 32, 0x1E4D, 0x1E4D, 32, 0x1E4F, 0x1E4F, 32,
            0x1E51, 0x1E51, 32, 0x1E53, 0x1E53, 32, 0x1E55, 0x1E55, 32, 0x1E57, 0x1E57, 32,
            0x1E59, 0x1E59, 32, 0x1E5B, 0x1E5B, 32, 0x1E5D, 0x1E5D, 32, 0x1E5F, 0x1E5F, 32,
            0x1E61, 0x1E61, 32, 0x1E63, 0x1E63, 32, 0x1E65, 0x1E65, 32, 0x1E67, 0x1E67, 32,
            0x1E69, 0x1E69, 32, 0x1E6B, 0x1E6B, 32, 0x1E6D, 0x1E6D, 32, 0x1E6F, 0x1E6F, 32,
            0x1E71, 0x1E71, 32, 0x1E73, 0x1E73, 32, 0x1E75, 0x1E75, 32, 0x1E77, 0x1E77, 32,
            0x1E79, 0x1E79, 32, 0x1E7B, 0x1E7B, 32, 0x1E7D, 0x1E7D, 32, 0x1E7F, 0x1E7F, 32,
            0x1E81, 0x1E81, 32, 0x1E83, 0x1E83, 32, 0x1E85, 0x1E85, 32, 0x1E87, 0x1E87, 32,
            0x1E89, 0x1E89, 32, 0x1E8B, 0x1E8B, 32, 0x1E8D, 0x1E8D, 32, 0x1E8F, 0x1E8F, 32,
            0x1E91, 0x1E91, 32, 0x1E93, 0x1E93, 32, 0x1E95, 0x1E9D, 32, 0x1E9F, 0x1E9F, 32,
            0x1EA1, 0x1EA1, 32, 0x1EA3, 0x1EA3, 32, 0x1EA5, 0x1EA5, 32, 0x1EA7, 0x1EA7, 32,
            0x1EA9, 0x1EA9, 32, 0x1EAB, 0x1EAB, 32, 0x1EAD, 0x1EAD, 32, 0x1EAF, 0x1EAF, 32,
            0x1EB1, 0x1EB1, 32, 0x1EB3, 0x1EB3, 32, 0x1EB5, 0x1EB5, 32, 0x1EB7, 0x1EB7, 32,
            0x1EB9, 0x1EB9, 32, 0x1EBB, 0x1EBB, 32, 0x1EBD, 0x1EBD, 32, 0x1EBF, 0x1EBF, 32,
            0x1EC1, 0x1EC1, 32, 0x1EC3, 0x1EC3, 32, 0x1EC5, 0x1EC5, 32, 0x1EC7, 0x1EC7, 32,
            0x1EC9, 0x1EC9, 32, 0x1ECB, 0x1ECB, 32, 0x1ECD, 0x1ECD, 32, 0x1ECF, 0x1ECF, 32,
            0x1ED1, 0x1ED1, 32, 0x1ED3, 0x1ED3, 32, 0x1ED5, 0x1ED5, 32, 0x1ED7, 0x1ED7, 32,
            0x1ED9, 0x1ED9, 32, 0x1EDB, 0x1EDB, 32, 0x1EDD, 0x1EDD, 32, 0x1EDF, 0x1EDF, 32,
            0x1EE1, 0x1EE1, 32, 0x1EE3, 0x1EE3, 32, 0x1EE5, 0x1EE5, 32, 0x1EE7, 0x1EE7, 32,
            0x1EE9, 0x1EE9, 32, 0x1EEB, 0x1EEB, 32, 0x1EED, 0x1EED, 32, 0x1EEF, 0x1EEF, 32,
            0x1EF1, 0x1EF1, 32, 0x1EF3, 0x1EF3, 32, 0x1EF5, 0x1EF5, 32, 0x1EF7, 0x1EF7, 32,
            0x1EF9, 0x1EF9, 32, 0x1EFB, 0x1EFB, 32, 0x1EFD, 0x1EFD, 32, 0x1EFF, 0x1F07, 32,
            0x1F10, 0x1F15, 32, 0x1F20, 0x1F27, 32, 0x1F30, 0x1F37, 32, 0x1F40, 0x1F45, 32,
            0x1F50, 0x1F57, 32, 0x1F60, 0x1F67, 32, 0x1F70, 0x1F7D, 32, 0x1F80, 0x1F87, 32,
            0x1F90, 0x1F97, 32, 0x1FA0, 0x1FA7, 32, 0x1FB0, 0x1FB4, 32, 0x1FB6, 0x1FB7, 32,
            0x1FBE, 0x1FBE, 32, 0x1FC2, 0x1FC4, 32, 0x1FC6, 0x1FC7, 32, 0x1FD0, 0x1FD3, 32,
            0x1FD6, 0x1FD7, 32, 0x1FE0, 0x1FE7, 32, 0x1FF2, 0x1FF4, 32, 0x1FF6, 0x1FF7, 32,
            0x210A, 0x210A, 32, 0x210E, 0x210F, 32, 0x2113, 0x2113, 32, 0x212F, 0x212F, 32,
            0x2134, 0x2134, 32, 0x2139, 0x2139, 32, 0x213C, 0x213D, 32, 0x2146, 0x2149, 32,
            0x214E, 0x214E, 32, 0x2184, 0x2184, 32, 0x2C30, 0x2C5F, 32, 0x2C61, 0x2C61, 32,
            0x2C65, 0x2C66, 32, 0x2C68, 0x2C68, 32, 0x2C6A, 0x2C6A, 32, 0x2C6C, 0x2C6C, 32,
            0x2C71, 0x2C71, 32, 0x2C73, 0x2C74, 32, 0x2C76, 0x2C7B, 32, 0x2C81, 0x2C81, 32,
            0x2C83, 0x2C83, 32, 0x2C85, 0x2C85, 32, 0x2C87, 0x2C87, 32, 0x2C89, 0x2C89, 32,
            0x2C8B, 0x2C8B, 32, 0x2C8D, 0x2C8D, 32, 0x2C8F, 0x2C8F, 32, 0x2C91, 0x2C91, 32,
            0x2C93, 0x2C93, 32, 0x2C95, 0x2C95, 32, 0x2C97, 0x2C97, 32, 0x2C99, 0x2C99, 32,
            0x2C9B, 0x2C9B, 32, 0x2C9D, 0x2C9D, 32, 0x2C9F, 0x2C9F, 32, 0x2CA1, 0x2CA1, 32,
            0x2CA3, 0x2CA3, 32, 0x2CA5, 0x2CA5, 32, 0x2CA7, 0x2CA7, 32, 0x2CA9, 0x2CA9, 32,
            0x2CAB, 0x2CAB, 32, 0x2CAD, 0x2CAD, 32, 0x2CAF, 0x2CAF, 32, 0x2CB1, 0x2CB1, 32,
            0x2CB3, 0x2CB3, 32, 0x2CB5, 0x2CB5, 32, 0x2CB7, 0x2CB7, 32, 0x2CB9, 0x2CB9, 32,
            0x2CBB, 0x2CBB, 32, 0x2CBD, 0x2CBD, 32, 0x2CBF, 0x2CBF, 32, 0x2CC1, 0x2CC1, 32,
            0x2CC3, 0x2CC3, 32, 0x2CC5, 0x2CC5, 32, 0x2CC7, 0x2CC7, 32, 0x2CC9, 0x2CC9, 32,
            0x2CCB, 0x2CCB, 32, 0x2CCD, 0x2CCD, 32, 0x2CCF, 0x2CCF, 32, 0x2CD1, 0x2CD1, 32,
            0x2CD3, 0x2CD3, 32, 0x2CD5, 0x2CD5, 32, 0x2CD7, 0x2CD7, 32, 0x2CD9, 0x2CD9, 32,
            0x2CDB, 0x2CDB, 32, 0x2CDD, 0x2CDD, 32, 0x2CDF, 0x2CDF, 32, 0x2CE1, 0x2CE1, 32,
            0x2CE3, 0x2CE4, 32, 0x2CEC, 0x2CEC, 32, 0x2CEE, 0x2CEE, 32, 0x2CF3, 0x2CF3, 32,
        };
    }

    private static int[] rangeChunk20() {
        return new int[] {
            0x2D00, 0x2D25, 32, 0x2D27, 0x2D27, 32, 0x2D2D, 0x2D2D, 32, 0xA641, 0xA641, 32,
            0xA643, 0xA643, 32, 0xA645, 0xA645, 32, 0xA647, 0xA647, 32, 0xA649, 0xA649, 32,
            0xA64B, 0xA64B, 32, 0xA64D, 0xA64D, 32, 0xA64F, 0xA64F, 32, 0xA651, 0xA651, 32,
            0xA653, 0xA653, 32, 0xA655, 0xA655, 32, 0xA657, 0xA657, 32, 0xA659, 0xA659, 32,
            0xA65B, 0xA65B, 32, 0xA65D, 0xA65D, 32, 0xA65F, 0xA65F, 32, 0xA661, 0xA661, 32,
            0xA663, 0xA663, 32, 0xA665, 0xA665, 32, 0xA667, 0xA667, 32, 0xA669, 0xA669, 32,
            0xA66B, 0xA66B, 32, 0xA66D, 0xA66D, 32, 0xA681, 0xA681, 32, 0xA683, 0xA683, 32,
            0xA685, 0xA685, 32, 0xA687, 0xA687, 32, 0xA689, 0xA689, 32, 0xA68B, 0xA68B, 32,
            0xA68D, 0xA68D, 32, 0xA68F, 0xA68F, 32, 0xA691, 0xA691, 32, 0xA693, 0xA693, 32,
            0xA695, 0xA695, 32, 0xA697, 0xA697, 32, 0xA699, 0xA699, 32, 0xA69B, 0xA69B, 32,
            0xA723, 0xA723, 32, 0xA725, 0xA725, 32, 0xA727, 0xA727, 32, 0xA729, 0xA729, 32,
            0xA72B, 0xA72B, 32, 0xA72D, 0xA72D, 32, 0xA72F, 0xA731, 32, 0xA733, 0xA733, 32,
            0xA735, 0xA735, 32, 0xA737, 0xA737, 32, 0xA739, 0xA739, 32, 0xA73B, 0xA73B, 32,
            0xA73D, 0xA73D, 32, 0xA73F, 0xA73F, 32, 0xA741, 0xA741, 32, 0xA743, 0xA743, 32,
            0xA745, 0xA745, 32, 0xA747, 0xA747, 32, 0xA749, 0xA749, 32, 0xA74B, 0xA74B, 32,
            0xA74D, 0xA74D, 32, 0xA74F, 0xA74F, 32, 0xA751, 0xA751, 32, 0xA753, 0xA753, 32,
            0xA755, 0xA755, 32, 0xA757, 0xA757, 32, 0xA759, 0xA759, 32, 0xA75B, 0xA75B, 32,
            0xA75D, 0xA75D, 32, 0xA75F, 0xA75F, 32, 0xA761, 0xA761, 32, 0xA763, 0xA763, 32,
            0xA765, 0xA765, 32, 0xA767, 0xA767, 32, 0xA769, 0xA769, 32, 0xA76B, 0xA76B, 32,
            0xA76D, 0xA76D, 32, 0xA76F, 0xA76F, 32, 0xA771, 0xA778, 32, 0xA77A, 0xA77A, 32,
            0xA77C, 0xA77C, 32, 0xA77F, 0xA77F, 32, 0xA781, 0xA781, 32, 0xA783, 0xA783, 32,
            0xA785, 0xA785, 32, 0xA787, 0xA787, 32, 0xA78C, 0xA78C, 32, 0xA78E, 0xA78E, 32,
            0xA791, 0xA791, 32, 0xA793, 0xA795, 32, 0xA797, 0xA797, 32, 0xA799, 0xA799, 32,
            0xA79B, 0xA79B, 32, 0xA79D, 0xA79D, 32, 0xA79F, 0xA79F, 32, 0xA7A1, 0xA7A1, 32,
            0xA7A3, 0xA7A3, 32, 0xA7A5, 0xA7A5, 32, 0xA7A7, 0xA7A7, 32, 0xA7A9, 0xA7A9, 32,
            0xA7AF, 0xA7AF, 32, 0xA7B5, 0xA7B5, 32, 0xA7B7, 0xA7B7, 32, 0xA7B9, 0xA7B9, 32,
            0xA7BB, 0xA7BB, 32, 0xA7BD, 0xA7BD, 32, 0xA7BF, 0xA7BF, 32, 0xA7C1, 0xA7C1, 32,
            0xA7C3, 0xA7C3, 32, 0xA7C8, 0xA7C8, 32, 0xA7CA, 0xA7CA, 32, 0xA7CD, 0xA7CD, 32,
            0xA7CF, 0xA7CF, 32, 0xA7D1, 0xA7D1, 32, 0xA7D3, 0xA7D3, 32, 0xA7D5, 0xA7D5, 32,
            0xA7D7, 0xA7D7, 32, 0xA7D9, 0xA7D9, 32, 0xA7DB, 0xA7DB, 32, 0xA7F6, 0xA7F6, 32,
            0xA7FA, 0xA7FA, 32, 0xAB30, 0xAB5A, 32, 0xAB60, 0xAB68, 32, 0xAB70, 0xABBF, 32,
            0xFB00, 0xFB06, 32, 0xFB13, 0xFB17, 32, 0xFF41, 0xFF5A, 32, 0x10428, 0x1044F, 32,
            0x104D8, 0x104FB, 32, 0x10597, 0x105A1, 32, 0x105A3, 0x105B1, 32, 0x105B3, 0x105B9, 32,
            0x105BB, 0x105BC, 32, 0x10CC0, 0x10CF2, 32, 0x10D70, 0x10D85, 32, 0x118C0, 0x118DF, 32,
            0x16E60, 0x16E7F, 32, 0x16EBB, 0x16ED3, 32, 0x1D41A, 0x1D433, 32, 0x1D44E, 0x1D454, 32,
            0x1D456, 0x1D467, 32, 0x1D482, 0x1D49B, 32, 0x1D4B6, 0x1D4B9, 32, 0x1D4BB, 0x1D4BB, 32,
            0x1D4BD, 0x1D4C3, 32, 0x1D4C5, 0x1D4CF, 32, 0x1D4EA, 0x1D503, 32, 0x1D51E, 0x1D537, 32,
            0x1D552, 0x1D56B, 32, 0x1D586, 0x1D59F, 32, 0x1D5BA, 0x1D5D3, 32, 0x1D5EE, 0x1D607, 32,
            0x1D622, 0x1D63B, 32, 0x1D656, 0x1D66F, 32, 0x1D68A, 0x1D6A5, 32, 0x1D6C2, 0x1D6DA, 32,
            0x1D6DC, 0x1D6E1, 32, 0x1D6FC, 0x1D714, 32, 0x1D716, 0x1D71B, 32, 0x1D736, 0x1D74E, 32,
            0x1D750, 0x1D755, 32, 0x1D770, 0x1D788, 32, 0x1D78A, 0x1D78F, 32, 0x1D7AA, 0x1D7C2, 32,
            0x1D7C4, 0x1D7C9, 32, 0x1D7CB, 0x1D7CB, 32, 0x1DF00, 0x1DF09, 32, 0x1DF0B, 0x1DF1E, 32,
            0x1DF25, 0x1DF2A, 32, 0x1E922, 0x1E943, 32, 0x1C5, 0x1C5, 32, 0x1C8, 0x1C8, 32,
            0x1CB, 0x1CB, 32, 0x1F2, 0x1F2, 32, 0x1F88, 0x1F8F, 32, 0x1F98, 0x1F9F, 32,
            0x1FA8, 0x1FAF, 32, 0x1FBC, 0x1FBC, 32, 0x1FCC, 0x1FCC, 32, 0x1FFC, 0x1FFC, 32,
            0x300, 0x36F, 33, 0x483, 0x487, 33, 0x591, 0x5BD, 33, 0x5BF, 0x5BF, 33,
            0x5C1, 0x5C2, 33, 0x5C4, 0x5C5, 33, 0x5C7, 0x5C7, 33, 0x610, 0x61A, 33,
            0x64B, 0x65F, 33, 0x670, 0x670, 33, 0x6D6, 0x6DC, 33, 0x6DF, 0x6E4, 33,
            0x6E7, 0x6E8, 33, 0x6EA, 0x6ED, 33, 0x711, 0x711, 33, 0x730, 0x74A, 33,
            0x7A6, 0x7B0, 33, 0x7EB, 0x7F3, 33, 0x7FD, 0x7FD, 33, 0x816, 0x819, 33,
            0x81B, 0x823, 33, 0x825, 0x827, 33, 0x829, 0x82D, 33, 0x859, 0x85B, 33,
            0x897, 0x89F, 33, 0x8CA, 0x8E1, 33, 0x8E3, 0x902, 33, 0x93A, 0x93A, 33,
            0x93C, 0x93C, 33, 0x941, 0x948, 33, 0x94D, 0x94D, 33, 0x951, 0x957, 33,
            0x962, 0x963, 33, 0x981, 0x981, 33, 0x9BC, 0x9BC, 33, 0x9C1, 0x9C4, 33,
            0x9CD, 0x9CD, 33, 0x9E2, 0x9E3, 33, 0x9FE, 0x9FE, 33, 0xA01, 0xA02, 33,
            0xA3C, 0xA3C, 33, 0xA41, 0xA42, 33, 0xA47, 0xA48, 33, 0xA4B, 0xA4D, 33,
            0xA51, 0xA51, 33, 0xA70, 0xA71, 33, 0xA75, 0xA75, 33, 0xA81, 0xA82, 33,
            0xABC, 0xABC, 33, 0xAC1, 0xAC5, 33, 0xAC7, 0xAC8, 33, 0xACD, 0xACD, 33,
            0xAE2, 0xAE3, 33, 0xAFA, 0xAFF, 33, 0xB01, 0xB01, 33, 0xB3C, 0xB3C, 33,
            0xB3F, 0xB3F, 33, 0xB41, 0xB44, 33, 0xB4D, 0xB4D, 33, 0xB55, 0xB56, 33,
            0xB62, 0xB63, 33, 0xB82, 0xB82, 33, 0xBC0, 0xBC0, 33, 0xBCD, 0xBCD, 33,
            0xC00, 0xC00, 33, 0xC04, 0xC04, 33, 0xC3C, 0xC3C, 33, 0xC3E, 0xC40, 33,
            0xC46, 0xC48, 33, 0xC4A, 0xC4D, 33, 0xC55, 0xC56, 33, 0xC62, 0xC63, 33,
            0xC81, 0xC81, 33, 0xCBC, 0xCBC, 33, 0xCBF, 0xCBF, 33, 0xCC6, 0xCC6, 33,
            0xCCC, 0xCCD, 33, 0xCE2, 0xCE3, 33, 0xD00, 0xD01, 33, 0xD3B, 0xD3C, 33,
            0xD41, 0xD44, 33, 0xD4D, 0xD4D, 33, 0xD62, 0xD63, 33, 0xD81, 0xD81, 33,
            0xDCA, 0xDCA, 33, 0xDD2, 0xDD4, 33, 0xDD6, 0xDD6, 33, 0xE31, 0xE31, 33,
            0xE34, 0xE3A, 33, 0xE47, 0xE4E, 33, 0xEB1, 0xEB1, 33, 0xEB4, 0xEBC, 33,
            0xEC8, 0xECE, 33, 0xF18, 0xF19, 33, 0xF35, 0xF35, 33, 0xF37, 0xF37, 33,
            0xF39, 0xF39, 33, 0xF71, 0xF7E, 33, 0xF80, 0xF84, 33, 0xF86, 0xF87, 33,
            0xF8D, 0xF97, 33, 0xF99, 0xFBC, 33, 0xFC6, 0xFC6, 33, 0x102D, 0x1030, 33,
            0x1032, 0x1037, 33, 0x1039, 0x103A, 33, 0x103D, 0x103E, 33, 0x1058, 0x1059, 33,
            0x105E, 0x1060, 33, 0x1071, 0x1074, 33, 0x1082, 0x1082, 33, 0x1085, 0x1086, 33,
            0x108D, 0x108D, 33, 0x109D, 0x109D, 33, 0x135D, 0x135F, 33, 0x1712, 0x1714, 33,
            0x1732, 0x1733, 33, 0x1752, 0x1753, 33, 0x1772, 0x1773, 33, 0x17B4, 0x17B5, 33,
            0x17B7, 0x17BD, 33, 0x17C6, 0x17C6, 33, 0x17C9, 0x17D3, 33, 0x17DD, 0x17DD, 33,
            0x180B, 0x180D, 33, 0x180F, 0x180F, 33, 0x1885, 0x1886, 33, 0x18A9, 0x18A9, 33,
            0x1920, 0x1922, 33, 0x1927, 0x1928, 33, 0x1932, 0x1932, 33, 0x1939, 0x193B, 33,
            0x1A17, 0x1A18, 33, 0x1A1B, 0x1A1B, 33, 0x1A56, 0x1A56, 33, 0x1A58, 0x1A5E, 33,
            0x1A60, 0x1A60, 33, 0x1A62, 0x1A62, 33, 0x1A65, 0x1A6C, 33, 0x1A73, 0x1A7C, 33,
            0x1A7F, 0x1A7F, 33, 0x1AB0, 0x1ABD, 33, 0x1ABF, 0x1ADD, 33, 0x1AE0, 0x1AEB, 33,
            0x1B00, 0x1B03, 33, 0x1B34, 0x1B34, 33, 0x1B36, 0x1B3A, 33, 0x1B3C, 0x1B3C, 33,
            0x1B42, 0x1B42, 33, 0x1B6B, 0x1B73, 33, 0x1B80, 0x1B81, 33, 0x1BA2, 0x1BA5, 33,
            0x1BA8, 0x1BA9, 33, 0x1BAB, 0x1BAD, 33, 0x1BE6, 0x1BE6, 33, 0x1BE8, 0x1BE9, 33,
            0x1BED, 0x1BED, 33, 0x1BEF, 0x1BF1, 33, 0x1C2C, 0x1C33, 33, 0x1C36, 0x1C37, 33,
            0x1CD0, 0x1CD2, 33, 0x1CD4, 0x1CE0, 33, 0x1CE2, 0x1CE8, 33, 0x1CED, 0x1CED, 33,
            0x1CF4, 0x1CF4, 33, 0x1CF8, 0x1CF9, 33, 0x1DC0, 0x1DFF, 33, 0x20D0, 0x20DC, 33,
            0x20E1, 0x20E1, 33, 0x20E5, 0x20F0, 33, 0x2CEF, 0x2CF1, 33, 0x2D7F, 0x2D7F, 33,
            0x2DE0, 0x2DFF, 33, 0x302A, 0x302D, 33, 0x3099, 0x309A, 33, 0xA66F, 0xA66F, 33,
            0xA674, 0xA67D, 33, 0xA69E, 0xA69F, 33, 0xA6F0, 0xA6F1, 33, 0xA802, 0xA802, 33,
            0xA806, 0xA806, 33, 0xA80B, 0xA80B, 33, 0xA825, 0xA826, 33, 0xA82C, 0xA82C, 33,
            0xA8C4, 0xA8C5, 33, 0xA8E0, 0xA8F1, 33, 0xA8FF, 0xA8FF, 33, 0xA926, 0xA92D, 33,
            0xA947, 0xA951, 33, 0xA980, 0xA982, 33, 0xA9B3, 0xA9B3, 33, 0xA9B6, 0xA9B9, 33,
            0xA9BC, 0xA9BD, 33, 0xA9E5, 0xA9E5, 33, 0xAA29, 0xAA2E, 33, 0xAA31, 0xAA32, 33,
            0xAA35, 0xAA36, 33, 0xAA43, 0xAA43, 33, 0xAA4C, 0xAA4C, 33, 0xAA7C, 0xAA7C, 33,
            0xAAB0, 0xAAB0, 33, 0xAAB2, 0xAAB4, 33, 0xAAB7, 0xAAB8, 33, 0xAABE, 0xAABF, 33,
            0xAAC1, 0xAAC1, 33, 0xAAEC, 0xAAED, 33, 0xAAF6, 0xAAF6, 33, 0xABE5, 0xABE5, 33,
            0xABE8, 0xABE8, 33, 0xABED, 0xABED, 33, 0xFB1E, 0xFB1E, 33, 0xFE00, 0xFE0F, 33,
            0xFE20, 0xFE2F, 33, 0x101FD, 0x101FD, 33, 0x102E0, 0x102E0, 33, 0x10376, 0x1037A, 33,
            0x10A01, 0x10A03, 33, 0x10A05, 0x10A06, 33, 0x10A0C, 0x10A0F, 33, 0x10A38, 0x10A3A, 33,
        };
    }

    private static int[] rangeChunk21() {
        return new int[] {
            0x10A3F, 0x10A3F, 33, 0x10AE5, 0x10AE6, 33, 0x10D24, 0x10D27, 33, 0x10D69, 0x10D6D, 33,
            0x10EAB, 0x10EAC, 33, 0x10EFA, 0x10EFF, 33, 0x10F46, 0x10F50, 33, 0x10F82, 0x10F85, 33,
            0x11001, 0x11001, 33, 0x11038, 0x11046, 33, 0x11070, 0x11070, 33, 0x11073, 0x11074, 33,
            0x1107F, 0x11081, 33, 0x110B3, 0x110B6, 33, 0x110B9, 0x110BA, 33, 0x110C2, 0x110C2, 33,
            0x11100, 0x11102, 33, 0x11127, 0x1112B, 33, 0x1112D, 0x11134, 33, 0x11173, 0x11173, 33,
            0x11180, 0x11181, 33, 0x111B6, 0x111BE, 33, 0x111C9, 0x111CC, 33, 0x111CF, 0x111CF, 33,
            0x1122F, 0x11231, 33, 0x11234, 0x11234, 33, 0x11236, 0x11237, 33, 0x1123E, 0x1123E, 33,
            0x11241, 0x11241, 33, 0x112DF, 0x112DF, 33, 0x112E3, 0x112EA, 33, 0x11300, 0x11301, 33,
            0x1133B, 0x1133C, 33, 0x11340, 0x11340, 33, 0x11366, 0x1136C, 33, 0x11370, 0x11374, 33,
            0x113BB, 0x113C0, 33, 0x113CE, 0x113CE, 33, 0x113D0, 0x113D0, 33, 0x113D2, 0x113D2, 33,
            0x113E1, 0x113E2, 33, 0x11438, 0x1143F, 33, 0x11442, 0x11444, 33, 0x11446, 0x11446, 33,
            0x1145E, 0x1145E, 33, 0x114B3, 0x114B8, 33, 0x114BA, 0x114BA, 33, 0x114BF, 0x114C0, 33,
            0x114C2, 0x114C3, 33, 0x115B2, 0x115B5, 33, 0x115BC, 0x115BD, 33, 0x115BF, 0x115C0, 33,
            0x115DC, 0x115DD, 33, 0x11633, 0x1163A, 33, 0x1163D, 0x1163D, 33, 0x1163F, 0x11640, 33,
            0x116AB, 0x116AB, 33, 0x116AD, 0x116AD, 33, 0x116B0, 0x116B5, 33, 0x116B7, 0x116B7, 33,
            0x1171D, 0x1171D, 33, 0x1171F, 0x1171F, 33, 0x11722, 0x11725, 33, 0x11727, 0x1172B, 33,
            0x1182F, 0x11837, 33, 0x11839, 0x1183A, 33, 0x1193B, 0x1193C, 33, 0x1193E, 0x1193E, 33,
            0x11943, 0x11943, 33, 0x119D4, 0x119D7, 33, 0x119DA, 0x119DB, 33, 0x119E0, 0x119E0, 33,
            0x11A01, 0x11A0A, 33, 0x11A33, 0x11A38, 33, 0x11A3B, 0x11A3E, 33, 0x11A47, 0x11A47, 33,
            0x11A51, 0x11A56, 33, 0x11A59, 0x11A5B, 33, 0x11A8A, 0x11A96, 33, 0x11A98, 0x11A99, 33,
            0x11B60, 0x11B60, 33, 0x11B62, 0x11B64, 33, 0x11B66, 0x11B66, 33, 0x11C30, 0x11C36, 33,
            0x11C38, 0x11C3D, 33, 0x11C3F, 0x11C3F, 33, 0x11C92, 0x11CA7, 33, 0x11CAA, 0x11CB0, 33,
            0x11CB2, 0x11CB3, 33, 0x11CB5, 0x11CB6, 33, 0x11D31, 0x11D36, 33, 0x11D3A, 0x11D3A, 33,
            0x11D3C, 0x11D3D, 33, 0x11D3F, 0x11D45, 33, 0x11D47, 0x11D47, 33, 0x11D90, 0x11D91, 33,
            0x11D95, 0x11D95, 33, 0x11D97, 0x11D97, 33, 0x11EF3, 0x11EF4, 33, 0x11F00, 0x11F01, 33,
            0x11F36, 0x11F3A, 33, 0x11F40, 0x11F40, 33, 0x11F42, 0x11F42, 33, 0x11F5A, 0x11F5A, 33,
            0x13440, 0x13440, 33, 0x13447, 0x13455, 33, 0x1611E, 0x16129, 33, 0x1612D, 0x1612F, 33,
            0x16AF0, 0x16AF4, 33, 0x16B30, 0x16B36, 33, 0x16F4F, 0x16F4F, 33, 0x16F8F, 0x16F92, 33,
            0x16FE4, 0x16FE4, 33, 0x1BC9D, 0x1BC9E, 33, 0x1CF00, 0x1CF2D, 33, 0x1CF30, 0x1CF46, 33,
            0x1D167, 0x1D169, 33, 0x1D17B, 0x1D182, 33, 0x1D185, 0x1D18B, 33, 0x1D1AA, 0x1D1AD, 33,
            0x1D242, 0x1D244, 33, 0x1DA00, 0x1DA36, 33, 0x1DA3B, 0x1DA6C, 33, 0x1DA75, 0x1DA75, 33,
            0x1DA84, 0x1DA84, 33, 0x1DA9B, 0x1DA9F, 33, 0x1DAA1, 0x1DAAF, 33, 0x1E000, 0x1E006, 33,
            0x1E008, 0x1E018, 33, 0x1E01B, 0x1E021, 33, 0x1E023, 0x1E024, 33, 0x1E026, 0x1E02A, 33,
            0x1E08F, 0x1E08F, 33, 0x1E130, 0x1E136, 33, 0x1E2AE, 0x1E2AE, 33, 0x1E2EC, 0x1E2EF, 33,
            0x1E4EC, 0x1E4EF, 33, 0x1E5EE, 0x1E5EF, 33, 0x1E6E3, 0x1E6E3, 33, 0x1E6E6, 0x1E6E6, 33,
            0x1E6EE, 0x1E6EF, 33, 0x1E6F5, 0x1E6F5, 33, 0x1E8D0, 0x1E8D6, 33, 0x1E944, 0x1E94A, 33,
            0xE0100, 0xE01EF, 33, 0x488, 0x489, 33, 0x1ABE, 0x1ABE, 33, 0x20DD, 0x20E0, 33,
            0x20E2, 0x20E4, 33, 0xA670, 0xA672, 33, 0x903, 0x903, 33, 0x93B, 0x93B, 33,
            0x93E, 0x940, 33, 0x949, 0x94C, 33, 0x94E, 0x94F, 33, 0x982, 0x983, 33,
            0x9BE, 0x9C0, 33, 0x9C7, 0x9C8, 33, 0x9CB, 0x9CC, 33, 0x9D7, 0x9D7, 33,
            0xA03, 0xA03, 33, 0xA3E, 0xA40, 33, 0xA83, 0xA83, 33, 0xABE, 0xAC0, 33,
            0xAC9, 0xAC9, 33, 0xACB, 0xACC, 33, 0xB02, 0xB03, 33, 0xB3E, 0xB3E, 33,
            0xB40, 0xB40, 33, 0xB47, 0xB48, 33, 0xB4B, 0xB4C, 33, 0xB57, 0xB57, 33,
            0xBBE, 0xBBF, 33, 0xBC1, 0xBC2, 33, 0xBC6, 0xBC8, 33, 0xBCA, 0xBCC, 33,
            0xBD7, 0xBD7, 33, 0xC01, 0xC03, 33, 0xC41, 0xC44, 33, 0xC82, 0xC83, 33,
            0xCBE, 0xCBE, 33, 0xCC0, 0xCC4, 33, 0xCC7, 0xCC8, 33, 0xCCA, 0xCCB, 33,
            0xCD5, 0xCD6, 33, 0xCF3, 0xCF3, 33, 0xD02, 0xD03, 33, 0xD3E, 0xD40, 33,
            0xD46, 0xD48, 33, 0xD4A, 0xD4C, 33, 0xD57, 0xD57, 33, 0xD82, 0xD83, 33,
            0xDCF, 0xDD1, 33, 0xDD8, 0xDDF, 33, 0xDF2, 0xDF3, 33, 0xF3E, 0xF3F, 33,
            0xF7F, 0xF7F, 33, 0x102B, 0x102C, 33, 0x1031, 0x1031, 33, 0x1038, 0x1038, 33,
            0x103B, 0x103C, 33, 0x1056, 0x1057, 33, 0x1062, 0x1064, 33, 0x1067, 0x106D, 33,
            0x1083, 0x1084, 33, 0x1087, 0x108C, 33, 0x108F, 0x108F, 33, 0x109A, 0x109C, 33,
            0x1715, 0x1715, 33, 0x1734, 0x1734, 33, 0x17B6, 0x17B6, 33, 0x17BE, 0x17C5, 33,
            0x17C7, 0x17C8, 33, 0x1923, 0x1926, 33, 0x1929, 0x192B, 33, 0x1930, 0x1931, 33,
            0x1933, 0x1938, 33, 0x1A19, 0x1A1A, 33, 0x1A55, 0x1A55, 33, 0x1A57, 0x1A57, 33,
            0x1A61, 0x1A61, 33, 0x1A63, 0x1A64, 33, 0x1A6D, 0x1A72, 33, 0x1B04, 0x1B04, 33,
            0x1B35, 0x1B35, 33, 0x1B3B, 0x1B3B, 33, 0x1B3D, 0x1B41, 33, 0x1B43, 0x1B44, 33,
            0x1B82, 0x1B82, 33, 0x1BA1, 0x1BA1, 33, 0x1BA6, 0x1BA7, 33, 0x1BAA, 0x1BAA, 33,
            0x1BE7, 0x1BE7, 33, 0x1BEA, 0x1BEC, 33, 0x1BEE, 0x1BEE, 33, 0x1BF2, 0x1BF3, 33,
            0x1C24, 0x1C2B, 33, 0x1C34, 0x1C35, 33, 0x1CE1, 0x1CE1, 33, 0x1CF7, 0x1CF7, 33,
            0x302E, 0x302F, 33, 0xA823, 0xA824, 33, 0xA827, 0xA827, 33, 0xA880, 0xA881, 33,
            0xA8B4, 0xA8C3, 33, 0xA952, 0xA953, 33, 0xA983, 0xA983, 33, 0xA9B4, 0xA9B5, 33,
            0xA9BA, 0xA9BB, 33, 0xA9BE, 0xA9C0, 33, 0xAA2F, 0xAA30, 33, 0xAA33, 0xAA34, 33,
            0xAA4D, 0xAA4D, 33, 0xAA7B, 0xAA7B, 33, 0xAA7D, 0xAA7D, 33, 0xAAEB, 0xAAEB, 33,
            0xAAEE, 0xAAEF, 33, 0xAAF5, 0xAAF5, 33, 0xABE3, 0xABE4, 33, 0xABE6, 0xABE7, 33,
            0xABE9, 0xABEA, 33, 0xABEC, 0xABEC, 33, 0x11000, 0x11000, 33, 0x11002, 0x11002, 33,
            0x11082, 0x11082, 33, 0x110B0, 0x110B2, 33, 0x110B7, 0x110B8, 33, 0x1112C, 0x1112C, 33,
            0x11145, 0x11146, 33, 0x11182, 0x11182, 33, 0x111B3, 0x111B5, 33, 0x111BF, 0x111C0, 33,
            0x111CE, 0x111CE, 33, 0x1122C, 0x1122E, 33, 0x11232, 0x11233, 33, 0x11235, 0x11235, 33,
            0x112E0, 0x112E2, 33, 0x11302, 0x11303, 33, 0x1133E, 0x1133F, 33, 0x11341, 0x11344, 33,
            0x11347, 0x11348, 33, 0x1134B, 0x1134D, 33, 0x11357, 0x11357, 33, 0x11362, 0x11363, 33,
            0x113B8, 0x113BA, 33, 0x113C2, 0x113C2, 33, 0x113C5, 0x113C5, 33, 0x113C7, 0x113CA, 33,
            0x113CC, 0x113CD, 33, 0x113CF, 0x113CF, 33, 0x11435, 0x11437, 33, 0x11440, 0x11441, 33,
            0x11445, 0x11445, 33, 0x114B0, 0x114B2, 33, 0x114B9, 0x114B9, 33, 0x114BB, 0x114BE, 33,
            0x114C1, 0x114C1, 33, 0x115AF, 0x115B1, 33, 0x115B8, 0x115BB, 33, 0x115BE, 0x115BE, 33,
            0x11630, 0x11632, 33, 0x1163B, 0x1163C, 33, 0x1163E, 0x1163E, 33, 0x116AC, 0x116AC, 33,
            0x116AE, 0x116AF, 33, 0x116B6, 0x116B6, 33, 0x1171E, 0x1171E, 33, 0x11720, 0x11721, 33,
            0x11726, 0x11726, 33, 0x1182C, 0x1182E, 33, 0x11838, 0x11838, 33, 0x11930, 0x11935, 33,
            0x11937, 0x11938, 33, 0x1193D, 0x1193D, 33, 0x11940, 0x11940, 33, 0x11942, 0x11942, 33,
            0x119D1, 0x119D3, 33, 0x119DC, 0x119DF, 33, 0x119E4, 0x119E4, 33, 0x11A39, 0x11A39, 33,
            0x11A57, 0x11A58, 33, 0x11A97, 0x11A97, 33, 0x11B61, 0x11B61, 33, 0x11B65, 0x11B65, 33,
            0x11B67, 0x11B67, 33, 0x11C2F, 0x11C2F, 33, 0x11C3E, 0x11C3E, 33, 0x11CA9, 0x11CA9, 33,
            0x11CB1, 0x11CB1, 33, 0x11CB4, 0x11CB4, 33, 0x11D8A, 0x11D8E, 33, 0x11D93, 0x11D94, 33,
            0x11D96, 0x11D96, 33, 0x11EF5, 0x11EF6, 33, 0x11F03, 0x11F03, 33, 0x11F34, 0x11F35, 33,
            0x11F3E, 0x11F3F, 33, 0x11F41, 0x11F41, 33, 0x1612A, 0x1612C, 33, 0x16F51, 0x16F87, 33,
            0x16FF0, 0x16FF1, 33, 0x1D165, 0x1D166, 33, 0x1D16D, 0x1D172, 33, 0x30, 0x39, 34,
            0x660, 0x669, 34, 0x6F0, 0x6F9, 34, 0x7C0, 0x7C9, 34, 0x966, 0x96F, 34,
            0x9E6, 0x9EF, 34, 0xA66, 0xA6F, 34, 0xAE6, 0xAEF, 34, 0xB66, 0xB6F, 34,
            0xBE6, 0xBEF, 34, 0xC66, 0xC6F, 34, 0xCE6, 0xCEF, 34, 0xD66, 0xD6F, 34,
            0xDE6, 0xDEF, 34, 0xE50, 0xE59, 34, 0xED0, 0xED9, 34, 0xF20, 0xF29, 34,
            0x1040, 0x1049, 34, 0x1090, 0x1099, 34, 0x17E0, 0x17E9, 34, 0x1810, 0x1819, 34,
            0x1946, 0x194F, 34, 0x19D0, 0x19D9, 34, 0x1A80, 0x1A89, 34, 0x1A90, 0x1A99, 34,
            0x1B50, 0x1B59, 34, 0x1BB0, 0x1BB9, 34, 0x1C40, 0x1C49, 34, 0x1C50, 0x1C59, 34,
            0xA620, 0xA629, 34, 0xA8D0, 0xA8D9, 34, 0xA900, 0xA909, 34, 0xA9D0, 0xA9D9, 34,
            0xA9F0, 0xA9F9, 34, 0xAA50, 0xAA59, 34, 0xABF0, 0xABF9, 34, 0xFF10, 0xFF19, 34,
            0x104A0, 0x104A9, 34, 0x10D30, 0x10D39, 34, 0x10D40, 0x10D49, 34, 0x11066, 0x1106F, 34,
            0x110F0, 0x110F9, 34, 0x11136, 0x1113F, 34, 0x111D0, 0x111D9, 34, 0x112F0, 0x112F9, 34,
            0x11450, 0x11459, 34, 0x114D0, 0x114D9, 34, 0x11650, 0x11659, 34, 0x116C0, 0x116C9, 34,
            0x116D0, 0x116E3, 34, 0x11730, 0x11739, 34, 0x118E0, 0x118E9, 34, 0x11950, 0x11959, 34,
            0x11BF0, 0x11BF9, 34, 0x11C50, 0x11C59, 34, 0x11D50, 0x11D59, 34, 0x11DA0, 0x11DA9, 34,
        };
    }

    private static int[] rangeChunk22() {
        return new int[] {
            0x11DE0, 0x11DE9, 34, 0x11F50, 0x11F59, 34, 0x16130, 0x16139, 34, 0x16A60, 0x16A69, 34,
            0x16AC0, 0x16AC9, 34, 0x16B50, 0x16B59, 34, 0x16D70, 0x16D79, 34, 0x1CCF0, 0x1CCF9, 34,
            0x1D7CE, 0x1D7FF, 34, 0x1E140, 0x1E149, 34, 0x1E2F0, 0x1E2F9, 34, 0x1E4F0, 0x1E4F9, 34,
            0x1E5F1, 0x1E5FA, 34, 0x1E950, 0x1E959, 34, 0x1FBF0, 0x1FBF9, 34, 0x16EE, 0x16F0, 34,
            0x2160, 0x2182, 34, 0x2185, 0x2188, 34, 0x3007, 0x3007, 34, 0x3021, 0x3029, 34,
            0x3038, 0x303A, 34, 0xA6E6, 0xA6EF, 34, 0x10140, 0x10174, 34, 0x10341, 0x10341, 34,
            0x1034A, 0x1034A, 34, 0x103D1, 0x103D5, 34, 0x12400, 0x1246E, 34, 0x16FF4, 0x16FF6, 34,
            0xB2, 0xB3, 34, 0xB9, 0xB9, 34, 0xBC, 0xBE, 34, 0x9F4, 0x9F9, 34,
            0xB72, 0xB77, 34, 0xBF0, 0xBF2, 34, 0xC78, 0xC7E, 34, 0xD58, 0xD5E, 34,
            0xD70, 0xD78, 34, 0xF2A, 0xF33, 34, 0x1369, 0x137C, 34, 0x17F0, 0x17F9, 34,
            0x19DA, 0x19DA, 34, 0x2070, 0x2070, 34, 0x2074, 0x2079, 34, 0x2080, 0x2089, 34,
            0x2150, 0x215F, 34, 0x2189, 0x2189, 34, 0x2460, 0x249B, 34, 0x24EA, 0x24FF, 34,
            0x2776, 0x2793, 34, 0x2CFD, 0x2CFD, 34, 0x3192, 0x3195, 34, 0x3220, 0x3229, 34,
            0x3248, 0x324F, 34, 0x3251, 0x325F, 34, 0x3280, 0x3289, 34, 0x32B1, 0x32BF, 34,
            0xA830, 0xA835, 34, 0x10107, 0x10133, 34, 0x10175, 0x10178, 34, 0x1018A, 0x1018B, 34,
            0x102E1, 0x102FB, 34, 0x10320, 0x10323, 34, 0x10858, 0x1085F, 34, 0x10879, 0x1087F, 34,
            0x108A7, 0x108AF, 34, 0x108FB, 0x108FF, 34, 0x10916, 0x1091B, 34, 0x109BC, 0x109BD, 34,
            0x109C0, 0x109CF, 34, 0x109D2, 0x109FF, 34, 0x10A40, 0x10A48, 34, 0x10A7D, 0x10A7E, 34,
            0x10A9D, 0x10A9F, 34, 0x10AEB, 0x10AEF, 34, 0x10B58, 0x10B5F, 34, 0x10B78, 0x10B7F, 34,
            0x10BA9, 0x10BAF, 34, 0x10CFA, 0x10CFF, 34, 0x10E60, 0x10E7E, 34, 0x10F1D, 0x10F26, 34,
            0x10F51, 0x10F54, 34, 0x10FC5, 0x10FCB, 34, 0x11052, 0x11065, 34, 0x111E1, 0x111F4, 34,
            0x1173A, 0x1173B, 34, 0x118EA, 0x118F2, 34, 0x11C5A, 0x11C6C, 34, 0x11FC0, 0x11FD4, 34,
            0x16B5B, 0x16B61, 34, 0x16E80, 0x16E96, 34, 0x1D2C0, 0x1D2D3, 34, 0x1D2E0, 0x1D2F3, 34,
            0x1D360, 0x1D378, 34, 0x1E8C7, 0x1E8CF, 34, 0x1EC71, 0x1ECAB, 34, 0x1ECAD, 0x1ECAF, 34,
            0x1ECB1, 0x1ECB4, 34, 0x1ED01, 0x1ED2D, 34, 0x1ED2F, 0x1ED3D, 34, 0x1F100, 0x1F10C, 34,
            0x2D, 0x2D, 35, 0x58A, 0x58A, 35, 0x5BE, 0x5BE, 35, 0x1400, 0x1400, 35,
            0x1806, 0x1806, 35, 0x2010, 0x2015, 35, 0x2E17, 0x2E17, 35, 0x2E1A, 0x2E1A, 35,
            0x2E3A, 0x2E3B, 35, 0x2E40, 0x2E40, 35, 0x2E5D, 0x2E5D, 35, 0x301C, 0x301C, 35,
            0x3030, 0x3030, 35, 0x30A0, 0x30A0, 35, 0xFE31, 0xFE32, 35, 0xFE58, 0xFE58, 35,
            0xFE63, 0xFE63, 35, 0xFF0D, 0xFF0D, 35, 0x10D6E, 0x10D6E, 35, 0x10EAD, 0x10EAD, 35,
            0x28, 0x28, 35, 0x5B, 0x5B, 35, 0x7B, 0x7B, 35, 0xF3A, 0xF3A, 35,
            0xF3C, 0xF3C, 35, 0x169B, 0x169B, 35, 0x201A, 0x201A, 35, 0x201E, 0x201E, 35,
            0x2045, 0x2045, 35, 0x207D, 0x207D, 35, 0x208D, 0x208D, 35, 0x2308, 0x2308, 35,
            0x230A, 0x230A, 35, 0x2329, 0x2329, 35, 0x2768, 0x2768, 35, 0x276A, 0x276A, 35,
            0x276C, 0x276C, 35, 0x276E, 0x276E, 35, 0x2770, 0x2770, 35, 0x2772, 0x2772, 35,
            0x2774, 0x2774, 35, 0x27C5, 0x27C5, 35, 0x27E6, 0x27E6, 35, 0x27E8, 0x27E8, 35,
            0x27EA, 0x27EA, 35, 0x27EC, 0x27EC, 35, 0x27EE, 0x27EE, 35, 0x2983, 0x2983, 35,
            0x2985, 0x2985, 35, 0x2987, 0x2987, 35, 0x2989, 0x2989, 35, 0x298B, 0x298B, 35,
            0x298D, 0x298D, 35, 0x298F, 0x298F, 35, 0x2991, 0x2991, 35, 0x2993, 0x2993, 35,
            0x2995, 0x2995, 35, 0x2997, 0x2997, 35, 0x29D8, 0x29D8, 35, 0x29DA, 0x29DA, 35,
            0x29FC, 0x29FC, 35, 0x2E22, 0x2E22, 35, 0x2E24, 0x2E24, 35, 0x2E26, 0x2E26, 35,
            0x2E28, 0x2E28, 35, 0x2E42, 0x2E42, 35, 0x2E55, 0x2E55, 35, 0x2E57, 0x2E57, 35,
            0x2E59, 0x2E59, 35, 0x2E5B, 0x2E5B, 35, 0x3008, 0x3008, 35, 0x300A, 0x300A, 35,
            0x300C, 0x300C, 35, 0x300E, 0x300E, 35, 0x3010, 0x3010, 35, 0x3014, 0x3014, 35,
            0x3016, 0x3016, 35, 0x3018, 0x3018, 35, 0x301A, 0x301A, 35, 0x301D, 0x301D, 35,
            0xFD3F, 0xFD3F, 35, 0xFE17, 0xFE17, 35, 0xFE35, 0xFE35, 35, 0xFE37, 0xFE37, 35,
            0xFE39, 0xFE39, 35, 0xFE3B, 0xFE3B, 35, 0xFE3D, 0xFE3D, 35, 0xFE3F, 0xFE3F, 35,
            0xFE41, 0xFE41, 35, 0xFE43, 0xFE43, 35, 0xFE47, 0xFE47, 35, 0xFE59, 0xFE59, 35,
            0xFE5B, 0xFE5B, 35, 0xFE5D, 0xFE5D, 35, 0xFF08, 0xFF08, 35, 0xFF3B, 0xFF3B, 35,
            0xFF5B, 0xFF5B, 35, 0xFF5F, 0xFF5F, 35, 0xFF62, 0xFF62, 35, 0x29, 0x29, 35,
            0x5D, 0x5D, 35, 0x7D, 0x7D, 35, 0xF3B, 0xF3B, 35, 0xF3D, 0xF3D, 35,
            0x169C, 0x169C, 35, 0x2046, 0x2046, 35, 0x207E, 0x207E, 35, 0x208E, 0x208E, 35,
            0x2309, 0x2309, 35, 0x230B, 0x230B, 35, 0x232A, 0x232A, 35, 0x2769, 0x2769, 35,
            0x276B, 0x276B, 35, 0x276D, 0x276D, 35, 0x276F, 0x276F, 35, 0x2771, 0x2771, 35,
            0x2773, 0x2773, 35, 0x2775, 0x2775, 35, 0x27C6, 0x27C6, 35, 0x27E7, 0x27E7, 35,
            0x27E9, 0x27E9, 35, 0x27EB, 0x27EB, 35, 0x27ED, 0x27ED, 35, 0x27EF, 0x27EF, 35,
            0x2984, 0x2984, 35, 0x2986, 0x2986, 35, 0x2988, 0x2988, 35, 0x298A, 0x298A, 35,
            0x298C, 0x298C, 35, 0x298E, 0x298E, 35, 0x2990, 0x2990, 35, 0x2992, 0x2992, 35,
            0x2994, 0x2994, 35, 0x2996, 0x2996, 35, 0x2998, 0x2998, 35, 0x29D9, 0x29D9, 35,
            0x29DB, 0x29DB, 35, 0x29FD, 0x29FD, 35, 0x2E23, 0x2E23, 35, 0x2E25, 0x2E25, 35,
            0x2E27, 0x2E27, 35, 0x2E29, 0x2E29, 35, 0x2E56, 0x2E56, 35, 0x2E58, 0x2E58, 35,
            0x2E5A, 0x2E5A, 35, 0x2E5C, 0x2E5C, 35, 0x3009, 0x3009, 35, 0x300B, 0x300B, 35,
            0x300D, 0x300D, 35, 0x300F, 0x300F, 35, 0x3011, 0x3011, 35, 0x3015, 0x3015, 35,
            0x3017, 0x3017, 35, 0x3019, 0x3019, 35, 0x301B, 0x301B, 35, 0x301E, 0x301F, 35,
            0xFD3E, 0xFD3E, 35, 0xFE18, 0xFE18, 35, 0xFE36, 0xFE36, 35, 0xFE38, 0xFE38, 35,
            0xFE3A, 0xFE3A, 35, 0xFE3C, 0xFE3C, 35, 0xFE3E, 0xFE3E, 35, 0xFE40, 0xFE40, 35,
            0xFE42, 0xFE42, 35, 0xFE44, 0xFE44, 35, 0xFE48, 0xFE48, 35, 0xFE5A, 0xFE5A, 35,
            0xFE5C, 0xFE5C, 35, 0xFE5E, 0xFE5E, 35, 0xFF09, 0xFF09, 35, 0xFF3D, 0xFF3D, 35,
            0xFF5D, 0xFF5D, 35, 0xFF60, 0xFF60, 35, 0xFF63, 0xFF63, 35, 0x5F, 0x5F, 35,
            0x203F, 0x2040, 35, 0x2054, 0x2054, 35, 0xFE33, 0xFE34, 35, 0xFE4D, 0xFE4F, 35,
            0xFF3F, 0xFF3F, 35, 0x21, 0x23, 35, 0x25, 0x27, 35, 0x2A, 0x2A, 35,
            0x2C, 0x2C, 35, 0x2E, 0x2F, 35, 0x3A, 0x3B, 35, 0x3F, 0x40, 35,
            0x5C, 0x5C, 35, 0xA1, 0xA1, 35, 0xA7, 0xA7, 35, 0xB6, 0xB7, 35,
            0xBF, 0xBF, 35, 0x37E, 0x37E, 35, 0x387, 0x387, 35, 0x55A, 0x55F, 35,
            0x589, 0x589, 35, 0x5C0, 0x5C0, 35, 0x5C3, 0x5C3, 35, 0x5C6, 0x5C6, 35,
            0x5F3, 0x5F4, 35, 0x609, 0x60A, 35, 0x60C, 0x60D, 35, 0x61B, 0x61B, 35,
            0x61D, 0x61F, 35, 0x66A, 0x66D, 35, 0x6D4, 0x6D4, 35, 0x700, 0x70D, 35,
            0x7F7, 0x7F9, 35, 0x830, 0x83E, 35, 0x85E, 0x85E, 35, 0x964, 0x965, 35,
            0x970, 0x970, 35, 0x9FD, 0x9FD, 35, 0xA76, 0xA76, 35, 0xAF0, 0xAF0, 35,
            0xC77, 0xC77, 35, 0xC84, 0xC84, 35, 0xDF4, 0xDF4, 35, 0xE4F, 0xE4F, 35,
            0xE5A, 0xE5B, 35, 0xF04, 0xF12, 35, 0xF14, 0xF14, 35, 0xF85, 0xF85, 35,
            0xFD0, 0xFD4, 35, 0xFD9, 0xFDA, 35, 0x104A, 0x104F, 35, 0x10FB, 0x10FB, 35,
            0x1360, 0x1368, 35, 0x166E, 0x166E, 35, 0x16EB, 0x16ED, 35, 0x1735, 0x1736, 35,
            0x17D4, 0x17D6, 35, 0x17D8, 0x17DA, 35, 0x1800, 0x1805, 35, 0x1807, 0x180A, 35,
            0x1944, 0x1945, 35, 0x1A1E, 0x1A1F, 35, 0x1AA0, 0x1AA6, 35, 0x1AA8, 0x1AAD, 35,
            0x1B4E, 0x1B4F, 35, 0x1B5A, 0x1B60, 35, 0x1B7D, 0x1B7F, 35, 0x1BFC, 0x1BFF, 35,
            0x1C3B, 0x1C3F, 35, 0x1C7E, 0x1C7F, 35, 0x1CC0, 0x1CC7, 35, 0x1CD3, 0x1CD3, 35,
            0x2016, 0x2017, 35, 0x2020, 0x2027, 35, 0x2030, 0x2038, 35, 0x203B, 0x203E, 35,
            0x2041, 0x2043, 35, 0x2047, 0x2051, 35, 0x2053, 0x2053, 35, 0x2055, 0x205E, 35,
            0x2CF9, 0x2CFC, 35, 0x2CFE, 0x2CFF, 35, 0x2D70, 0x2D70, 35, 0x2E00, 0x2E01, 35,
            0x2E06, 0x2E08, 35, 0x2E0B, 0x2E0B, 35, 0x2E0E, 0x2E16, 35, 0x2E18, 0x2E19, 35,
            0x2E1B, 0x2E1B, 35, 0x2E1E, 0x2E1F, 35, 0x2E2A, 0x2E2E, 35, 0x2E30, 0x2E39, 35,
            0x2E3C, 0x2E3F, 35, 0x2E41, 0x2E41, 35, 0x2E43, 0x2E4F, 35, 0x2E52, 0x2E54, 35,
            0x3001, 0x3003, 35, 0x303D, 0x303D, 35, 0x30FB, 0x30FB, 35, 0xA4FE, 0xA4FF, 35,
            0xA60D, 0xA60F, 35, 0xA673, 0xA673, 35, 0xA67E, 0xA67E, 35, 0xA6F2, 0xA6F7, 35,
            0xA874, 0xA877, 35, 0xA8CE, 0xA8CF, 35, 0xA8F8, 0xA8FA, 35, 0xA8FC, 0xA8FC, 35,
            0xA92E, 0xA92F, 35, 0xA95F, 0xA95F, 35, 0xA9C1, 0xA9CD, 35, 0xA9DE, 0xA9DF, 35,
            0xAA5C, 0xAA5F, 35, 0xAADE, 0xAADF, 35, 0xAAF0, 0xAAF1, 35, 0xABEB, 0xABEB, 35,
            0xFE10, 0xFE16, 35, 0xFE19, 0xFE19, 35, 0xFE30, 0xFE30, 35, 0xFE45, 0xFE46, 35,
            0xFE49, 0xFE4C, 35, 0xFE50, 0xFE52, 35, 0xFE54, 0xFE57, 35, 0xFE5F, 0xFE61, 35,
        };
    }

    private static int[] rangeChunk23() {
        return new int[] {
            0xFE68, 0xFE68, 35, 0xFE6A, 0xFE6B, 35, 0xFF01, 0xFF03, 35, 0xFF05, 0xFF07, 35,
            0xFF0A, 0xFF0A, 35, 0xFF0C, 0xFF0C, 35, 0xFF0E, 0xFF0F, 35, 0xFF1A, 0xFF1B, 35,
            0xFF1F, 0xFF20, 35, 0xFF3C, 0xFF3C, 35, 0xFF61, 0xFF61, 35, 0xFF64, 0xFF65, 35,
            0x10100, 0x10102, 35, 0x1039F, 0x1039F, 35, 0x103D0, 0x103D0, 35, 0x1056F, 0x1056F, 35,
            0x10857, 0x10857, 35, 0x1091F, 0x1091F, 35, 0x1093F, 0x1093F, 35, 0x10A50, 0x10A58, 35,
            0x10A7F, 0x10A7F, 35, 0x10AF0, 0x10AF6, 35, 0x10B39, 0x10B3F, 35, 0x10B99, 0x10B9C, 35,
            0x10ED0, 0x10ED0, 35, 0x10F55, 0x10F59, 35, 0x10F86, 0x10F89, 35, 0x11047, 0x1104D, 35,
            0x110BB, 0x110BC, 35, 0x110BE, 0x110C1, 35, 0x11140, 0x11143, 35, 0x11174, 0x11175, 35,
            0x111C5, 0x111C8, 35, 0x111CD, 0x111CD, 35, 0x111DB, 0x111DB, 35, 0x111DD, 0x111DF, 35,
            0x11238, 0x1123D, 35, 0x112A9, 0x112A9, 35, 0x113D4, 0x113D5, 35, 0x113D7, 0x113D8, 35,
            0x1144B, 0x1144F, 35, 0x1145A, 0x1145B, 35, 0x1145D, 0x1145D, 35, 0x114C6, 0x114C6, 35,
            0x115C1, 0x115D7, 35, 0x11641, 0x11643, 35, 0x11660, 0x1166C, 35, 0x116B9, 0x116B9, 35,
            0x1173C, 0x1173E, 35, 0x1183B, 0x1183B, 35, 0x11944, 0x11946, 35, 0x119E2, 0x119E2, 35,
            0x11A3F, 0x11A46, 35, 0x11A9A, 0x11A9C, 35, 0x11A9E, 0x11AA2, 35, 0x11B00, 0x11B09, 35,
            0x11BE1, 0x11BE1, 35, 0x11C41, 0x11C45, 35, 0x11C70, 0x11C71, 35, 0x11EF7, 0x11EF8, 35,
            0x11F43, 0x11F4F, 35, 0x11FFF, 0x11FFF, 35, 0x12470, 0x12474, 35, 0x12FF1, 0x12FF2, 35,
            0x16A6E, 0x16A6F, 35, 0x16AF5, 0x16AF5, 35, 0x16B37, 0x16B3B, 35, 0x16B44, 0x16B44, 35,
            0x16D6D, 0x16D6F, 35, 0x16E97, 0x16E9A, 35, 0x16FE2, 0x16FE2, 35, 0x1BC9F, 0x1BC9F, 35,
            0x1DA87, 0x1DA8B, 35, 0x1E5FF, 0x1E5FF, 35, 0x1E95E, 0x1E95F, 35, 0xAB, 0xAB, 35,
            0x2018, 0x2018, 35, 0x201B, 0x201C, 35, 0x201F, 0x201F, 35, 0x2039, 0x2039, 35,
            0x2E02, 0x2E02, 35, 0x2E04, 0x2E04, 35, 0x2E09, 0x2E09, 35, 0x2E0C, 0x2E0C, 35,
            0x2E1C, 0x2E1C, 35, 0x2E20, 0x2E20, 35, 0xBB, 0xBB, 35, 0x2019, 0x2019, 35,
            0x201D, 0x201D, 35, 0x203A, 0x203A, 35, 0x2E03, 0x2E03, 35, 0x2E05, 0x2E05, 35,
            0x2E0A, 0x2E0A, 35, 0x2E0D, 0x2E0D, 35, 0x2E1D, 0x2E1D, 35, 0x2E21, 0x2E21, 35,
            0x2B, 0x2B, 36, 0x3C, 0x3E, 36, 0x7C, 0x7C, 36, 0x7E, 0x7E, 36,
            0xAC, 0xAC, 36, 0xB1, 0xB1, 36, 0xD7, 0xD7, 36, 0xF7, 0xF7, 36,
            0x3F6, 0x3F6, 36, 0x606, 0x608, 36, 0x2044, 0x2044, 36, 0x2052, 0x2052, 36,
            0x207A, 0x207C, 36, 0x208A, 0x208C, 36, 0x2118, 0x2118, 36, 0x2140, 0x2144, 36,
            0x214B, 0x214B, 36, 0x2190, 0x2194, 36, 0x219A, 0x219B, 36, 0x21A0, 0x21A0, 36,
            0x21A3, 0x21A3, 36, 0x21A6, 0x21A6, 36, 0x21AE, 0x21AE, 36, 0x21CE, 0x21CF, 36,
            0x21D2, 0x21D2, 36, 0x21D4, 0x21D4, 36, 0x21F4, 0x22FF, 36, 0x2320, 0x2321, 36,
            0x237C, 0x237C, 36, 0x239B, 0x23B3, 36, 0x23DC, 0x23E1, 36, 0x25B7, 0x25B7, 36,
            0x25C1, 0x25C1, 36, 0x25F8, 0x25FF, 36, 0x266F, 0x266F, 36, 0x27C0, 0x27C4, 36,
            0x27C7, 0x27E5, 36, 0x27F0, 0x27FF, 36, 0x2900, 0x2982, 36, 0x2999, 0x29D7, 36,
            0x29DC, 0x29FB, 36, 0x29FE, 0x2AFF, 36, 0x2B30, 0x2B44, 36, 0x2B47, 0x2B4C, 36,
            0xFB29, 0xFB29, 36, 0xFE62, 0xFE62, 36, 0xFE64, 0xFE66, 36, 0xFF0B, 0xFF0B, 36,
            0xFF1C, 0xFF1E, 36, 0xFF5C, 0xFF5C, 36, 0xFF5E, 0xFF5E, 36, 0xFFE2, 0xFFE2, 36,
            0xFFE9, 0xFFEC, 36, 0x10D8E, 0x10D8F, 36, 0x1CEF0, 0x1CEF0, 36, 0x1D6C1, 0x1D6C1, 36,
            0x1D6DB, 0x1D6DB, 36, 0x1D6FB, 0x1D6FB, 36, 0x1D715, 0x1D715, 36, 0x1D735, 0x1D735, 36,
            0x1D74F, 0x1D74F, 36, 0x1D76F, 0x1D76F, 36, 0x1D789, 0x1D789, 36, 0x1D7A9, 0x1D7A9, 36,
            0x1D7C3, 0x1D7C3, 36, 0x1EEF0, 0x1EEF1, 36, 0x1F8D0, 0x1F8D8, 36, 0x24, 0x24, 36,
            0xA2, 0xA5, 36, 0x58F, 0x58F, 36, 0x60B, 0x60B, 36, 0x7FE, 0x7FF, 36,
            0x9F2, 0x9F3, 36, 0x9FB, 0x9FB, 36, 0xAF1, 0xAF1, 36, 0xBF9, 0xBF9, 36,
            0xE3F, 0xE3F, 36, 0x17DB, 0x17DB, 36, 0x20A0, 0x20C1, 36, 0xA838, 0xA838, 36,
            0xFDFC, 0xFDFC, 36, 0xFE69, 0xFE69, 36, 0xFF04, 0xFF04, 36, 0xFFE0, 0xFFE1, 36,
            0xFFE5, 0xFFE6, 36, 0x11FDD, 0x11FE0, 36, 0x1E2FF, 0x1E2FF, 36, 0x1ECB0, 0x1ECB0, 36,
            0x5E, 0x5E, 36, 0x60, 0x60, 36, 0xA8, 0xA8, 36, 0xAF, 0xAF, 36,
            0xB4, 0xB4, 36, 0xB8, 0xB8, 36, 0x2C2, 0x2C5, 36, 0x2D2, 0x2DF, 36,
            0x2E5, 0x2EB, 36, 0x2ED, 0x2ED, 36, 0x2EF, 0x2FF, 36, 0x375, 0x375, 36,
            0x384, 0x385, 36, 0x888, 0x888, 36, 0x1FBD, 0x1FBD, 36, 0x1FBF, 0x1FC1, 36,
            0x1FCD, 0x1FCF, 36, 0x1FDD, 0x1FDF, 36, 0x1FED, 0x1FEF, 36, 0x1FFD, 0x1FFE, 36,
            0x309B, 0x309C, 36, 0xA700, 0xA716, 36, 0xA720, 0xA721, 36, 0xA789, 0xA78A, 36,
            0xAB5B, 0xAB5B, 36, 0xAB6A, 0xAB6B, 36, 0xFBB2, 0xFBC2, 36, 0xFF3E, 0xFF3E, 36,
            0xFF40, 0xFF40, 36, 0xFFE3, 0xFFE3, 36, 0x1F3FB, 0x1F3FF, 36, 0xA6, 0xA6, 36,
            0xA9, 0xA9, 36, 0xAE, 0xAE, 36, 0xB0, 0xB0, 36, 0x482, 0x482, 36,
            0x58D, 0x58E, 36, 0x60E, 0x60F, 36, 0x6DE, 0x6DE, 36, 0x6E9, 0x6E9, 36,
            0x6FD, 0x6FE, 36, 0x7F6, 0x7F6, 36, 0x9FA, 0x9FA, 36, 0xB70, 0xB70, 36,
            0xBF3, 0xBF8, 36, 0xBFA, 0xBFA, 36, 0xC7F, 0xC7F, 36, 0xD4F, 0xD4F, 36,
            0xD79, 0xD79, 36, 0xF01, 0xF03, 36, 0xF13, 0xF13, 36, 0xF15, 0xF17, 36,
            0xF1A, 0xF1F, 36, 0xF34, 0xF34, 36, 0xF36, 0xF36, 36, 0xF38, 0xF38, 36,
            0xFBE, 0xFC5, 36, 0xFC7, 0xFCC, 36, 0xFCE, 0xFCF, 36, 0xFD5, 0xFD8, 36,
            0x109E, 0x109F, 36, 0x1390, 0x1399, 36, 0x166D, 0x166D, 36, 0x1940, 0x1940, 36,
            0x19DE, 0x19FF, 36, 0x1B61, 0x1B6A, 36, 0x1B74, 0x1B7C, 36, 0x2100, 0x2101, 36,
            0x2103, 0x2106, 36, 0x2108, 0x2109, 36, 0x2114, 0x2114, 36, 0x2116, 0x2117, 36,
            0x211E, 0x2123, 36, 0x2125, 0x2125, 36, 0x2127, 0x2127, 36, 0x2129, 0x2129, 36,
            0x212E, 0x212E, 36, 0x213A, 0x213B, 36, 0x214A, 0x214A, 36, 0x214C, 0x214D, 36,
            0x214F, 0x214F, 36, 0x218A, 0x218B, 36, 0x2195, 0x2199, 36, 0x219C, 0x219F, 36,
            0x21A1, 0x21A2, 36, 0x21A4, 0x21A5, 36, 0x21A7, 0x21AD, 36, 0x21AF, 0x21CD, 36,
            0x21D0, 0x21D1, 36, 0x21D3, 0x21D3, 36, 0x21D5, 0x21F3, 36, 0x2300, 0x2307, 36,
            0x230C, 0x231F, 36, 0x2322, 0x2328, 36, 0x232B, 0x237B, 36, 0x237D, 0x239A, 36,
            0x23B4, 0x23DB, 36, 0x23E2, 0x2429, 36, 0x2440, 0x244A, 36, 0x249C, 0x24E9, 36,
            0x2500, 0x25B6, 36, 0x25B8, 0x25C0, 36, 0x25C2, 0x25F7, 36, 0x2600, 0x266E, 36,
            0x2670, 0x2767, 36, 0x2794, 0x27BF, 36, 0x2800, 0x28FF, 36, 0x2B00, 0x2B2F, 36,
            0x2B45, 0x2B46, 36, 0x2B4D, 0x2B73, 36, 0x2B76, 0x2BFF, 36, 0x2CE5, 0x2CEA, 36,
            0x2E50, 0x2E51, 36, 0x2E80, 0x2E99, 36, 0x2E9B, 0x2EF3, 36, 0x2F00, 0x2FD5, 36,
            0x2FF0, 0x2FFF, 36, 0x3004, 0x3004, 36, 0x3012, 0x3013, 36, 0x3020, 0x3020, 36,
            0x3036, 0x3037, 36, 0x303E, 0x303F, 36, 0x3190, 0x3191, 36, 0x3196, 0x319F, 36,
            0x31C0, 0x31E5, 36, 0x31EF, 0x31EF, 36, 0x3200, 0x321E, 36, 0x322A, 0x3247, 36,
            0x3250, 0x3250, 36, 0x3260, 0x327F, 36, 0x328A, 0x32B0, 36, 0x32C0, 0x33FF, 36,
            0x4DC0, 0x4DFF, 36, 0xA490, 0xA4C6, 36, 0xA828, 0xA82B, 36, 0xA836, 0xA837, 36,
            0xA839, 0xA839, 36, 0xAA77, 0xAA79, 36, 0xFBC3, 0xFBD2, 36, 0xFD40, 0xFD4F, 36,
            0xFD90, 0xFD91, 36, 0xFDC8, 0xFDCF, 36, 0xFDFD, 0xFDFF, 36, 0xFFE4, 0xFFE4, 36,
            0xFFE8, 0xFFE8, 36, 0xFFED, 0xFFEE, 36, 0xFFFC, 0xFFFD, 36, 0x10137, 0x1013F, 36,
            0x10179, 0x10189, 36, 0x1018C, 0x1018E, 36, 0x10190, 0x1019C, 36, 0x101A0, 0x101A0, 36,
            0x101D0, 0x101FC, 36, 0x10877, 0x10878, 36, 0x10AC8, 0x10AC8, 36, 0x10ED1, 0x10ED8, 36,
            0x1173F, 0x1173F, 36, 0x11FD5, 0x11FDC, 36, 0x11FE1, 0x11FF1, 36, 0x16B3C, 0x16B3F, 36,
            0x16B45, 0x16B45, 36, 0x1BC9C, 0x1BC9C, 36, 0x1CC00, 0x1CCEF, 36, 0x1CCFA, 0x1CCFC, 36,
            0x1CD00, 0x1CEB3, 36, 0x1CEBA, 0x1CED0, 36, 0x1CEE0, 0x1CEEF, 36, 0x1CF50, 0x1CFC3, 36,
            0x1D000, 0x1D0F5, 36, 0x1D100, 0x1D126, 36, 0x1D129, 0x1D164, 36, 0x1D16A, 0x1D16C, 36,
            0x1D183, 0x1D184, 36, 0x1D18C, 0x1D1A9, 36, 0x1D1AE, 0x1D1EA, 36, 0x1D200, 0x1D241, 36,
            0x1D245, 0x1D245, 36, 0x1D300, 0x1D356, 36, 0x1D800, 0x1D9FF, 36, 0x1DA37, 0x1DA3A, 36,
            0x1DA6D, 0x1DA74, 36, 0x1DA76, 0x1DA83, 36, 0x1DA85, 0x1DA86, 36, 0x1E14F, 0x1E14F, 36,
            0x1ECAC, 0x1ECAC, 36, 0x1ED2E, 0x1ED2E, 36, 0x1F000, 0x1F02B, 36, 0x1F030, 0x1F093, 36,
            0x1F0A0, 0x1F0AE, 36, 0x1F0B1, 0x1F0BF, 36, 0x1F0C1, 0x1F0CF, 36, 0x1F0D1, 0x1F0F5, 36,
            0x1F10D, 0x1F1AD, 36, 0x1F1E6, 0x1F202, 36, 0x1F210, 0x1F23B, 36, 0x1F240, 0x1F248, 36,
            0x1F250, 0x1F251, 36, 0x1F260, 0x1F265, 36, 0x1F300, 0x1F3FA, 36, 0x1F400, 0x1F6D8, 36,
            0x1F6DC, 0x1F6EC, 36, 0x1F6F0, 0x1F6FC, 36, 0x1F700, 0x1F7D9, 36, 0x1F7E0, 0x1F7EB, 36,
            0x1F7F0, 0x1F7F0, 36, 0x1F800, 0x1F80B, 36, 0x1F810, 0x1F847, 36, 0x1F850, 0x1F859, 36,
            0x1F860, 0x1F887, 36, 0x1F890, 0x1F8AD, 36, 0x1F8B0, 0x1F8BB, 36, 0x1F8C0, 0x1F8C1, 36,
            0x1F900, 0x1FA57, 36, 0x1FA60, 0x1FA6D, 36, 0x1FA70, 0x1FA7C, 36, 0x1FA80, 0x1FA8A, 36,
        };
    }

    private static int[] rangeChunk24() {
        return new int[] {
            0x1FA8E, 0x1FAC6, 36, 0x1FAC8, 0x1FAC8, 36, 0x1FACD, 0x1FADC, 36, 0x1FADF, 0x1FAEA, 36,
            0x1FAEF, 0x1FAF8, 36, 0x1FB00, 0x1FB92, 36, 0x1FB94, 0x1FBEF, 36, 0x1FBFA, 0x1FBFA, 36,
            0x20, 0x20, 37, 0xA0, 0xA0, 37, 0x1680, 0x1680, 37, 0x2000, 0x200A, 37,
            0x202F, 0x202F, 37, 0x205F, 0x205F, 37, 0x3000, 0x3000, 37, 0x2028, 0x2028, 37,
            0x2029, 0x2029, 37,
        };
    }

    private static final int[][] RANGE_CHUNKS = {
        rangeChunk0(), rangeChunk1(), rangeChunk2(), rangeChunk3(), rangeChunk4(), rangeChunk5(), rangeChunk6(), rangeChunk7(), rangeChunk8(), rangeChunk9(), rangeChunk10(), rangeChunk11(), rangeChunk12(), rangeChunk13(), rangeChunk14(), rangeChunk15(), rangeChunk16(), rangeChunk17(), rangeChunk18(), rangeChunk19(), rangeChunk20(), rangeChunk21(), rangeChunk22(), rangeChunk23(), rangeChunk24()
    };

    private static final String[] ALIASES = {
        "c", "C", "casedletter", "LC", "cc", "Cc", "cf", "Cf",
        "closepunctuation", "Pe", "cn", "Cn", "cntrl", "Cc", "co", "Co",
        "combiningmark", "M", "connectorpunctuation", "Pc", "control", "Cc", "cs", "Cs",
        "currencysymbol", "Sc", "dashpunctuation", "Pd", "decimalnumber", "Nd", "digit", "Nd",
        "enclosingmark", "Me", "finalpunctuation", "Pf", "format", "Cf", "initialpunctuation", "Pi",
        "l", "L", "lc", "LC", "letter", "L", "letternumber", "Nl",
        "lineseparator", "Zl", "ll", "Ll", "lm", "Lm", "lo", "Lo",
        "lowercaseletter", "Ll", "lt", "Lt", "lu", "Lu", "m", "M",
        "mark", "M", "mathsymbol", "Sm", "mc", "Mc", "me", "Me",
        "mn", "Mn", "modifierletter", "Lm", "modifiersymbol", "Sk", "n", "N",
        "nd", "Nd", "nl", "Nl", "no", "No", "nonspacingmark", "Mn",
        "number", "N", "openpunctuation", "Ps", "other", "C", "otherletter", "Lo",
        "othernumber", "No", "otherpunctuation", "Po", "othersymbol", "So", "p", "P",
        "paragraphseparator", "Zp", "pc", "Pc", "pd", "Pd", "pe", "Pe",
        "pf", "Pf", "pi", "Pi", "po", "Po", "privateuse", "Co",
        "ps", "Ps", "punct", "P", "punctuation", "P", "s", "S",
        "sc", "Sc", "separator", "Z", "sk", "Sk", "sm", "Sm",
        "so", "So", "spaceseparator", "Zs", "spacingmark", "Mc", "surrogate", "Cs",
        "symbol", "S", "titlecaseletter", "Lt", "unassigned", "Cn", "uppercaseletter", "Lu",
        "z", "Z", "zl", "Zl", "zp", "Zp", "zs", "Zs",
    };

    private static final UnicodeSet[] SETS = buildSets();
    private static final Map<String, Integer> ALIAS_INDEX = buildAliasIndex();

    static UnicodeSet resolve(String value) {
        Integer index = ALIAS_INDEX.get(normalizeValue(value));
        return index == null ? null : SETS[index];
    }

    private static UnicodeSet[] buildSets() {
        UnicodeSet[] sets = new UnicodeSet[VALUES.length];
        for (int i = 0; i < sets.length; i++) sets[i] = new UnicodeSet();
        for (int[] ranges : RANGE_CHUNKS) {
            for (int i = 0; i < ranges.length; i += 3) {
                sets[ranges[i + 2]].add(ranges[i], ranges[i + 1]);
            }
        }
        for (UnicodeSet set : sets) set.freeze();
        return sets;
    }

    private static Map<String, Integer> buildAliasIndex() {
        Map<String, Integer> valueIndexes = new HashMap<>();
        for (int i = 0; i < VALUES.length; i++) valueIndexes.put(VALUES[i], i);
        Map<String, Integer> indexes = new HashMap<>();
        for (int i = 0; i < ALIASES.length; i += 2) {
            indexes.put(ALIASES[i], valueIndexes.get(ALIASES[i + 1]));
        }
        return Map.copyOf(indexes);
    }

    private static String normalizeValue(String value) {
        String normalized = value.trim();
        if (normalized.startsWith(":\\A") && normalized.endsWith("\\z:")
                && normalized.length() > 6) {
            normalized = normalized.substring(3, normalized.length() - 3);
        }
        StringBuilder loose = new StringBuilder(normalized.length());
        for (int i = 0; i < normalized.length(); i++) {
            char ch = normalized.charAt(i);
            if (!Character.isWhitespace(ch) && ch != '-' && ch != '_') {
                loose.append(Character.toLowerCase(ch));
            }
        }
        return loose.toString();
    }

    private PerlUnicodeGeneralCategoryData() {
    }
}
